2014/09/21 03:22:14 [error] [exception.CHttpException.404] exception 'CHttpException' with message 'El sistema no ha podido encontrar la acción "images" solicitada.' in C:\wamp\www\yii\framework\web\CController.php:483
Stack trace:
#0 C:\wamp\www\yii\framework\web\CController.php(270): CController->missingAction('images')
#1 C:\wamp\www\yii\framework\web\CWebApplication.php(282): CController->run('images')
#2 C:\wamp\www\yii\framework\web\CWebApplication.php(141): CWebApplication->runController('site/images/pro...')
#3 C:\wamp\www\yii\framework\base\CApplication.php(169): CWebApplication->processRequest()
#4 C:\wamp\www\bitbucket_publicidad\index.php(25): CApplication->run()
#5 {main}
REQUEST_URI=/bitbucket_publicidad/index.php/site/images/product/hrbasculas.jpg
HTTP_REFERER=http://localhost/bitbucket_publicidad/index.php/site/index
---
2014/09/21 03:22:14 [error] [exception.CHttpException.404] exception 'CHttpException' with message 'El sistema no ha podido encontrar la acción "images" solicitada.' in C:\wamp\www\yii\framework\web\CController.php:483
Stack trace:
#0 C:\wamp\www\yii\framework\web\CController.php(270): CController->missingAction('images')
#1 C:\wamp\www\yii\framework\web\CWebApplication.php(282): CController->run('images')
#2 C:\wamp\www\yii\framework\web\CWebApplication.php(141): CWebApplication->runController('site/images/pro...')
#3 C:\wamp\www\yii\framework\base\CApplication.php(169): CWebApplication->processRequest()
#4 C:\wamp\www\bitbucket_publicidad\index.php(25): CApplication->run()
#5 {main}
REQUEST_URI=/bitbucket_publicidad/index.php/site/images/product/semillas-ranchito.jpg
HTTP_REFERER=http://localhost/bitbucket_publicidad/index.php/site/index
---
2014/09/21 03:22:14 [error] [exception.CHttpException.404] exception 'CHttpException' with message 'El sistema no ha podido encontrar la acción "images" solicitada.' in C:\wamp\www\yii\framework\web\CController.php:483
Stack trace:
#0 C:\wamp\www\yii\framework\web\CController.php(270): CController->missingAction('images')
#1 C:\wamp\www\yii\framework\web\CWebApplication.php(282): CController->run('images')
#2 C:\wamp\www\yii\framework\web\CWebApplication.php(141): CWebApplication->runController('site/images/pro...')
#3 C:\wamp\www\yii\framework\base\CApplication.php(169): CWebApplication->processRequest()
#4 C:\wamp\www\bitbucket_publicidad\index.php(25): CApplication->run()
#5 {main}
REQUEST_URI=/bitbucket_publicidad/index.php/site/images/product/nino.jpg
HTTP_REFERER=http://localhost/bitbucket_publicidad/index.php/site/index
---
2014/09/21 03:22:15 [error] [exception.CHttpException.404] exception 'CHttpException' with message 'El sistema no ha podido encontrar la acción "images" solicitada.' in C:\wamp\www\yii\framework\web\CController.php:483
Stack trace:
#0 C:\wamp\www\yii\framework\web\CController.php(270): CController->missingAction('images')
#1 C:\wamp\www\yii\framework\web\CWebApplication.php(282): CController->run('images')
#2 C:\wamp\www\yii\framework\web\CWebApplication.php(141): CWebApplication->runController('site/images/pro...')
#3 C:\wamp\www\yii\framework\base\CApplication.php(169): CWebApplication->processRequest()
#4 C:\wamp\www\bitbucket_publicidad\index.php(25): CApplication->run()
#5 {main}
REQUEST_URI=/bitbucket_publicidad/index.php/site/images/product/escobera-los-frailes.jpg
HTTP_REFERER=http://localhost/bitbucket_publicidad/index.php/site/index
---
2014/09/21 03:22:30 [error] [exception.CHttpException.404] exception 'CHttpException' with message 'El sistema no ha podido encontrar la acción "images" solicitada.' in C:\wamp\www\yii\framework\web\CController.php:483
Stack trace:
#0 C:\wamp\www\yii\framework\web\CController.php(270): CController->missingAction('images')
#1 C:\wamp\www\yii\framework\web\CWebApplication.php(282): CController->run('images')
#2 C:\wamp\www\yii\framework\web\CWebApplication.php(141): CWebApplication->runController('site/images/pro...')
#3 C:\wamp\www\yii\framework\base\CApplication.php(169): CWebApplication->processRequest()
#4 C:\wamp\www\bitbucket_publicidad\index.php(25): CApplication->run()
#5 {main}
REQUEST_URI=/bitbucket_publicidad/index.php/site/images/product/hrbasculas.jpg
HTTP_REFERER=http://localhost/bitbucket_publicidad/index.php/site/index
---
2014/09/21 03:22:30 [error] [exception.CHttpException.404] exception 'CHttpException' with message 'El sistema no ha podido encontrar la acción "images" solicitada.' in C:\wamp\www\yii\framework\web\CController.php:483
Stack trace:
#0 C:\wamp\www\yii\framework\web\CController.php(270): CController->missingAction('images')
#1 C:\wamp\www\yii\framework\web\CWebApplication.php(282): CController->run('images')
#2 C:\wamp\www\yii\framework\web\CWebApplication.php(141): CWebApplication->runController('site/images/pro...')
#3 C:\wamp\www\yii\framework\base\CApplication.php(169): CWebApplication->processRequest()
#4 C:\wamp\www\bitbucket_publicidad\index.php(25): CApplication->run()
#5 {main}
REQUEST_URI=/bitbucket_publicidad/index.php/site/images/product/semillas-ranchito.jpg
HTTP_REFERER=http://localhost/bitbucket_publicidad/index.php/site/index
---
2014/09/21 03:22:30 [error] [exception.CHttpException.404] exception 'CHttpException' with message 'El sistema no ha podido encontrar la acción "images" solicitada.' in C:\wamp\www\yii\framework\web\CController.php:483
Stack trace:
#0 C:\wamp\www\yii\framework\web\CController.php(270): CController->missingAction('images')
#1 C:\wamp\www\yii\framework\web\CWebApplication.php(282): CController->run('images')
#2 C:\wamp\www\yii\framework\web\CWebApplication.php(141): CWebApplication->runController('site/images/pro...')
#3 C:\wamp\www\yii\framework\base\CApplication.php(169): CWebApplication->processRequest()
#4 C:\wamp\www\bitbucket_publicidad\index.php(25): CApplication->run()
#5 {main}
REQUEST_URI=/bitbucket_publicidad/index.php/site/images/product/nino.jpg
HTTP_REFERER=http://localhost/bitbucket_publicidad/index.php/site/index
---
2014/09/21 03:22:31 [error] [exception.CHttpException.404] exception 'CHttpException' with message 'El sistema no ha podido encontrar la acción "images" solicitada.' in C:\wamp\www\yii\framework\web\CController.php:483
Stack trace:
#0 C:\wamp\www\yii\framework\web\CController.php(270): CController->missingAction('images')
#1 C:\wamp\www\yii\framework\web\CWebApplication.php(282): CController->run('images')
#2 C:\wamp\www\yii\framework\web\CWebApplication.php(141): CWebApplication->runController('site/images/pro...')
#3 C:\wamp\www\yii\framework\base\CApplication.php(169): CWebApplication->processRequest()
#4 C:\wamp\www\bitbucket_publicidad\index.php(25): CApplication->run()
#5 {main}
REQUEST_URI=/bitbucket_publicidad/index.php/site/images/product/escobera-los-frailes.jpg
HTTP_REFERER=http://localhost/bitbucket_publicidad/index.php/site/index
---
2014/09/21 03:34:55 [error] [exception.CHttpException.404] exception 'CHttpException' with message 'No es posible resolver la solicitud "index"' in C:\wamp\www\yii\framework\web\CWebApplication.php:286
Stack trace:
#0 C:\wamp\www\yii\framework\web\CWebApplication.php(141): CWebApplication->runController('index')
#1 C:\wamp\www\yii\framework\base\CApplication.php(169): CWebApplication->processRequest()
#2 C:\wamp\www\bitbucket_publicidad\index.php(25): CApplication->run()
#3 {main}
REQUEST_URI=/bitbucket_publicidad/index.php/index
HTTP_REFERER=http://localhost/bitbucket_publicidad/index.php
---
2014/09/21 03:35:41 [error] [exception.CHttpException.404] exception 'CHttpException' with message 'No es posible resolver la solicitud "index"' in C:\wamp\www\yii\framework\web\CWebApplication.php:286
Stack trace:
#0 C:\wamp\www\yii\framework\web\CWebApplication.php(141): CWebApplication->runController('index')
#1 C:\wamp\www\yii\framework\base\CApplication.php(169): CWebApplication->processRequest()
#2 C:\wamp\www\bitbucket_publicidad\index.php(25): CApplication->run()
#3 {main}
REQUEST_URI=/bitbucket_publicidad/index.php/index
HTTP_REFERER=http://localhost/bitbucket_publicidad/index.php
---
2014/09/21 03:46:08 [error] [exception.CHttpException.404] exception 'CHttpException' with message 'El sistema no ha podido encontrar la acción "index.php" solicitada.' in C:\wamp\www\yii\framework\web\CController.php:483
Stack trace:
#0 C:\wamp\www\yii\framework\web\CController.php(270): CController->missingAction('index.php')
#1 C:\wamp\www\yii\framework\web\CWebApplication.php(282): CController->run('index.php')
#2 C:\wamp\www\yii\framework\web\CWebApplication.php(141): CWebApplication->runController('site/index.php')
#3 C:\wamp\www\yii\framework\base\CApplication.php(169): CWebApplication->processRequest()
#4 C:\wamp\www\bitbucket_publicidad\index.php(25): CApplication->run()
#5 {main}
REQUEST_URI=/bitbucket_publicidad/index.php/site/index.php?r=site/admin
HTTP_REFERER=http://localhost/bitbucket_publicidad/index.php/site/login
---
2014/09/21 03:47:51 [error] [exception.CHttpException.404] exception 'CHttpException' with message 'El sistema no ha podido encontrar la acción "index.php" solicitada.' in C:\wamp\www\yii\framework\web\CController.php:483
Stack trace:
#0 C:\wamp\www\yii\framework\web\CController.php(270): CController->missingAction('index.php')
#1 C:\wamp\www\yii\framework\web\CWebApplication.php(282): CController->run('index.php')
#2 C:\wamp\www\yii\framework\web\CWebApplication.php(141): CWebApplication->runController('site/index.php/...')
#3 C:\wamp\www\yii\framework\base\CApplication.php(169): CWebApplication->processRequest()
#4 C:\wamp\www\bitbucket_publicidad\index.php(25): CApplication->run()
#5 {main}
REQUEST_URI=/bitbucket_publicidad/index.php/site/index.php/site/admin
HTTP_REFERER=http://localhost/bitbucket_publicidad/index.php/site/login
---
2014/09/21 03:49:58 [error] [exception.CHttpException.404] exception 'CHttpException' with message 'El sistema no ha podido encontrar la acción "index.php" solicitada.' in C:\wamp\www\yii\framework\web\CController.php:483
Stack trace:
#0 C:\wamp\www\yii\framework\web\CController.php(270): CController->missingAction('index.php')
#1 C:\wamp\www\yii\framework\web\CWebApplication.php(282): CController->run('index.php')
#2 C:\wamp\www\yii\framework\web\CWebApplication.php(141): CWebApplication->runController('site/index.php')
#3 C:\wamp\www\yii\framework\base\CApplication.php(169): CWebApplication->processRequest()
#4 C:\wamp\www\bitbucket_publicidad\index.php(25): CApplication->run()
#5 {main}
REQUEST_URI=/bitbucket_publicidad/index.php/site/index.php?r=site/logout
HTTP_REFERER=http://localhost/bitbucket_publicidad/index.php/site/admin
---
2014/09/21 03:51:57 [error] [exception.CHttpException.404] exception 'CHttpException' with message 'El sistema no ha podido encontrar la acción "index.php" solicitada.' in C:\wamp\www\yii\framework\web\CController.php:483
Stack trace:
#0 C:\wamp\www\yii\framework\web\CController.php(270): CController->missingAction('index.php')
#1 C:\wamp\www\yii\framework\web\CWebApplication.php(282): CController->run('index.php')
#2 C:\wamp\www\yii\framework\web\CWebApplication.php(141): CWebApplication->runController('site/index.php')
#3 C:\wamp\www\yii\framework\base\CApplication.php(169): CWebApplication->processRequest()
#4 C:\wamp\www\bitbucket_publicidad\index.php(25): CApplication->run()
#5 {main}
REQUEST_URI=/bitbucket_publicidad/index.php/site/index.php?r=product/admin
HTTP_REFERER=http://localhost/bitbucket_publicidad/index.php/site/admin
---
2014/09/21 03:52:35 [error] [exception.CHttpException.404] exception 'CHttpException' with message 'El sistema no ha podido encontrar la acción "index.php" solicitada.' in C:\wamp\www\yii\framework\web\CController.php:483
Stack trace:
#0 C:\wamp\www\yii\framework\web\CController.php(270): CController->missingAction('index.php')
#1 C:\wamp\www\yii\framework\web\CWebApplication.php(282): CController->run('index.php')
#2 C:\wamp\www\yii\framework\web\CWebApplication.php(141): CWebApplication->runController('site/index.php/...')
#3 C:\wamp\www\yii\framework\base\CApplication.php(169): CWebApplication->processRequest()
#4 C:\wamp\www\bitbucket_publicidad\index.php(25): CApplication->run()
#5 {main}
REQUEST_URI=/bitbucket_publicidad/index.php/site/index.php/product/admin
HTTP_REFERER=http://localhost/bitbucket_publicidad/index.php/site/admin
---
2014/09/21 03:58:34 [error] [exception.CHttpException.404] exception 'CHttpException' with message 'No es posible resolver la solicitud "gallery"' in C:\wamp\www\yii\framework\web\CWebApplication.php:286
Stack trace:
#0 C:\wamp\www\yii\framework\web\CWebApplication.php(141): CWebApplication->runController('gallery')
#1 C:\wamp\www\yii\framework\base\CApplication.php(169): CWebApplication->processRequest()
#2 C:\wamp\www\bitbucket_publicidad\index.php(25): CApplication->run()
#3 {main}
REQUEST_URI=/bitbucket_publicidad/index.php/gallery
HTTP_REFERER=http://localhost/bitbucket_publicidad/index.php/slide/index
---
2014/09/21 04:05:19 [error] [php] include(Url.php): failed to open stream: No such file or directory (C:\wamp\www\yii\framework\YiiBase.php:421)
Stack trace:
#0 C:\wamp\www\bitbucket_publicidad\themes\bootstrap\views\layouts\admin.php(101): spl_autoload_call()
#1 C:\wamp\www\yii\framework\web\CBaseController.php(126): require()
#2 C:\wamp\www\yii\framework\web\CBaseController.php(95): StoreController->renderInternal()
#3 C:\wamp\www\yii\framework\web\CController.php(784): StoreController->renderFile()
#4 C:\wamp\www\bitbucket_publicidad\protected\controllers\StoreController.php(145): StoreController->render()
#5 C:\wamp\www\yii\framework\web\actions\CInlineAction.php(49): StoreController->actionAdmin()
#6 C:\wamp\www\yii\framework\web\CController.php(308): CInlineAction->runWithParams()
#7 C:\wamp\www\yii\framework\web\filters\CFilterChain.php(133): StoreController->runAction()
#8 C:\wamp\www\yii\framework\web\filters\CFilter.php(40): CFilterChain->run()
#9 C:\wamp\www\yii\framework\web\CController.php(1145): CAccessControlFilter->filter()
#10 C:\wamp\www\yii\framework\web\filters\CInlineFilter.php(58): StoreController->filterAccessControl()
#11 C:\wamp\www\yii\framework\web\filters\CFilterChain.php(130): CInlineFilter->filter()
#12 C:\wamp\www\yii\framework\web\CController.php(291): CFilterChain->run()
#13 C:\wamp\www\yii\framework\web\CController.php(265): StoreController->runActionWithFilters()
#14 C:\wamp\www\yii\framework\web\CWebApplication.php(282): StoreController->run()
#15 C:\wamp\www\yii\framework\web\CWebApplication.php(141): CWebApplication->runController()
#16 C:\wamp\www\yii\framework\base\CApplication.php(169): CWebApplication->processRequest()
#17 C:\wamp\www\bitbucket_publicidad\index.php(25): CWebApplication->run()
REQUEST_URI=/bitbucket_publicidad/index.php/store/admin
2014/09/21 06:06:11 [error] [exception.CHttpException.404] exception 'CHttpException' with message 'El sistema no ha podido encontrar la acción "update&id=1" solicitada.' in C:\wamp\www\yii\framework\web\CController.php:483
Stack trace:
#0 C:\wamp\www\yii\framework\web\CController.php(270): CController->missingAction('update&id=1')
#1 C:\wamp\www\yii\framework\web\CWebApplication.php(282): CController->run('update&id=1')
#2 C:\wamp\www\yii\framework\web\CWebApplication.php(141): CWebApplication->runController('cms/update&id=1')
#3 C:\wamp\www\yii\framework\base\CApplication.php(169): CWebApplication->processRequest()
#4 C:\wamp\www\bitbucket_publicidad\index.php(25): CApplication->run()
#5 {main}
REQUEST_URI=/bitbucket_publicidad/index.php/cms/update&id=1
HTTP_REFERER=http://localhost/bitbucket_publicidad/index.php/product/create
---
2014/09/21 06:06:41 [error] [exception.CHttpException.404] exception 'CHttpException' with message 'El sistema no ha podido encontrar la acción "update&id=1" solicitada.' in C:\wamp\www\yii\framework\web\CController.php:483
Stack trace:
#0 C:\wamp\www\yii\framework\web\CController.php(270): CController->missingAction('update&id=1')
#1 C:\wamp\www\yii\framework\web\CWebApplication.php(282): CController->run('update&id=1')
#2 C:\wamp\www\yii\framework\web\CWebApplication.php(141): CWebApplication->runController('cms/update&id=1')
#3 C:\wamp\www\yii\framework\base\CApplication.php(169): CWebApplication->processRequest()
#4 C:\wamp\www\bitbucket_publicidad\index.php(25): CApplication->run()
#5 {main}
REQUEST_URI=/bitbucket_publicidad/index.php/cms/update&id=1
HTTP_REFERER=http://localhost/bitbucket_publicidad/index.php/post/admin
---
2014/09/22 06:04:50 [error] [php] Trying to get property of non-object (C:\wamp\www\bitbucket_publicidad\protected\controllers\ProductController.php:80)
Stack trace:
#0 C:\wamp\www\yii\framework\web\actions\CInlineAction.php(47): CInlineAction->runWithParamsInternal()
#1 C:\wamp\www\yii\framework\web\CController.php(308): CInlineAction->runWithParams()
#2 C:\wamp\www\yii\framework\web\filters\CFilterChain.php(133): ProductController->runAction()
#3 C:\wamp\www\yii\framework\web\filters\CFilter.php(40): CFilterChain->run()
#4 C:\wamp\www\yii\framework\web\CController.php(1145): CAccessControlFilter->filter()
#5 C:\wamp\www\yii\framework\web\filters\CInlineFilter.php(58): ProductController->filterAccessControl()
#6 C:\wamp\www\yii\framework\web\filters\CFilterChain.php(130): CInlineFilter->filter()
#7 C:\wamp\www\yii\framework\web\CController.php(291): CFilterChain->run()
#8 C:\wamp\www\yii\framework\web\CController.php(265): ProductController->runActionWithFilters()
#9 C:\wamp\www\yii\framework\web\CWebApplication.php(282): ProductController->run()
#10 C:\wamp\www\yii\framework\web\CWebApplication.php(141): CWebApplication->runController()
#11 C:\wamp\www\yii\framework\base\CApplication.php(169): CWebApplication->processRequest()
#12 C:\wamp\www\bitbucket_publicidad\index.php(25): CWebApplication->run()
REQUEST_URI=/bitbucket_publicidad/index.php/product/detail/id/escobera
2014/09/22 06:05:45 [error] [php] Trying to get property of non-object (C:\wamp\www\bitbucket_publicidad\protected\controllers\ProductController.php:80)
Stack trace:
#0 C:\wamp\www\yii\framework\web\actions\CInlineAction.php(47): CInlineAction->runWithParamsInternal()
#1 C:\wamp\www\yii\framework\web\CController.php(308): CInlineAction->runWithParams()
#2 C:\wamp\www\yii\framework\web\filters\CFilterChain.php(133): ProductController->runAction()
#3 C:\wamp\www\yii\framework\web\filters\CFilter.php(40): CFilterChain->run()
#4 C:\wamp\www\yii\framework\web\CController.php(1145): CAccessControlFilter->filter()
#5 C:\wamp\www\yii\framework\web\filters\CInlineFilter.php(58): ProductController->filterAccessControl()
#6 C:\wamp\www\yii\framework\web\filters\CFilterChain.php(130): CInlineFilter->filter()
#7 C:\wamp\www\yii\framework\web\CController.php(291): CFilterChain->run()
#8 C:\wamp\www\yii\framework\web\CController.php(265): ProductController->runActionWithFilters()
#9 C:\wamp\www\yii\framework\web\CWebApplication.php(282): ProductController->run()
#10 C:\wamp\www\yii\framework\web\CWebApplication.php(141): CWebApplication->runController()
#11 C:\wamp\www\yii\framework\base\CApplication.php(169): CWebApplication->processRequest()
#12 C:\wamp\www\bitbucket_publicidad\index.php(25): CWebApplication->run()
REQUEST_URI=/bitbucket_publicidad/index.php/product/detail/id/escobera
2014/09/22 06:06:15 [error] [php] Trying to get property of non-object (C:\wamp\www\bitbucket_publicidad\protected\controllers\ProductController.php:80)
Stack trace:
#0 C:\wamp\www\yii\framework\web\actions\CInlineAction.php(47): CInlineAction->runWithParamsInternal()
#1 C:\wamp\www\yii\framework\web\CController.php(308): CInlineAction->runWithParams()
#2 C:\wamp\www\yii\framework\web\filters\CFilterChain.php(133): ProductController->runAction()
#3 C:\wamp\www\yii\framework\web\filters\CFilter.php(40): CFilterChain->run()
#4 C:\wamp\www\yii\framework\web\CController.php(1145): CAccessControlFilter->filter()
#5 C:\wamp\www\yii\framework\web\filters\CInlineFilter.php(58): ProductController->filterAccessControl()
#6 C:\wamp\www\yii\framework\web\filters\CFilterChain.php(130): CInlineFilter->filter()
#7 C:\wamp\www\yii\framework\web\CController.php(291): CFilterChain->run()
#8 C:\wamp\www\yii\framework\web\CController.php(265): ProductController->runActionWithFilters()
#9 C:\wamp\www\yii\framework\web\CWebApplication.php(282): ProductController->run()
#10 C:\wamp\www\yii\framework\web\CWebApplication.php(141): CWebApplication->runController()
#11 C:\wamp\www\yii\framework\base\CApplication.php(169): CWebApplication->processRequest()
#12 C:\wamp\www\bitbucket_publicidad\index.php(25): CWebApplication->run()
REQUEST_URI=/bitbucket_publicidad/index.php/product/detail/id/escobera
2014/09/22 06:06:39 [error] [php] Trying to get property of non-object (C:\wamp\www\bitbucket_publicidad\protected\controllers\ProductController.php:80)
Stack trace:
#0 C:\wamp\www\yii\framework\web\actions\CInlineAction.php(47): CInlineAction->runWithParamsInternal()
#1 C:\wamp\www\yii\framework\web\CController.php(308): CInlineAction->runWithParams()
#2 C:\wamp\www\yii\framework\web\filters\CFilterChain.php(133): ProductController->runAction()
#3 C:\wamp\www\yii\framework\web\filters\CFilter.php(40): CFilterChain->run()
#4 C:\wamp\www\yii\framework\web\CController.php(1145): CAccessControlFilter->filter()
#5 C:\wamp\www\yii\framework\web\filters\CInlineFilter.php(58): ProductController->filterAccessControl()
#6 C:\wamp\www\yii\framework\web\filters\CFilterChain.php(130): CInlineFilter->filter()
#7 C:\wamp\www\yii\framework\web\CController.php(291): CFilterChain->run()
#8 C:\wamp\www\yii\framework\web\CController.php(265): ProductController->runActionWithFilters()
#9 C:\wamp\www\yii\framework\web\CWebApplication.php(282): ProductController->run()
#10 C:\wamp\www\yii\framework\web\CWebApplication.php(141): CWebApplication->runController()
#11 C:\wamp\www\yii\framework\base\CApplication.php(169): CWebApplication->processRequest()
#12 C:\wamp\www\bitbucket_publicidad\index.php(25): CWebApplication->run()
REQUEST_URI=/bitbucket_publicidad/index.php/product/detail/id/escobera
2014/09/22 06:07:00 [error] [php] Trying to get property of non-object (C:\wamp\www\bitbucket_publicidad\protected\controllers\ProductController.php:79)
Stack trace:
#0 C:\wamp\www\yii\framework\web\actions\CInlineAction.php(47): CInlineAction->runWithParamsInternal()
#1 C:\wamp\www\yii\framework\web\CController.php(308): CInlineAction->runWithParams()
#2 C:\wamp\www\yii\framework\web\filters\CFilterChain.php(133): ProductController->runAction()
#3 C:\wamp\www\yii\framework\web\filters\CFilter.php(40): CFilterChain->run()
#4 C:\wamp\www\yii\framework\web\CController.php(1145): CAccessControlFilter->filter()
#5 C:\wamp\www\yii\framework\web\filters\CInlineFilter.php(58): ProductController->filterAccessControl()
#6 C:\wamp\www\yii\framework\web\filters\CFilterChain.php(130): CInlineFilter->filter()
#7 C:\wamp\www\yii\framework\web\CController.php(291): CFilterChain->run()
#8 C:\wamp\www\yii\framework\web\CController.php(265): ProductController->runActionWithFilters()
#9 C:\wamp\www\yii\framework\web\CWebApplication.php(282): ProductController->run()
#10 C:\wamp\www\yii\framework\web\CWebApplication.php(141): CWebApplication->runController()
#11 C:\wamp\www\yii\framework\base\CApplication.php(169): CWebApplication->processRequest()
#12 C:\wamp\www\bitbucket_publicidad\index.php(25): CWebApplication->run()
REQUEST_URI=/bitbucket_publicidad/index.php/product/detail/id/escobera
2014/09/22 06:07:03 [error] [php] Trying to get property of non-object (C:\wamp\www\bitbucket_publicidad\protected\controllers\ProductController.php:79)
Stack trace:
#0 C:\wamp\www\yii\framework\web\actions\CInlineAction.php(47): CInlineAction->runWithParamsInternal()
#1 C:\wamp\www\yii\framework\web\CController.php(308): CInlineAction->runWithParams()
#2 C:\wamp\www\yii\framework\web\filters\CFilterChain.php(133): ProductController->runAction()
#3 C:\wamp\www\yii\framework\web\filters\CFilter.php(40): CFilterChain->run()
#4 C:\wamp\www\yii\framework\web\CController.php(1145): CAccessControlFilter->filter()
#5 C:\wamp\www\yii\framework\web\filters\CInlineFilter.php(58): ProductController->filterAccessControl()
#6 C:\wamp\www\yii\framework\web\filters\CFilterChain.php(130): CInlineFilter->filter()
#7 C:\wamp\www\yii\framework\web\CController.php(291): CFilterChain->run()
#8 C:\wamp\www\yii\framework\web\CController.php(265): ProductController->runActionWithFilters()
#9 C:\wamp\www\yii\framework\web\CWebApplication.php(282): ProductController->run()
#10 C:\wamp\www\yii\framework\web\CWebApplication.php(141): CWebApplication->runController()
#11 C:\wamp\www\yii\framework\base\CApplication.php(169): CWebApplication->processRequest()
#12 C:\wamp\www\bitbucket_publicidad\index.php(25): CWebApplication->run()
REQUEST_URI=/bitbucket_publicidad/index.php/product/detail/id/escobera
2014/09/22 06:07:15 [error] [php] Undefined index: description (C:\wamp\www\bitbucket_publicidad\protected\controllers\ProductController.php:79)
Stack trace:
#0 C:\wamp\www\yii\framework\web\actions\CInlineAction.php(47): CInlineAction->runWithParamsInternal()
#1 C:\wamp\www\yii\framework\web\CController.php(308): CInlineAction->runWithParams()
#2 C:\wamp\www\yii\framework\web\filters\CFilterChain.php(133): ProductController->runAction()
#3 C:\wamp\www\yii\framework\web\filters\CFilter.php(40): CFilterChain->run()
#4 C:\wamp\www\yii\framework\web\CController.php(1145): CAccessControlFilter->filter()
#5 C:\wamp\www\yii\framework\web\filters\CInlineFilter.php(58): ProductController->filterAccessControl()
#6 C:\wamp\www\yii\framework\web\filters\CFilterChain.php(130): CInlineFilter->filter()
#7 C:\wamp\www\yii\framework\web\CController.php(291): CFilterChain->run()
#8 C:\wamp\www\yii\framework\web\CController.php(265): ProductController->runActionWithFilters()
#9 C:\wamp\www\yii\framework\web\CWebApplication.php(282): ProductController->run()
#10 C:\wamp\www\yii\framework\web\CWebApplication.php(141): CWebApplication->runController()
#11 C:\wamp\www\yii\framework\base\CApplication.php(169): CWebApplication->processRequest()
#12 C:\wamp\www\bitbucket_publicidad\index.php(25): CWebApplication->run()
REQUEST_URI=/bitbucket_publicidad/index.php/product/detail/id/escobera
2014/09/22 06:07:20 [error] [php] Undefined index: description (C:\wamp\www\bitbucket_publicidad\protected\controllers\ProductController.php:79)
Stack trace:
#0 C:\wamp\www\yii\framework\web\actions\CInlineAction.php(47): CInlineAction->runWithParamsInternal()
#1 C:\wamp\www\yii\framework\web\CController.php(308): CInlineAction->runWithParams()
#2 C:\wamp\www\yii\framework\web\filters\CFilterChain.php(133): ProductController->runAction()
#3 C:\wamp\www\yii\framework\web\filters\CFilter.php(40): CFilterChain->run()
#4 C:\wamp\www\yii\framework\web\CController.php(1145): CAccessControlFilter->filter()
#5 C:\wamp\www\yii\framework\web\filters\CInlineFilter.php(58): ProductController->filterAccessControl()
#6 C:\wamp\www\yii\framework\web\filters\CFilterChain.php(130): CInlineFilter->filter()
#7 C:\wamp\www\yii\framework\web\CController.php(291): CFilterChain->run()
#8 C:\wamp\www\yii\framework\web\CController.php(265): ProductController->runActionWithFilters()
#9 C:\wamp\www\yii\framework\web\CWebApplication.php(282): ProductController->run()
#10 C:\wamp\www\yii\framework\web\CWebApplication.php(141): CWebApplication->runController()
#11 C:\wamp\www\yii\framework\base\CApplication.php(169): CWebApplication->processRequest()
#12 C:\wamp\www\bitbucket_publicidad\index.php(25): CWebApplication->run()
REQUEST_URI=/bitbucket_publicidad/index.php/product/detail/id/escobera
2014/09/22 06:08:00 [error] [php] Object of class Product could not be converted to string (C:\wamp\www\bitbucket_publicidad\protected\controllers\ProductController.php:82)
Stack trace:
#0 C:\wamp\www\yii\framework\web\actions\CInlineAction.php(47): CInlineAction->runWithParamsInternal()
#1 C:\wamp\www\yii\framework\web\CController.php(308): CInlineAction->runWithParams()
#2 C:\wamp\www\yii\framework\web\filters\CFilterChain.php(133): ProductController->runAction()
#3 C:\wamp\www\yii\framework\web\filters\CFilter.php(40): CFilterChain->run()
#4 C:\wamp\www\yii\framework\web\CController.php(1145): CAccessControlFilter->filter()
#5 C:\wamp\www\yii\framework\web\filters\CInlineFilter.php(58): ProductController->filterAccessControl()
#6 C:\wamp\www\yii\framework\web\filters\CFilterChain.php(130): CInlineFilter->filter()
#7 C:\wamp\www\yii\framework\web\CController.php(291): CFilterChain->run()
#8 C:\wamp\www\yii\framework\web\CController.php(265): ProductController->runActionWithFilters()
#9 C:\wamp\www\yii\framework\web\CWebApplication.php(282): ProductController->run()
#10 C:\wamp\www\yii\framework\web\CWebApplication.php(141): CWebApplication->runController()
#11 C:\wamp\www\yii\framework\base\CApplication.php(169): CWebApplication->processRequest()
#12 C:\wamp\www\bitbucket_publicidad\index.php(25): CWebApplication->run()
REQUEST_URI=/bitbucket_publicidad/index.php/product/detail/id/escobera
2014/09/22 06:33:55 [error] [exception.CHttpException.400] exception 'CHttpException' with message 'Su solicitud es inválida.' in C:\wamp\www\yii\framework\web\CController.php:336
Stack trace:
#0 C:\wamp\www\yii\framework\web\CController.php(309): CController->invalidActionParams(Object(CInlineAction))
#1 C:\wamp\www\yii\framework\web\filters\CFilterChain.php(133): CController->runAction(Object(CInlineAction))
#2 C:\wamp\www\yii\framework\web\filters\CFilter.php(40): CFilterChain->run()
#3 C:\wamp\www\yii\framework\web\CController.php(1145): CFilter->filter(Object(CFilterChain))
#4 C:\wamp\www\yii\framework\web\filters\CInlineFilter.php(58): CController->filterAccessControl(Object(CFilterChain))
#5 C:\wamp\www\yii\framework\web\filters\CFilterChain.php(130): CInlineFilter->filter(Object(CFilterChain))
#6 C:\wamp\www\yii\framework\web\CController.php(291): CFilterChain->run()
#7 C:\wamp\www\yii\framework\web\CController.php(265): CController->runActionWithFilters(Object(CInlineAction), Array)
#8 C:\wamp\www\yii\framework\web\CWebApplication.php(282): CController->run('detail')
#9 C:\wamp\www\yii\framework\web\CWebApplication.php(141): CWebApplication->runController('product/detail/...')
#10 C:\wamp\www\yii\framework\base\CApplication.php(169): CWebApplication->processRequest()
#11 C:\wamp\www\bitbucket_publicidad\index.php(25): CApplication->run()
#12 {main}
REQUEST_URI=/bitbucket_publicidad/index.php/product/detail/code/semillas_el_ranchito
---
2014/09/22 06:34:01 [error] [exception.CHttpException.400] exception 'CHttpException' with message 'Su solicitud es inválida.' in C:\wamp\www\yii\framework\web\CController.php:336
Stack trace:
#0 C:\wamp\www\yii\framework\web\CController.php(309): CController->invalidActionParams(Object(CInlineAction))
#1 C:\wamp\www\yii\framework\web\filters\CFilterChain.php(133): CController->runAction(Object(CInlineAction))
#2 C:\wamp\www\yii\framework\web\filters\CFilter.php(40): CFilterChain->run()
#3 C:\wamp\www\yii\framework\web\CController.php(1145): CFilter->filter(Object(CFilterChain))
#4 C:\wamp\www\yii\framework\web\filters\CInlineFilter.php(58): CController->filterAccessControl(Object(CFilterChain))
#5 C:\wamp\www\yii\framework\web\filters\CFilterChain.php(130): CInlineFilter->filter(Object(CFilterChain))
#6 C:\wamp\www\yii\framework\web\CController.php(291): CFilterChain->run()
#7 C:\wamp\www\yii\framework\web\CController.php(265): CController->runActionWithFilters(Object(CInlineAction), Array)
#8 C:\wamp\www\yii\framework\web\CWebApplication.php(282): CController->run('code')
#9 C:\wamp\www\yii\framework\web\CWebApplication.php(141): CWebApplication->runController('product/code/se...')
#10 C:\wamp\www\yii\framework\base\CApplication.php(169): CWebApplication->processRequest()
#11 C:\wamp\www\bitbucket_publicidad\index.php(25): CApplication->run()
#12 {main}
REQUEST_URI=/bitbucket_publicidad/index.php/product/code/semillas_el_ranchito
---
2014/09/22 06:35:23 [error] [php] Undefined offset: 0 (C:\wamp\www\bitbucket_publicidad\protected\controllers\ProductController.php:89)
Stack trace:
#0 C:\wamp\www\yii\framework\web\actions\CInlineAction.php(47): CInlineAction->runWithParamsInternal()
#1 C:\wamp\www\yii\framework\web\CController.php(308): CInlineAction->runWithParams()
#2 C:\wamp\www\yii\framework\web\filters\CFilterChain.php(133): ProductController->runAction()
#3 C:\wamp\www\yii\framework\web\filters\CFilter.php(40): CFilterChain->run()
#4 C:\wamp\www\yii\framework\web\CController.php(1145): CAccessControlFilter->filter()
#5 C:\wamp\www\yii\framework\web\filters\CInlineFilter.php(58): ProductController->filterAccessControl()
#6 C:\wamp\www\yii\framework\web\filters\CFilterChain.php(130): CInlineFilter->filter()
#7 C:\wamp\www\yii\framework\web\CController.php(291): CFilterChain->run()
#8 C:\wamp\www\yii\framework\web\CController.php(265): ProductController->runActionWithFilters()
#9 C:\wamp\www\yii\framework\web\CWebApplication.php(282): ProductController->run()
#10 C:\wamp\www\yii\framework\web\CWebApplication.php(141): CWebApplication->runController()
#11 C:\wamp\www\yii\framework\base\CApplication.php(169): CWebApplication->processRequest()
#12 C:\wamp\www\bitbucket_publicidad\index.php(25): CWebApplication->run()
REQUEST_URI=/bitbucket_publicidad/index.php/product/info/code/semillas_el_ranchitoss
2014/09/22 06:36:07 [error] [php] Undefined offset: 0 (C:\wamp\www\bitbucket_publicidad\protected\controllers\ProductController.php:95)
Stack trace:
#0 C:\wamp\www\yii\framework\web\actions\CInlineAction.php(47): CInlineAction->runWithParamsInternal()
#1 C:\wamp\www\yii\framework\web\CController.php(308): CInlineAction->runWithParams()
#2 C:\wamp\www\yii\framework\web\filters\CFilterChain.php(133): ProductController->runAction()
#3 C:\wamp\www\yii\framework\web\filters\CFilter.php(40): CFilterChain->run()
#4 C:\wamp\www\yii\framework\web\CController.php(1145): CAccessControlFilter->filter()
#5 C:\wamp\www\yii\framework\web\filters\CInlineFilter.php(58): ProductController->filterAccessControl()
#6 C:\wamp\www\yii\framework\web\filters\CFilterChain.php(130): CInlineFilter->filter()
#7 C:\wamp\www\yii\framework\web\CController.php(291): CFilterChain->run()
#8 C:\wamp\www\yii\framework\web\CController.php(265): ProductController->runActionWithFilters()
#9 C:\wamp\www\yii\framework\web\CWebApplication.php(282): ProductController->run()
#10 C:\wamp\www\yii\framework\web\CWebApplication.php(141): CWebApplication->runController()
#11 C:\wamp\www\yii\framework\base\CApplication.php(169): CWebApplication->processRequest()
#12 C:\wamp\www\bitbucket_publicidad\index.php(25): CWebApplication->run()
REQUEST_URI=/bitbucket_publicidad/index.php/product/info/code/semillas_el_ranchitoss
2014/09/22 06:36:34 [error] [exception.CHttpException.404] exception 'CHttpException' with message 'The requested page does not exist.' in C:\wamp\www\bitbucket_publicidad\protected\controllers\ProductController.php:91
Stack trace:
#0 [internal function]: ProductController->actionInfo('semillas_el_ran...')
#1 C:\wamp\www\yii\framework\web\actions\CAction.php(108): ReflectionMethod->invokeArgs(Object(ProductController), Array)
#2 C:\wamp\www\yii\framework\web\actions\CInlineAction.php(47): CAction->runWithParamsInternal(Object(ProductController), Object(ReflectionMethod), Array)
#3 C:\wamp\www\yii\framework\web\CController.php(308): CInlineAction->runWithParams(Array)
#4 C:\wamp\www\yii\framework\web\filters\CFilterChain.php(133): CController->runAction(Object(CInlineAction))
#5 C:\wamp\www\yii\framework\web\filters\CFilter.php(40): CFilterChain->run()
#6 C:\wamp\www\yii\framework\web\CController.php(1145): CFilter->filter(Object(CFilterChain))
#7 C:\wamp\www\yii\framework\web\filters\CInlineFilter.php(58): CController->filterAccessControl(Object(CFilterChain))
#8 C:\wamp\www\yii\framework\web\filters\CFilterChain.php(130): CInlineFilter->filter(Object(CFilterChain))
#9 C:\wamp\www\yii\framework\web\CController.php(291): CFilterChain->run()
#10 C:\wamp\www\yii\framework\web\CController.php(265): CController->runActionWithFilters(Object(CInlineAction), Array)
#11 C:\wamp\www\yii\framework\web\CWebApplication.php(282): CController->run('info')
#12 C:\wamp\www\yii\framework\web\CWebApplication.php(141): CWebApplication->runController('product/info/co...')
#13 C:\wamp\www\yii\framework\base\CApplication.php(169): CWebApplication->processRequest()
#14 C:\wamp\www\bitbucket_publicidad\index.php(25): CApplication->run()
#15 {main}
REQUEST_URI=/bitbucket_publicidad/index.php/product/info/code/semillas_el_ranchitoss
---
2014/09/22 06:40:05 [error] [php] Undefined variable: code (C:\wamp\www\bitbucket_publicidad\protected\controllers\ProductController.php:70)
Stack trace:
#0 C:\wamp\www\yii\framework\web\actions\CInlineAction.php(47): CInlineAction->runWithParamsInternal()
#1 C:\wamp\www\yii\framework\web\CController.php(308): CInlineAction->runWithParams()
#2 C:\wamp\www\yii\framework\web\filters\CFilterChain.php(133): ProductController->runAction()
#3 C:\wamp\www\yii\framework\web\filters\CFilter.php(40): CFilterChain->run()
#4 C:\wamp\www\yii\framework\web\CController.php(1145): CAccessControlFilter->filter()
#5 C:\wamp\www\yii\framework\web\filters\CInlineFilter.php(58): ProductController->filterAccessControl()
#6 C:\wamp\www\yii\framework\web\filters\CFilterChain.php(130): CInlineFilter->filter()
#7 C:\wamp\www\yii\framework\web\CController.php(291): CFilterChain->run()
#8 C:\wamp\www\yii\framework\web\CController.php(265): ProductController->runActionWithFilters()
#9 C:\wamp\www\yii\framework\web\CWebApplication.php(282): ProductController->run()
#10 C:\wamp\www\yii\framework\web\CWebApplication.php(141): CWebApplication->runController()
#11 C:\wamp\www\yii\framework\base\CApplication.php(169): CWebApplication->processRequest()
#12 C:\wamp\www\bitbucket_publicidad\index.php(25): CWebApplication->run()
REQUEST_URI=/bitbucket_publicidad/index.php/product/detail/id/escobera
2014/09/22 06:40:22 [error] [system.db.CDbCommand] CDbCommand::fetchAll() falló: SQLSTATE[42S22]: Column not found: 1054 Unknown column 'escobera' in 'where clause'. La sentencia SQL ejecutada fue: SELECT * FROM `product` `t` WHERE code = 'escobera' OR id=escobera LIMIT 1.
2014/09/22 06:40:22 [error] [exception.CDbException] exception 'CDbException' with message 'CDbCommand falló al ejecutar la sentencia SQL: SQLSTATE[42S22]: Column not found: 1054 Unknown column 'escobera' in 'where clause'' in C:\wamp\www\yii\framework\db\CDbCommand.php:541
Stack trace:
#0 C:\wamp\www\yii\framework\db\CDbCommand.php(395): CDbCommand->queryInternal('fetchAll', Array, Array)
#1 C:\wamp\www\yii\framework\db\ar\CActiveRecord.php(1297): CDbCommand->queryAll()
#2 C:\wamp\www\yii\framework\db\ar\CActiveRecord.php(1416): CActiveRecord->query(Object(CDbCriteria), true)
#3 C:\wamp\www\bitbucket_publicidad\protected\controllers\ProductController.php(72): CActiveRecord->findAll(Array)
#4 [internal function]: ProductController->actionDetail('escobera')
#5 C:\wamp\www\yii\framework\web\actions\CAction.php(108): ReflectionMethod->invokeArgs(Object(ProductController), Array)
#6 C:\wamp\www\yii\framework\web\actions\CInlineAction.php(47): CAction->runWithParamsInternal(Object(ProductController), Object(ReflectionMethod), Array)
#7 C:\wamp\www\yii\framework\web\CController.php(308): CInlineAction->runWithParams(Array)
#8 C:\wamp\www\yii\framework\web\filters\CFilterChain.php(133): CController->runAction(Object(CInlineAction))
#9 C:\wamp\www\yii\framework\web\filters\CFilter.php(40): CFilterChain->run()
#10 C:\wamp\www\yii\framework\web\CController.php(1145): CFilter->filter(Object(CFilterChain))
#11 C:\wamp\www\yii\framework\web\filters\CInlineFilter.php(58): CController->filterAccessControl(Object(CFilterChain))
#12 C:\wamp\www\yii\framework\web\filters\CFilterChain.php(130): CInlineFilter->filter(Object(CFilterChain))
#13 C:\wamp\www\yii\framework\web\CController.php(291): CFilterChain->run()
#14 C:\wamp\www\yii\framework\web\CController.php(265): CController->runActionWithFilters(Object(CInlineAction), Array)
#15 C:\wamp\www\yii\framework\web\CWebApplication.php(282): CController->run('detail')
#16 C:\wamp\www\yii\framework\web\CWebApplication.php(141): CWebApplication->runController('product/detail/...')
#17 C:\wamp\www\yii\framework\base\CApplication.php(169): CWebApplication->processRequest()
#18 C:\wamp\www\bitbucket_publicidad\index.php(25): CApplication->run()
#19 {main}
REQUEST_URI=/bitbucket_publicidad/index.php/product/detail/id/escobera
HTTP_REFERER=http://localhost/bitbucket_publicidad/index.php
---
2014/09/22 06:41:19 [error] [system.db.CDbCommand] CDbCommand::fetchAll() falló: SQLSTATE[42S22]: Column not found: 1054 Unknown column 'escobera' in 'where clause'. La sentencia SQL ejecutada fue: SELECT * FROM `product` `t` WHERE id = escobera OR code='escobera' LIMIT 1.
2014/09/22 06:41:19 [error] [exception.CDbException] exception 'CDbException' with message 'CDbCommand falló al ejecutar la sentencia SQL: SQLSTATE[42S22]: Column not found: 1054 Unknown column 'escobera' in 'where clause'' in C:\wamp\www\yii\framework\db\CDbCommand.php:541
Stack trace:
#0 C:\wamp\www\yii\framework\db\CDbCommand.php(395): CDbCommand->queryInternal('fetchAll', Array, Array)
#1 C:\wamp\www\yii\framework\db\ar\CActiveRecord.php(1297): CDbCommand->queryAll()
#2 C:\wamp\www\yii\framework\db\ar\CActiveRecord.php(1416): CActiveRecord->query(Object(CDbCriteria), true)
#3 C:\wamp\www\bitbucket_publicidad\protected\controllers\ProductController.php(72): CActiveRecord->findAll(Array)
#4 [internal function]: ProductController->actionDetail('escobera')
#5 C:\wamp\www\yii\framework\web\actions\CAction.php(108): ReflectionMethod->invokeArgs(Object(ProductController), Array)
#6 C:\wamp\www\yii\framework\web\actions\CInlineAction.php(47): CAction->runWithParamsInternal(Object(ProductController), Object(ReflectionMethod), Array)
#7 C:\wamp\www\yii\framework\web\CController.php(308): CInlineAction->runWithParams(Array)
#8 C:\wamp\www\yii\framework\web\filters\CFilterChain.php(133): CController->runAction(Object(CInlineAction))
#9 C:\wamp\www\yii\framework\web\filters\CFilter.php(40): CFilterChain->run()
#10 C:\wamp\www\yii\framework\web\CController.php(1145): CFilter->filter(Object(CFilterChain))
#11 C:\wamp\www\yii\framework\web\filters\CInlineFilter.php(58): CController->filterAccessControl(Object(CFilterChain))
#12 C:\wamp\www\yii\framework\web\filters\CFilterChain.php(130): CInlineFilter->filter(Object(CFilterChain))
#13 C:\wamp\www\yii\framework\web\CController.php(291): CFilterChain->run()
#14 C:\wamp\www\yii\framework\web\CController.php(265): CController->runActionWithFilters(Object(CInlineAction), Array)
#15 C:\wamp\www\yii\framework\web\CWebApplication.php(282): CController->run('detail')
#16 C:\wamp\www\yii\framework\web\CWebApplication.php(141): CWebApplication->runController('product/detail/...')
#17 C:\wamp\www\yii\framework\base\CApplication.php(169): CWebApplication->processRequest()
#18 C:\wamp\www\bitbucket_publicidad\index.php(25): CApplication->run()
#19 {main}
REQUEST_URI=/bitbucket_publicidad/index.php/product/detail/id/escobera
HTTP_REFERER=http://localhost/bitbucket_publicidad/index.php
---
2014/09/22 06:43:34 [error] [php] Trying to get property of non-object (C:\wamp\www\bitbucket_publicidad\protected\controllers\ProductController.php:79)
Stack trace:
#0 C:\wamp\www\yii\framework\web\actions\CInlineAction.php(47): CInlineAction->runWithParamsInternal()
#1 C:\wamp\www\yii\framework\web\CController.php(308): CInlineAction->runWithParams()
#2 C:\wamp\www\yii\framework\web\filters\CFilterChain.php(133): ProductController->runAction()
#3 C:\wamp\www\yii\framework\web\filters\CFilter.php(40): CFilterChain->run()
#4 C:\wamp\www\yii\framework\web\CController.php(1145): CAccessControlFilter->filter()
#5 C:\wamp\www\yii\framework\web\filters\CInlineFilter.php(58): ProductController->filterAccessControl()
#6 C:\wamp\www\yii\framework\web\filters\CFilterChain.php(130): CInlineFilter->filter()
#7 C:\wamp\www\yii\framework\web\CController.php(291): CFilterChain->run()
#8 C:\wamp\www\yii\framework\web\CController.php(265): ProductController->runActionWithFilters()
#9 C:\wamp\www\yii\framework\web\CWebApplication.php(282): ProductController->run()
#10 C:\wamp\www\yii\framework\web\CWebApplication.php(141): CWebApplication->runController()
#11 C:\wamp\www\yii\framework\base\CApplication.php(169): CWebApplication->processRequest()
#12 C:\wamp\www\bitbucket_publicidad\index.php(25): CWebApplication->run()
REQUEST_URI=/bitbucket_publicidad/index.php/product/detail/id/escobera
2014/09/22 06:43:57 [error] [php] Trying to get property of non-object (C:\wamp\www\bitbucket_publicidad\protected\controllers\ProductController.php:79)
Stack trace:
#0 C:\wamp\www\yii\framework\web\actions\CInlineAction.php(47): CInlineAction->runWithParamsInternal()
#1 C:\wamp\www\yii\framework\web\CController.php(308): CInlineAction->runWithParams()
#2 C:\wamp\www\yii\framework\web\filters\CFilterChain.php(133): ProductController->runAction()
#3 C:\wamp\www\yii\framework\web\filters\CFilter.php(40): CFilterChain->run()
#4 C:\wamp\www\yii\framework\web\CController.php(1145): CAccessControlFilter->filter()
#5 C:\wamp\www\yii\framework\web\filters\CInlineFilter.php(58): ProductController->filterAccessControl()
#6 C:\wamp\www\yii\framework\web\filters\CFilterChain.php(130): CInlineFilter->filter()
#7 C:\wamp\www\yii\framework\web\CController.php(291): CFilterChain->run()
#8 C:\wamp\www\yii\framework\web\CController.php(265): ProductController->runActionWithFilters()
#9 C:\wamp\www\yii\framework\web\CWebApplication.php(282): ProductController->run()
#10 C:\wamp\www\yii\framework\web\CWebApplication.php(141): CWebApplication->runController()
#11 C:\wamp\www\yii\framework\base\CApplication.php(169): CWebApplication->processRequest()
#12 C:\wamp\www\bitbucket_publicidad\index.php(25): CWebApplication->run()
REQUEST_URI=/bitbucket_publicidad/index.php/product/detail/id/1
2014/09/22 07:23:44 [error] [exception.CHttpException.400] exception 'CHttpException' with message 'Su solicitud es inválida.' in C:\wamp\www\yii\framework\web\CController.php:336
Stack trace:
#0 C:\wamp\www\yii\framework\web\CController.php(309): CController->invalidActionParams(Object(CInlineAction))
#1 C:\wamp\www\yii\framework\web\filters\CFilterChain.php(133): CController->runAction(Object(CInlineAction))
#2 C:\wamp\www\yii\framework\web\filters\CFilter.php(40): CFilterChain->run()
#3 C:\wamp\www\yii\framework\web\CController.php(1145): CFilter->filter(Object(CFilterChain))
#4 C:\wamp\www\yii\framework\web\filters\CInlineFilter.php(58): CController->filterAccessControl(Object(CFilterChain))
#5 C:\wamp\www\yii\framework\web\filters\CFilterChain.php(130): CInlineFilter->filter(Object(CFilterChain))
#6 C:\wamp\www\yii\framework\web\CController.php(291): CFilterChain->run()
#7 C:\wamp\www\yii\framework\web\CController.php(265): CController->runActionWithFilters(Object(CInlineAction), Array)
#8 C:\wamp\www\yii\framework\web\CWebApplication.php(282): CController->run('detail')
#9 C:\wamp\www\yii\framework\web\CWebApplication.php(141): CWebApplication->runController('product/detail/...')
#10 C:\wamp\www\yii\framework\base\CApplication.php(169): CWebApplication->processRequest()
#11 C:\wamp\www\bitbucket_publicidad\index.php(25): CApplication->run()
#12 {main}
REQUEST_URI=/bitbucket_publicidad/index.php/product/detail/hrbasculas
---
2014/09/22 07:24:06 [error] [exception.CHttpException.400] exception 'CHttpException' with message 'Su solicitud es inválida.' in C:\wamp\www\yii\framework\web\CController.php:336
Stack trace:
#0 C:\wamp\www\yii\framework\web\CController.php(309): CController->invalidActionParams(Object(CInlineAction))
#1 C:\wamp\www\yii\framework\web\filters\CFilterChain.php(133): CController->runAction(Object(CInlineAction))
#2 C:\wamp\www\yii\framework\web\filters\CFilter.php(40): CFilterChain->run()
#3 C:\wamp\www\yii\framework\web\CController.php(1145): CFilter->filter(Object(CFilterChain))
#4 C:\wamp\www\yii\framework\web\filters\CInlineFilter.php(58): CController->filterAccessControl(Object(CFilterChain))
#5 C:\wamp\www\yii\framework\web\filters\CFilterChain.php(130): CInlineFilter->filter(Object(CFilterChain))
#6 C:\wamp\www\yii\framework\web\CController.php(291): CFilterChain->run()
#7 C:\wamp\www\yii\framework\web\CController.php(265): CController->runActionWithFilters(Object(CInlineAction), Array)
#8 C:\wamp\www\yii\framework\web\CWebApplication.php(282): CController->run('detail')
#9 C:\wamp\www\yii\framework\web\CWebApplication.php(141): CWebApplication->runController('product/detail/...')
#10 C:\wamp\www\yii\framework\base\CApplication.php(169): CWebApplication->processRequest()
#11 C:\wamp\www\bitbucket_publicidad\index.php(25): CApplication->run()
#12 {main}
REQUEST_URI=/bitbucket_publicidad/index.php/product/detail/codehrbasculas
---
2014/09/22 07:24:10 [error] [exception.CHttpException.400] exception 'CHttpException' with message 'Su solicitud es inválida.' in C:\wamp\www\yii\framework\web\CController.php:336
Stack trace:
#0 C:\wamp\www\yii\framework\web\CController.php(309): CController->invalidActionParams(Object(CInlineAction))
#1 C:\wamp\www\yii\framework\web\filters\CFilterChain.php(133): CController->runAction(Object(CInlineAction))
#2 C:\wamp\www\yii\framework\web\filters\CFilter.php(40): CFilterChain->run()
#3 C:\wamp\www\yii\framework\web\CController.php(1145): CFilter->filter(Object(CFilterChain))
#4 C:\wamp\www\yii\framework\web\filters\CInlineFilter.php(58): CController->filterAccessControl(Object(CFilterChain))
#5 C:\wamp\www\yii\framework\web\filters\CFilterChain.php(130): CInlineFilter->filter(Object(CFilterChain))
#6 C:\wamp\www\yii\framework\web\CController.php(291): CFilterChain->run()
#7 C:\wamp\www\yii\framework\web\CController.php(265): CController->runActionWithFilters(Object(CInlineAction), Array)
#8 C:\wamp\www\yii\framework\web\CWebApplication.php(282): CController->run('detail')
#9 C:\wamp\www\yii\framework\web\CWebApplication.php(141): CWebApplication->runController('product/detail/...')
#10 C:\wamp\www\yii\framework\base\CApplication.php(169): CWebApplication->processRequest()
#11 C:\wamp\www\bitbucket_publicidad\index.php(25): CApplication->run()
#12 {main}
REQUEST_URI=/bitbucket_publicidad/index.php/product/detail/code/hrbasculas
---
2014/09/22 07:35:58 [error] [exception.CHttpException.400] exception 'CHttpException' with message 'Su solicitud es inválida.' in C:\wamp\www\yii\framework\web\CController.php:336
Stack trace:
#0 C:\wamp\www\yii\framework\web\CController.php(309): CController->invalidActionParams(Object(CInlineAction))
#1 C:\wamp\www\yii\framework\web\filters\CFilterChain.php(133): CController->runAction(Object(CInlineAction))
#2 C:\wamp\www\yii\framework\web\filters\CFilter.php(40): CFilterChain->run()
#3 C:\wamp\www\yii\framework\web\CController.php(1145): CFilter->filter(Object(CFilterChain))
#4 C:\wamp\www\yii\framework\web\filters\CInlineFilter.php(58): CController->filterAccessControl(Object(CFilterChain))
#5 C:\wamp\www\yii\framework\web\filters\CFilterChain.php(130): CInlineFilter->filter(Object(CFilterChain))
#6 C:\wamp\www\yii\framework\web\CController.php(291): CFilterChain->run()
#7 C:\wamp\www\yii\framework\web\CController.php(265): CController->runActionWithFilters(Object(CInlineAction), Array)
#8 C:\wamp\www\yii\framework\web\CWebApplication.php(282): CController->run('update')
#9 C:\wamp\www\yii\framework\web\CWebApplication.php(141): CWebApplication->runController('product/update/...')
#10 C:\wamp\www\yii\framework\base\CApplication.php(169): CWebApplication->processRequest()
#11 C:\wamp\www\bitbucket_publicidad\index.php(25): CApplication->run()
#12 {main}
REQUEST_URI=/bitbucket_publicidad/index.php/product/update/index.php/product/detail/id/9
HTTP_REFERER=http://localhost/bitbucket_publicidad/index.php/product/update/9
---
2014/09/22 07:36:57 [error] [exception.Exception] exception 'Exception' with message 'Error Processing Request exception 'CException' with message 'Propiedad "CWebApplication"."requestUrl" no se encuentra definida.' in C:\wamp\www\yii\framework\base\CComponent.php:130
Stack trace:
#0 C:\wamp\www\yii\framework\base\CModule.php(105): CComponent->__get('requestUrl')
#1 C:\wamp\www\bitbucket_publicidad\protected\views\product\_form.php(18): CModule->__get('requestUrl')
#2 C:\wamp\www\yii\framework\web\CBaseController.php(126): require('C:\wamp\www\bit...')
#3 C:\wamp\www\yii\framework\web\CBaseController.php(95): CBaseController->renderInternal('C:\wamp\www\bit...', Array, true)
#4 C:\wamp\www\yii\framework\web\CController.php(869): CBaseController->renderFile('C:\wamp\www\bit...', Array, true)
#5 C:\wamp\www\bitbucket_publicidad\protected\views\product\update.php(23): CController->renderPartial('_form', Array)
#6 C:\wamp\www\yii\framework\web\CBaseController.php(126): require('C:\wamp\www\bit...')
#7 C:\wamp\www\yii\framework\web\CBaseController.php(95): CBaseController->renderInternal('C:\wamp\www\bit...', Array, true)
#8 C:\wamp\www\yii\framework\web\CController.php(869): CBaseController->renderFile('C:\wamp\www\bit...', Array, true)
#9 C:\wamp\www\yii\framework\web\CController.php(782): CController->renderPartial('update', Array, true)
#10 C:\wamp\www\bitbucket_publicidad\protected\controllers\ProductController.php(375): CController->render('update', Array)
#11 [internal function]: ProductController->actionUpdate('9')
#12 C:\wamp\www\yii\framework\web\actions\CAction.php(108): ReflectionMethod->invokeArgs(Object(ProductController), Array)
#13 C:\wamp\www\yii\framework\web\actions\CInlineAction.php(47): CAction->runWithParamsInternal(Object(ProductController), Object(ReflectionMethod), Array)
#14 C:\wamp\www\yii\framework\web\CController.php(308): CInlineAction->runWithParams(Array)
#15 C:\wamp\www\yii\framework\web\filters\CFilterChain.php(133): CController->runAction(Object(CInlineAction))
#16 C:\wamp\www\yii\framework\web\filters\CFilter.php(40): CFilterChain->run()
#17 C:\wamp\www\yii\framework\web\CController.php(1145): CFilter->filter(Object(CFilterChain))
#18 C:\wamp\www\yii\framework\web\filters\CInlineFilter.php(58): CController->filterAccessControl(Object(CFilterChain))
#19 C:\wamp\www\yii\framework\web\filters\CFilterChain.php(130): CInlineFilter->filter(Object(CFilterChain))
#20 C:\wamp\www\yii\framework\web\CController.php(291): CFilterChain->run()
#21 C:\wamp\www\yii\framework\web\CController.php(265): CController->runActionWithFilters(Object(CInlineAction), Array)
#22 C:\wamp\www\yii\framework\web\CWebApplication.php(282): CController->run('update')
#23 C:\wamp\www\yii\framework\web\CWebApplication.php(141): CWebApplication->runController('product/update')
#24 C:\wamp\www\yii\framework\base\CApplication.php(169): CWebApplication->processRequest()
#25 C:\wamp\www\bitbucket_publicidad\index.php(25): CApplication->run()
#26 {main}' in C:\wamp\www\bitbucket_publicidad\protected\controllers\ProductController.php:379
Stack trace:
#0 [internal function]: ProductController->actionUpdate('9')
#1 C:\wamp\www\yii\framework\web\actions\CAction.php(108): ReflectionMethod->invokeArgs(Object(ProductController), Array)
#2 C:\wamp\www\yii\framework\web\actions\CInlineAction.php(47): CAction->runWithParamsInternal(Object(ProductController), Object(ReflectionMethod), Array)
#3 C:\wamp\www\yii\framework\web\CController.php(308): CInlineAction->runWithParams(Array)
#4 C:\wamp\www\yii\framework\web\filters\CFilterChain.php(133): CController->runAction(Object(CInlineAction))
#5 C:\wamp\www\yii\framework\web\filters\CFilter.php(40): CFilterChain->run()
#6 C:\wamp\www\yii\framework\web\CController.php(1145): CFilter->filter(Object(CFilterChain))
#7 C:\wamp\www\yii\framework\web\filters\CInlineFilter.php(58): CController->filterAccessControl(Object(CFilterChain))
#8 C:\wamp\www\yii\framework\web\filters\CFilterChain.php(130): CInlineFilter->filter(Object(CFilterChain))
#9 C:\wamp\www\yii\framework\web\CController.php(291): CFilterChain->run()
#10 C:\wamp\www\yii\framework\web\CController.php(265): CController->runActionWithFilters(Object(CInlineAction), Array)
#11 C:\wamp\www\yii\framework\web\CWebApplication.php(282): CController->run('update')
#12 C:\wamp\www\yii\framework\web\CWebApplication.php(141): CWebApplication->runController('product/update')
#13 C:\wamp\www\yii\framework\base\CApplication.php(169): CWebApplication->processRequest()
#14 C:\wamp\www\bitbucket_publicidad\index.php(25): CApplication->run()
#15 {main}
REQUEST_URI=/bitbucket_publicidad/index.php/product/update/9
---
2014/09/22 07:37:02 [error] [exception.Exception] exception 'Exception' with message 'Error Processing Request exception 'CException' with message 'Propiedad "CWebApplication"."requestUrl" no se encuentra definida.' in C:\wamp\www\yii\framework\base\CComponent.php:130
Stack trace:
#0 C:\wamp\www\yii\framework\base\CModule.php(105): CComponent->__get('requestUrl')
#1 C:\wamp\www\bitbucket_publicidad\protected\views\product\_form.php(18): CModule->__get('requestUrl')
#2 C:\wamp\www\yii\framework\web\CBaseController.php(126): require('C:\wamp\www\bit...')
#3 C:\wamp\www\yii\framework\web\CBaseController.php(95): CBaseController->renderInternal('C:\wamp\www\bit...', Array, true)
#4 C:\wamp\www\yii\framework\web\CController.php(869): CBaseController->renderFile('C:\wamp\www\bit...', Array, true)
#5 C:\wamp\www\bitbucket_publicidad\protected\views\product\update.php(23): CController->renderPartial('_form', Array)
#6 C:\wamp\www\yii\framework\web\CBaseController.php(126): require('C:\wamp\www\bit...')
#7 C:\wamp\www\yii\framework\web\CBaseController.php(95): CBaseController->renderInternal('C:\wamp\www\bit...', Array, true)
#8 C:\wamp\www\yii\framework\web\CController.php(869): CBaseController->renderFile('C:\wamp\www\bit...', Array, true)
#9 C:\wamp\www\yii\framework\web\CController.php(782): CController->renderPartial('update', Array, true)
#10 C:\wamp\www\bitbucket_publicidad\protected\controllers\ProductController.php(375): CController->render('update', Array)
#11 [internal function]: ProductController->actionUpdate('9')
#12 C:\wamp\www\yii\framework\web\actions\CAction.php(108): ReflectionMethod->invokeArgs(Object(ProductController), Array)
#13 C:\wamp\www\yii\framework\web\actions\CInlineAction.php(47): CAction->runWithParamsInternal(Object(ProductController), Object(ReflectionMethod), Array)
#14 C:\wamp\www\yii\framework\web\CController.php(308): CInlineAction->runWithParams(Array)
#15 C:\wamp\www\yii\framework\web\filters\CFilterChain.php(133): CController->runAction(Object(CInlineAction))
#16 C:\wamp\www\yii\framework\web\filters\CFilter.php(40): CFilterChain->run()
#17 C:\wamp\www\yii\framework\web\CController.php(1145): CFilter->filter(Object(CFilterChain))
#18 C:\wamp\www\yii\framework\web\filters\CInlineFilter.php(58): CController->filterAccessControl(Object(CFilterChain))
#19 C:\wamp\www\yii\framework\web\filters\CFilterChain.php(130): CInlineFilter->filter(Object(CFilterChain))
#20 C:\wamp\www\yii\framework\web\CController.php(291): CFilterChain->run()
#21 C:\wamp\www\yii\framework\web\CController.php(265): CController->runActionWithFilters(Object(CInlineAction), Array)
#22 C:\wamp\www\yii\framework\web\CWebApplication.php(282): CController->run('update')
#23 C:\wamp\www\yii\framework\web\CWebApplication.php(141): CWebApplication->runController('product/update')
#24 C:\wamp\www\yii\framework\base\CApplication.php(169): CWebApplication->processRequest()
#25 C:\wamp\www\bitbucket_publicidad\index.php(25): CApplication->run()
#26 {main}' in C:\wamp\www\bitbucket_publicidad\protected\controllers\ProductController.php:379
Stack trace:
#0 [internal function]: ProductController->actionUpdate('9')
#1 C:\wamp\www\yii\framework\web\actions\CAction.php(108): ReflectionMethod->invokeArgs(Object(ProductController), Array)
#2 C:\wamp\www\yii\framework\web\actions\CInlineAction.php(47): CAction->runWithParamsInternal(Object(ProductController), Object(ReflectionMethod), Array)
#3 C:\wamp\www\yii\framework\web\CController.php(308): CInlineAction->runWithParams(Array)
#4 C:\wamp\www\yii\framework\web\filters\CFilterChain.php(133): CController->runAction(Object(CInlineAction))
#5 C:\wamp\www\yii\framework\web\filters\CFilter.php(40): CFilterChain->run()
#6 C:\wamp\www\yii\framework\web\CController.php(1145): CFilter->filter(Object(CFilterChain))
#7 C:\wamp\www\yii\framework\web\filters\CInlineFilter.php(58): CController->filterAccessControl(Object(CFilterChain))
#8 C:\wamp\www\yii\framework\web\filters\CFilterChain.php(130): CInlineFilter->filter(Object(CFilterChain))
#9 C:\wamp\www\yii\framework\web\CController.php(291): CFilterChain->run()
#10 C:\wamp\www\yii\framework\web\CController.php(265): CController->runActionWithFilters(Object(CInlineAction), Array)
#11 C:\wamp\www\yii\framework\web\CWebApplication.php(282): CController->run('update')
#12 C:\wamp\www\yii\framework\web\CWebApplication.php(141): CWebApplication->runController('product/update')
#13 C:\wamp\www\yii\framework\base\CApplication.php(169): CWebApplication->processRequest()
#14 C:\wamp\www\bitbucket_publicidad\index.php(25): CApplication->run()
#15 {main}
REQUEST_URI=/bitbucket_publicidad/index.php/product/update/9
---
2014/09/22 07:37:07 [error] [php] Object of class CHttpRequest could not be converted to string (C:\wamp\www\bitbucket_publicidad\protected\views\product\_form.php:18)
Stack trace:
#0 C:\wamp\www\yii\framework\web\CController.php(869): ProductController->renderFile()
#1 C:\wamp\www\bitbucket_publicidad\protected\views\product\update.php(23): ProductController->renderPartial()
#2 C:\wamp\www\yii\framework\web\CBaseController.php(126): require()
#3 C:\wamp\www\yii\framework\web\CBaseController.php(95): ProductController->renderInternal()
#4 C:\wamp\www\yii\framework\web\CController.php(869): ProductController->renderFile()
#5 C:\wamp\www\yii\framework\web\CController.php(782): ProductController->renderPartial()
#6 C:\wamp\www\bitbucket_publicidad\protected\controllers\ProductController.php(375): ProductController->render()
#7 unknown(0): ProductController->actionUpdate()
#8 C:\wamp\www\yii\framework\web\actions\CAction.php(108): ReflectionMethod->invokeArgs()
#9 C:\wamp\www\yii\framework\web\actions\CInlineAction.php(47): CInlineAction->runWithParamsInternal()
#10 C:\wamp\www\yii\framework\web\CController.php(308): CInlineAction->runWithParams()
#11 C:\wamp\www\yii\framework\web\filters\CFilterChain.php(133): ProductController->runAction()
#12 C:\wamp\www\yii\framework\web\filters\CFilter.php(40): CFilterChain->run()
#13 C:\wamp\www\yii\framework\web\CController.php(1145): CAccessControlFilter->filter()
#14 C:\wamp\www\yii\framework\web\filters\CInlineFilter.php(58): ProductController->filterAccessControl()
#15 C:\wamp\www\yii\framework\web\filters\CFilterChain.php(130): CInlineFilter->filter()
#16 C:\wamp\www\yii\framework\web\CController.php(291): CFilterChain->run()
#17 C:\wamp\www\yii\framework\web\CController.php(265): ProductController->runActionWithFilters()
#18 C:\wamp\www\yii\framework\web\CWebApplication.php(282): ProductController->run()
#19 C:\wamp\www\yii\framework\web\CWebApplication.php(141): CWebApplication->runController()
#20 C:\wamp\www\yii\framework\base\CApplication.php(169): CWebApplication->processRequest()
#21 C:\wamp\www\bitbucket_publicidad\index.php(25): CWebApplication->run()
REQUEST_URI=/bitbucket_publicidad/index.php/product/update/9
2014/09/25 05:44:45 [error] [system.db.CDbCommand] CDbCommand::fetchAll() falló: SQLSTATE[42S02]: Base table or view not found: 1146 Table 'volante.product' doesn't exist. La sentencia SQL ejecutada fue: SELECT *
					FROM product
					ORDER BY id desc.
2014/09/25 05:44:45 [error] [exception.CDbException] exception 'CDbException' with message 'CDbCommand falló al ejecutar la sentencia SQL: SQLSTATE[42S02]: Base table or view not found: 1146 Table 'volante.product' doesn't exist' in C:\wamp\www\yii\framework\db\CDbCommand.php:541
Stack trace:
#0 C:\wamp\www\yii\framework\db\CDbCommand.php(395): CDbCommand->queryInternal('fetchAll', Array, Array)
#1 C:\wamp\www\bitbucket_publicidad\themes\bootstrap\views\site\index.php(47): CDbCommand->queryAll()
#2 C:\wamp\www\yii\framework\web\CBaseController.php(126): require('C:\wamp\www\bit...')
#3 C:\wamp\www\yii\framework\web\CBaseController.php(95): CBaseController->renderInternal('C:\wamp\www\bit...', Array, true)
#4 C:\wamp\www\yii\framework\web\CController.php(869): CBaseController->renderFile('C:\wamp\www\bit...', Array, true)
#5 C:\wamp\www\yii\framework\web\CController.php(782): CController->renderPartial('index', Array, true)
#6 C:\wamp\www\bitbucket_publicidad\protected\controllers\SiteController.php(45): CController->render('index', Array)
#7 C:\wamp\www\yii\framework\web\actions\CInlineAction.php(49): SiteController->actionIndex()
#8 C:\wamp\www\yii\framework\web\CController.php(308): CInlineAction->runWithParams(Array)
#9 C:\wamp\www\yii\framework\web\CController.php(286): CController->runAction(Object(CInlineAction))
#10 C:\wamp\www\yii\framework\web\CController.php(265): CController->runActionWithFilters(Object(CInlineAction), Array)
#11 C:\wamp\www\yii\framework\web\CWebApplication.php(282): CController->run('')
#12 C:\wamp\www\yii\framework\web\CWebApplication.php(141): CWebApplication->runController('')
#13 C:\wamp\www\yii\framework\base\CApplication.php(169): CWebApplication->processRequest()
#14 C:\wamp\www\bitbucket_publicidad\index.php(25): CApplication->run()
#15 {main}
REQUEST_URI=/bitbucket_publicidad/index.php
HTTP_REFERER=http://localhost/bitbucket_publicidad/index.php/product/detail/id/volante_en_linea
---
2014/09/25 05:47:59 [error] [system.db.CDbCommand] CDbCommand::fetchAll() falló: SQLSTATE[42S02]: Base table or view not found: 1146 Table 'volante.product' doesn't exist. La sentencia SQL ejecutada fue: SELECT *
					FROM product
					ORDER BY id desc.
2014/09/25 05:47:59 [error] [exception.CDbException] exception 'CDbException' with message 'CDbCommand falló al ejecutar la sentencia SQL: SQLSTATE[42S02]: Base table or view not found: 1146 Table 'volante.product' doesn't exist' in C:\wamp\www\yii\framework\db\CDbCommand.php:541
Stack trace:
#0 C:\wamp\www\yii\framework\db\CDbCommand.php(395): CDbCommand->queryInternal('fetchAll', Array, Array)
#1 C:\wamp\www\bitbucket_publicidad\themes\bootstrap\views\site\index.php(47): CDbCommand->queryAll()
#2 C:\wamp\www\yii\framework\web\CBaseController.php(126): require('C:\wamp\www\bit...')
#3 C:\wamp\www\yii\framework\web\CBaseController.php(95): CBaseController->renderInternal('C:\wamp\www\bit...', Array, true)
#4 C:\wamp\www\yii\framework\web\CController.php(869): CBaseController->renderFile('C:\wamp\www\bit...', Array, true)
#5 C:\wamp\www\yii\framework\web\CController.php(782): CController->renderPartial('index', Array, true)
#6 C:\wamp\www\bitbucket_publicidad\protected\controllers\SiteController.php(45): CController->render('index', Array)
#7 C:\wamp\www\yii\framework\web\actions\CInlineAction.php(49): SiteController->actionIndex()
#8 C:\wamp\www\yii\framework\web\CController.php(308): CInlineAction->runWithParams(Array)
#9 C:\wamp\www\yii\framework\web\CController.php(286): CController->runAction(Object(CInlineAction))
#10 C:\wamp\www\yii\framework\web\CController.php(265): CController->runActionWithFilters(Object(CInlineAction), Array)
#11 C:\wamp\www\yii\framework\web\CWebApplication.php(282): CController->run('')
#12 C:\wamp\www\yii\framework\web\CWebApplication.php(141): CWebApplication->runController('')
#13 C:\wamp\www\yii\framework\base\CApplication.php(169): CWebApplication->processRequest()
#14 C:\wamp\www\bitbucket_publicidad\index.php(25): CApplication->run()
#15 {main}
REQUEST_URI=/bitbucket_publicidad/index.php
HTTP_REFERER=http://localhost/bitbucket_publicidad/index.php/product/detail/id/volante_en_linea
---
2014/09/25 05:48:53 [error] [system.db.CDbCommand] CDbCommand::fetchAll() falló: SQLSTATE[42S02]: Base table or view not found: 1146 Table 'volante.product' doesn't exist. La sentencia SQL ejecutada fue: SELECT *
					FROM product
					ORDER BY id desc.
2014/09/25 05:48:53 [error] [exception.CDbException] exception 'CDbException' with message 'CDbCommand falló al ejecutar la sentencia SQL: SQLSTATE[42S02]: Base table or view not found: 1146 Table 'volante.product' doesn't exist' in C:\wamp\www\yii\framework\db\CDbCommand.php:541
Stack trace:
#0 C:\wamp\www\yii\framework\db\CDbCommand.php(395): CDbCommand->queryInternal('fetchAll', Array, Array)
#1 C:\wamp\www\bitbucket_publicidad\themes\bootstrap\views\site\index.php(47): CDbCommand->queryAll()
#2 C:\wamp\www\yii\framework\web\CBaseController.php(126): require('C:\wamp\www\bit...')
#3 C:\wamp\www\yii\framework\web\CBaseController.php(95): CBaseController->renderInternal('C:\wamp\www\bit...', Array, true)
#4 C:\wamp\www\yii\framework\web\CController.php(869): CBaseController->renderFile('C:\wamp\www\bit...', Array, true)
#5 C:\wamp\www\yii\framework\web\CController.php(782): CController->renderPartial('index', Array, true)
#6 C:\wamp\www\bitbucket_publicidad\protected\controllers\SiteController.php(45): CController->render('index', Array)
#7 C:\wamp\www\yii\framework\web\actions\CInlineAction.php(49): SiteController->actionIndex()
#8 C:\wamp\www\yii\framework\web\CController.php(308): CInlineAction->runWithParams(Array)
#9 C:\wamp\www\yii\framework\web\CController.php(286): CController->runAction(Object(CInlineAction))
#10 C:\wamp\www\yii\framework\web\CController.php(265): CController->runActionWithFilters(Object(CInlineAction), Array)
#11 C:\wamp\www\yii\framework\web\CWebApplication.php(282): CController->run('')
#12 C:\wamp\www\yii\framework\web\CWebApplication.php(141): CWebApplication->runController('')
#13 C:\wamp\www\yii\framework\base\CApplication.php(169): CWebApplication->processRequest()
#14 C:\wamp\www\bitbucket_publicidad\index.php(25): CApplication->run()
#15 {main}
REQUEST_URI=/bitbucket_publicidad/index.php
HTTP_REFERER=http://localhost/bitbucket_publicidad/index.php/product/detail/id/volante_en_linea
---
2014/09/25 05:54:00 [error] [system.db.CDbCommand] CDbCommand::fetchAll() falló: SQLSTATE[42S02]: Base table or view not found: 1146 Table 'volante.product' doesn't exist. La sentencia SQL ejecutada fue: SELECT *
					FROM product
					ORDER BY id desc.
2014/09/25 05:54:00 [error] [exception.CDbException] exception 'CDbException' with message 'CDbCommand falló al ejecutar la sentencia SQL: SQLSTATE[42S02]: Base table or view not found: 1146 Table 'volante.product' doesn't exist' in C:\wamp\www\yii\framework\db\CDbCommand.php:541
Stack trace:
#0 C:\wamp\www\yii\framework\db\CDbCommand.php(395): CDbCommand->queryInternal('fetchAll', Array, Array)
#1 C:\wamp\www\bitbucket_publicidad\themes\bootstrap\views\site\index.php(49): CDbCommand->queryAll()
#2 C:\wamp\www\yii\framework\web\CBaseController.php(126): require('C:\wamp\www\bit...')
#3 C:\wamp\www\yii\framework\web\CBaseController.php(95): CBaseController->renderInternal('C:\wamp\www\bit...', Array, true)
#4 C:\wamp\www\yii\framework\web\CController.php(869): CBaseController->renderFile('C:\wamp\www\bit...', Array, true)
#5 C:\wamp\www\yii\framework\web\CController.php(782): CController->renderPartial('index', Array, true)
#6 C:\wamp\www\bitbucket_publicidad\protected\controllers\SiteController.php(45): CController->render('index', Array)
#7 C:\wamp\www\yii\framework\web\actions\CInlineAction.php(49): SiteController->actionIndex()
#8 C:\wamp\www\yii\framework\web\CController.php(308): CInlineAction->runWithParams(Array)
#9 C:\wamp\www\yii\framework\web\CController.php(286): CController->runAction(Object(CInlineAction))
#10 C:\wamp\www\yii\framework\web\CController.php(265): CController->runActionWithFilters(Object(CInlineAction), Array)
#11 C:\wamp\www\yii\framework\web\CWebApplication.php(282): CController->run('')
#12 C:\wamp\www\yii\framework\web\CWebApplication.php(141): CWebApplication->runController('')
#13 C:\wamp\www\yii\framework\base\CApplication.php(169): CWebApplication->processRequest()
#14 C:\wamp\www\bitbucket_publicidad\index.php(25): CApplication->run()
#15 {main}
REQUEST_URI=/bitbucket_publicidad/index.php
HTTP_REFERER=http://localhost/bitbucket_publicidad/index.php/product/detail/id/volante_en_linea
---
2014/09/25 05:54:20 [error] [system.db.CDbCommand] CDbCommand::fetchAll() falló: SQLSTATE[42S02]: Base table or view not found: 1146 Table 'volante.product' doesn't exist. La sentencia SQL ejecutada fue: SELECT *
					FROM product
					ORDER BY id desc.
2014/09/25 05:54:20 [error] [exception.CDbException] exception 'CDbException' with message 'CDbCommand falló al ejecutar la sentencia SQL: SQLSTATE[42S02]: Base table or view not found: 1146 Table 'volante.product' doesn't exist' in C:\wamp\www\yii\framework\db\CDbCommand.php:541
Stack trace:
#0 C:\wamp\www\yii\framework\db\CDbCommand.php(395): CDbCommand->queryInternal('fetchAll', Array, Array)
#1 C:\wamp\www\bitbucket_publicidad\themes\bootstrap\views\site\index.php(49): CDbCommand->queryAll()
#2 C:\wamp\www\yii\framework\web\CBaseController.php(126): require('C:\wamp\www\bit...')
#3 C:\wamp\www\yii\framework\web\CBaseController.php(95): CBaseController->renderInternal('C:\wamp\www\bit...', Array, true)
#4 C:\wamp\www\yii\framework\web\CController.php(869): CBaseController->renderFile('C:\wamp\www\bit...', Array, true)
#5 C:\wamp\www\yii\framework\web\CController.php(782): CController->renderPartial('index', Array, true)
#6 C:\wamp\www\bitbucket_publicidad\protected\controllers\SiteController.php(45): CController->render('index', Array)
#7 C:\wamp\www\yii\framework\web\actions\CInlineAction.php(49): SiteController->actionIndex()
#8 C:\wamp\www\yii\framework\web\CController.php(308): CInlineAction->runWithParams(Array)
#9 C:\wamp\www\yii\framework\web\CController.php(286): CController->runAction(Object(CInlineAction))
#10 C:\wamp\www\yii\framework\web\CController.php(265): CController->runActionWithFilters(Object(CInlineAction), Array)
#11 C:\wamp\www\yii\framework\web\CWebApplication.php(282): CController->run('')
#12 C:\wamp\www\yii\framework\web\CWebApplication.php(141): CWebApplication->runController('')
#13 C:\wamp\www\yii\framework\base\CApplication.php(169): CWebApplication->processRequest()
#14 C:\wamp\www\bitbucket_publicidad\index.php(25): CApplication->run()
#15 {main}
REQUEST_URI=/bitbucket_publicidad/index.php
---
2014/09/25 05:55:37 [error] [system.db.CDbCommand] CDbCommand::fetchAll() falló: SQLSTATE[42S02]: Base table or view not found: 1146 Table 'volante.product' doesn't exist. La sentencia SQL ejecutada fue: SELECT *
					FROM product
					ORDER BY id desc.
2014/09/25 05:55:37 [error] [exception.CDbException] exception 'CDbException' with message 'CDbCommand falló al ejecutar la sentencia SQL: SQLSTATE[42S02]: Base table or view not found: 1146 Table 'volante.product' doesn't exist' in C:\wamp\www\yii\framework\db\CDbCommand.php:541
Stack trace:
#0 C:\wamp\www\yii\framework\db\CDbCommand.php(395): CDbCommand->queryInternal('fetchAll', Array, Array)
#1 C:\wamp\www\bitbucket_publicidad\themes\bootstrap\views\site\index.php(47): CDbCommand->queryAll()
#2 C:\wamp\www\yii\framework\web\CBaseController.php(126): require('C:\wamp\www\bit...')
#3 C:\wamp\www\yii\framework\web\CBaseController.php(95): CBaseController->renderInternal('C:\wamp\www\bit...', Array, true)
#4 C:\wamp\www\yii\framework\web\CController.php(869): CBaseController->renderFile('C:\wamp\www\bit...', Array, true)
#5 C:\wamp\www\yii\framework\web\CController.php(782): CController->renderPartial('index', Array, true)
#6 C:\wamp\www\bitbucket_publicidad\protected\controllers\SiteController.php(45): CController->render('index', Array)
#7 C:\wamp\www\yii\framework\web\actions\CInlineAction.php(49): SiteController->actionIndex()
#8 C:\wamp\www\yii\framework\web\CController.php(308): CInlineAction->runWithParams(Array)
#9 C:\wamp\www\yii\framework\web\CController.php(286): CController->runAction(Object(CInlineAction))
#10 C:\wamp\www\yii\framework\web\CController.php(265): CController->runActionWithFilters(Object(CInlineAction), Array)
#11 C:\wamp\www\yii\framework\web\CWebApplication.php(282): CController->run('')
#12 C:\wamp\www\yii\framework\web\CWebApplication.php(141): CWebApplication->runController('')
#13 C:\wamp\www\yii\framework\base\CApplication.php(169): CWebApplication->processRequest()
#14 C:\wamp\www\bitbucket_publicidad\index.php(25): CApplication->run()
#15 {main}
REQUEST_URI=/bitbucket_publicidad/index.php
---
2014/09/25 05:56:30 [error] [system.db.CDbCommand] CDbCommand::fetchAll() falló: SQLSTATE[42S02]: Base table or view not found: 1146 Table 'volante.product' doesn't exist. La sentencia SQL ejecutada fue: SELECT *
					FROM product
					ORDER BY id desc.
2014/09/25 05:56:30 [error] [exception.CDbException] exception 'CDbException' with message 'CDbCommand falló al ejecutar la sentencia SQL: SQLSTATE[42S02]: Base table or view not found: 1146 Table 'volante.product' doesn't exist' in C:\wamp\www\yii\framework\db\CDbCommand.php:541
Stack trace:
#0 C:\wamp\www\yii\framework\db\CDbCommand.php(395): CDbCommand->queryInternal('fetchAll', Array, Array)
#1 C:\wamp\www\bitbucket_publicidad\themes\bootstrap\views\site\index.php(47): CDbCommand->queryAll()
#2 C:\wamp\www\yii\framework\web\CBaseController.php(126): require('C:\wamp\www\bit...')
#3 C:\wamp\www\yii\framework\web\CBaseController.php(95): CBaseController->renderInternal('C:\wamp\www\bit...', Array, true)
#4 C:\wamp\www\yii\framework\web\CController.php(869): CBaseController->renderFile('C:\wamp\www\bit...', Array, true)
#5 C:\wamp\www\yii\framework\web\CController.php(782): CController->renderPartial('index', Array, true)
#6 C:\wamp\www\bitbucket_publicidad\protected\controllers\SiteController.php(45): CController->render('index', Array)
#7 C:\wamp\www\yii\framework\web\actions\CInlineAction.php(49): SiteController->actionIndex()
#8 C:\wamp\www\yii\framework\web\CController.php(308): CInlineAction->runWithParams(Array)
#9 C:\wamp\www\yii\framework\web\CController.php(286): CController->runAction(Object(CInlineAction))
#10 C:\wamp\www\yii\framework\web\CController.php(265): CController->runActionWithFilters(Object(CInlineAction), Array)
#11 C:\wamp\www\yii\framework\web\CWebApplication.php(282): CController->run('')
#12 C:\wamp\www\yii\framework\web\CWebApplication.php(141): CWebApplication->runController('')
#13 C:\wamp\www\yii\framework\base\CApplication.php(169): CWebApplication->processRequest()
#14 C:\wamp\www\bitbucket_publicidad\index.php(25): CApplication->run()
#15 {main}
REQUEST_URI=/bitbucket_publicidad/index.php
---
2014/09/25 05:56:42 [error] [system.db.CDbCommand] CDbCommand::fetchAll() falló: SQLSTATE[42S02]: Base table or view not found: 1146 Table 'volante.product' doesn't exist. La sentencia SQL ejecutada fue: SELECT *
					FROM product
					ORDER BY id desc.
2014/09/25 05:56:42 [error] [exception.CDbException] exception 'CDbException' with message 'CDbCommand falló al ejecutar la sentencia SQL: SQLSTATE[42S02]: Base table or view not found: 1146 Table 'volante.product' doesn't exist' in C:\wamp\www\yii\framework\db\CDbCommand.php:541
Stack trace:
#0 C:\wamp\www\yii\framework\db\CDbCommand.php(395): CDbCommand->queryInternal('fetchAll', Array, Array)
#1 C:\wamp\www\bitbucket_publicidad\themes\bootstrap\views\site\index.php(47): CDbCommand->queryAll()
#2 C:\wamp\www\yii\framework\web\CBaseController.php(126): require('C:\wamp\www\bit...')
#3 C:\wamp\www\yii\framework\web\CBaseController.php(95): CBaseController->renderInternal('C:\wamp\www\bit...', Array, true)
#4 C:\wamp\www\yii\framework\web\CController.php(869): CBaseController->renderFile('C:\wamp\www\bit...', Array, true)
#5 C:\wamp\www\yii\framework\web\CController.php(782): CController->renderPartial('index', Array, true)
#6 C:\wamp\www\bitbucket_publicidad\protected\controllers\SiteController.php(45): CController->render('index', Array)
#7 C:\wamp\www\yii\framework\web\actions\CInlineAction.php(49): SiteController->actionIndex()
#8 C:\wamp\www\yii\framework\web\CController.php(308): CInlineAction->runWithParams(Array)
#9 C:\wamp\www\yii\framework\web\CController.php(286): CController->runAction(Object(CInlineAction))
#10 C:\wamp\www\yii\framework\web\CController.php(265): CController->runActionWithFilters(Object(CInlineAction), Array)
#11 C:\wamp\www\yii\framework\web\CWebApplication.php(282): CController->run('')
#12 C:\wamp\www\yii\framework\web\CWebApplication.php(141): CWebApplication->runController('')
#13 C:\wamp\www\yii\framework\base\CApplication.php(169): CWebApplication->processRequest()
#14 C:\wamp\www\bitbucket_publicidad\index.php(25): CApplication->run()
#15 {main}
REQUEST_URI=/bitbucket_publicidad/index.php
---
2014/09/25 05:56:51 [error] [system.db.CDbCommand] CDbCommand::fetchAll() falló: SQLSTATE[42S02]: Base table or view not found: 1146 Table 'volante.product' doesn't exist. La sentencia SQL ejecutada fue: SELECT *
					FROM product
					ORDER BY id desc.
2014/09/25 05:56:51 [error] [exception.CDbException] exception 'CDbException' with message 'CDbCommand falló al ejecutar la sentencia SQL: SQLSTATE[42S02]: Base table or view not found: 1146 Table 'volante.product' doesn't exist' in C:\wamp\www\yii\framework\db\CDbCommand.php:541
Stack trace:
#0 C:\wamp\www\yii\framework\db\CDbCommand.php(395): CDbCommand->queryInternal('fetchAll', Array, Array)
#1 C:\wamp\www\bitbucket_publicidad\themes\bootstrap\views\site\index.php(47): CDbCommand->queryAll()
#2 C:\wamp\www\yii\framework\web\CBaseController.php(126): require('C:\wamp\www\bit...')
#3 C:\wamp\www\yii\framework\web\CBaseController.php(95): CBaseController->renderInternal('C:\wamp\www\bit...', Array, true)
#4 C:\wamp\www\yii\framework\web\CController.php(869): CBaseController->renderFile('C:\wamp\www\bit...', Array, true)
#5 C:\wamp\www\yii\framework\web\CController.php(782): CController->renderPartial('index', Array, true)
#6 C:\wamp\www\bitbucket_publicidad\protected\controllers\SiteController.php(45): CController->render('index', Array)
#7 C:\wamp\www\yii\framework\web\actions\CInlineAction.php(49): SiteController->actionIndex()
#8 C:\wamp\www\yii\framework\web\CController.php(308): CInlineAction->runWithParams(Array)
#9 C:\wamp\www\yii\framework\web\CController.php(286): CController->runAction(Object(CInlineAction))
#10 C:\wamp\www\yii\framework\web\CController.php(265): CController->runActionWithFilters(Object(CInlineAction), Array)
#11 C:\wamp\www\yii\framework\web\CWebApplication.php(282): CController->run('')
#12 C:\wamp\www\yii\framework\web\CWebApplication.php(141): CWebApplication->runController('')
#13 C:\wamp\www\yii\framework\base\CApplication.php(169): CWebApplication->processRequest()
#14 C:\wamp\www\bitbucket_publicidad\index.php(25): CApplication->run()
#15 {main}
REQUEST_URI=/bitbucket_publicidad/index.php
---
2014/09/25 05:57:03 [error] [system.db.CDbCommand] CDbCommand::fetchAll() falló: SQLSTATE[42S02]: Base table or view not found: 1146 Table 'volante.product' doesn't exist. La sentencia SQL ejecutada fue: SELECT *
					FROM product
					ORDER BY id desc.
2014/09/25 05:57:03 [error] [exception.CDbException] exception 'CDbException' with message 'CDbCommand falló al ejecutar la sentencia SQL: SQLSTATE[42S02]: Base table or view not found: 1146 Table 'volante.product' doesn't exist' in C:\wamp\www\yii\framework\db\CDbCommand.php:541
Stack trace:
#0 C:\wamp\www\yii\framework\db\CDbCommand.php(395): CDbCommand->queryInternal('fetchAll', Array, Array)
#1 C:\wamp\www\bitbucket_publicidad\themes\bootstrap\views\site\index.php(47): CDbCommand->queryAll()
#2 C:\wamp\www\yii\framework\web\CBaseController.php(126): require('C:\wamp\www\bit...')
#3 C:\wamp\www\yii\framework\web\CBaseController.php(95): CBaseController->renderInternal('C:\wamp\www\bit...', Array, true)
#4 C:\wamp\www\yii\framework\web\CController.php(869): CBaseController->renderFile('C:\wamp\www\bit...', Array, true)
#5 C:\wamp\www\yii\framework\web\CController.php(782): CController->renderPartial('index', Array, true)
#6 C:\wamp\www\bitbucket_publicidad\protected\controllers\SiteController.php(45): CController->render('index', Array)
#7 C:\wamp\www\yii\framework\web\actions\CInlineAction.php(49): SiteController->actionIndex()
#8 C:\wamp\www\yii\framework\web\CController.php(308): CInlineAction->runWithParams(Array)
#9 C:\wamp\www\yii\framework\web\CController.php(286): CController->runAction(Object(CInlineAction))
#10 C:\wamp\www\yii\framework\web\CController.php(265): CController->runActionWithFilters(Object(CInlineAction), Array)
#11 C:\wamp\www\yii\framework\web\CWebApplication.php(282): CController->run('')
#12 C:\wamp\www\yii\framework\web\CWebApplication.php(141): CWebApplication->runController('')
#13 C:\wamp\www\yii\framework\base\CApplication.php(169): CWebApplication->processRequest()
#14 C:\wamp\www\bitbucket_publicidad\index.php(25): CApplication->run()
#15 {main}
REQUEST_URI=/bitbucket_publicidad/index.php
---
2014/09/25 05:58:31 [error] [system.db.CDbCommand] CDbCommand::fetchAll() falló: SQLSTATE[42S02]: Base table or view not found: 1146 Table 'volante.{product}' doesn't exist. La sentencia SQL ejecutada fue: SHOW FULL COLUMNS FROM `{product}`.
2014/09/25 05:58:31 [error] [exception.CDbException] exception 'CDbException' with message 'La tabla "{product}" definida en la clase active record "Product" no se ha podido encontrar en la base de datos.' in C:\wamp\www\yii\framework\db\ar\CActiveRecord.php:2310
Stack trace:
#0 C:\wamp\www\yii\framework\db\ar\CActiveRecord.php(387): CActiveRecordMetaData->__construct(Object(Product))
#1 C:\wamp\www\bitbucket_publicidad\protected\models\Product.php(32): CActiveRecord::model('Product')
#2 C:\wamp\www\bitbucket_publicidad\protected\controllers\ProductController.php(68): Product::model()
#3 [internal function]: ProductController->actionDetail('volante_en_line...')
#4 C:\wamp\www\yii\framework\web\actions\CAction.php(108): ReflectionMethod->invokeArgs(Object(ProductController), Array)
#5 C:\wamp\www\yii\framework\web\actions\CInlineAction.php(47): CAction->runWithParamsInternal(Object(ProductController), Object(ReflectionMethod), Array)
#6 C:\wamp\www\yii\framework\web\CController.php(308): CInlineAction->runWithParams(Array)
#7 C:\wamp\www\yii\framework\web\filters\CFilterChain.php(133): CController->runAction(Object(CInlineAction))
#8 C:\wamp\www\yii\framework\web\filters\CFilter.php(40): CFilterChain->run()
#9 C:\wamp\www\yii\framework\web\CController.php(1145): CFilter->filter(Object(CFilterChain))
#10 C:\wamp\www\yii\framework\web\filters\CInlineFilter.php(58): CController->filterAccessControl(Object(CFilterChain))
#11 C:\wamp\www\yii\framework\web\filters\CFilterChain.php(130): CInlineFilter->filter(Object(CFilterChain))
#12 C:\wamp\www\yii\framework\web\CController.php(291): CFilterChain->run()
#13 C:\wamp\www\yii\framework\web\CController.php(265): CController->runActionWithFilters(Object(CInlineAction), Array)
#14 C:\wamp\www\yii\framework\web\CWebApplication.php(282): CController->run('detail')
#15 C:\wamp\www\yii\framework\web\CWebApplication.php(141): CWebApplication->runController('product/detail/...')
#16 C:\wamp\www\yii\framework\base\CApplication.php(169): CWebApplication->processRequest()
#17 C:\wamp\www\bitbucket_publicidad\index.php(25): CApplication->run()
#18 {main}
REQUEST_URI=/bitbucket_publicidad/index.php/product/detail/id/volante_en_linea
HTTP_REFERER=http://localhost/bitbucket_publicidad/index.php
---
2014/09/25 05:58:58 [error] [system.db.CDbCommand] CDbCommand::fetchAll() falló: SQLSTATE[42S02]: Base table or view not found: 1146 Table 'volante.product' doesn't exist. La sentencia SQL ejecutada fue: SHOW FULL COLUMNS FROM `product`.
2014/09/25 05:58:58 [error] [exception.CDbException] exception 'CDbException' with message 'La tabla "product" definida en la clase active record "Product" no se ha podido encontrar en la base de datos.' in C:\wamp\www\yii\framework\db\ar\CActiveRecord.php:2310
Stack trace:
#0 C:\wamp\www\yii\framework\db\ar\CActiveRecord.php(387): CActiveRecordMetaData->__construct(Object(Product))
#1 C:\wamp\www\bitbucket_publicidad\protected\models\Product.php(32): CActiveRecord::model('Product')
#2 C:\wamp\www\bitbucket_publicidad\protected\controllers\ProductController.php(68): Product::model()
#3 [internal function]: ProductController->actionDetail('volante_en_line...')
#4 C:\wamp\www\yii\framework\web\actions\CAction.php(108): ReflectionMethod->invokeArgs(Object(ProductController), Array)
#5 C:\wamp\www\yii\framework\web\actions\CInlineAction.php(47): CAction->runWithParamsInternal(Object(ProductController), Object(ReflectionMethod), Array)
#6 C:\wamp\www\yii\framework\web\CController.php(308): CInlineAction->runWithParams(Array)
#7 C:\wamp\www\yii\framework\web\filters\CFilterChain.php(133): CController->runAction(Object(CInlineAction))
#8 C:\wamp\www\yii\framework\web\filters\CFilter.php(40): CFilterChain->run()
#9 C:\wamp\www\yii\framework\web\CController.php(1145): CFilter->filter(Object(CFilterChain))
#10 C:\wamp\www\yii\framework\web\filters\CInlineFilter.php(58): CController->filterAccessControl(Object(CFilterChain))
#11 C:\wamp\www\yii\framework\web\filters\CFilterChain.php(130): CInlineFilter->filter(Object(CFilterChain))
#12 C:\wamp\www\yii\framework\web\CController.php(291): CFilterChain->run()
#13 C:\wamp\www\yii\framework\web\CController.php(265): CController->runActionWithFilters(Object(CInlineAction), Array)
#14 C:\wamp\www\yii\framework\web\CWebApplication.php(282): CController->run('detail')
#15 C:\wamp\www\yii\framework\web\CWebApplication.php(141): CWebApplication->runController('product/detail/...')
#16 C:\wamp\www\yii\framework\base\CApplication.php(169): CWebApplication->processRequest()
#17 C:\wamp\www\bitbucket_publicidad\index.php(25): CApplication->run()
#18 {main}
REQUEST_URI=/bitbucket_publicidad/index.php/product/detail/id/volante_en_linea
---
2014/09/25 05:59:14 [error] [system.db.CDbCommand] CDbCommand::fetchAll() falló: SQLSTATE[42S02]: Base table or view not found: 1146 Table 'volante.{product_image}' doesn't exist. La sentencia SQL ejecutada fue: SHOW FULL COLUMNS FROM `{product_image}`.
2014/09/25 05:59:14 [error] [exception.CDbException] exception 'CDbException' with message 'La tabla "{product_image}" definida en la clase active record "ProductImage" no se ha podido encontrar en la base de datos.' in C:\wamp\www\yii\framework\db\ar\CActiveRecord.php:2310
Stack trace:
#0 C:\wamp\www\yii\framework\db\ar\CActiveRecord.php(387): CActiveRecordMetaData->__construct(Object(ProductImage))
#1 C:\wamp\www\bitbucket_publicidad\protected\models\ProductImage.php(26): CActiveRecord::model('ProductImage')
#2 C:\wamp\www\bitbucket_publicidad\protected\models\Product.php(234): ProductImage::model()
#3 C:\wamp\www\bitbucket_publicidad\protected\views\product\detail.php(24): Product->getImages('10', true)
#4 C:\wamp\www\yii\framework\web\CBaseController.php(126): require('C:\wamp\www\bit...')
#5 C:\wamp\www\yii\framework\web\CBaseController.php(95): CBaseController->renderInternal('C:\wamp\www\bit...', Array, true)
#6 C:\wamp\www\yii\framework\web\CController.php(869): CBaseController->renderFile('C:\wamp\www\bit...', Array, true)
#7 C:\wamp\www\yii\framework\web\CController.php(782): CController->renderPartial('detail', Array, true)
#8 C:\wamp\www\bitbucket_publicidad\protected\controllers\ProductController.php(88): CController->render('detail', Array)
#9 [internal function]: ProductController->actionDetail('volante_en_line...')
#10 C:\wamp\www\yii\framework\web\actions\CAction.php(108): ReflectionMethod->invokeArgs(Object(ProductController), Array)
#11 C:\wamp\www\yii\framework\web\actions\CInlineAction.php(47): CAction->runWithParamsInternal(Object(ProductController), Object(ReflectionMethod), Array)
#12 C:\wamp\www\yii\framework\web\CController.php(308): CInlineAction->runWithParams(Array)
#13 C:\wamp\www\yii\framework\web\filters\CFilterChain.php(133): CController->runAction(Object(CInlineAction))
#14 C:\wamp\www\yii\framework\web\filters\CFilter.php(40): CFilterChain->run()
#15 C:\wamp\www\yii\framework\web\CController.php(1145): CFilter->filter(Object(CFilterChain))
#16 C:\wamp\www\yii\framework\web\filters\CInlineFilter.php(58): CController->filterAccessControl(Object(CFilterChain))
#17 C:\wamp\www\yii\framework\web\filters\CFilterChain.php(130): CInlineFilter->filter(Object(CFilterChain))
#18 C:\wamp\www\yii\framework\web\CController.php(291): CFilterChain->run()
#19 C:\wamp\www\yii\framework\web\CController.php(265): CController->runActionWithFilters(Object(CInlineAction), Array)
#20 C:\wamp\www\yii\framework\web\CWebApplication.php(282): CController->run('detail')
#21 C:\wamp\www\yii\framework\web\CWebApplication.php(141): CWebApplication->runController('product/detail/...')
#22 C:\wamp\www\yii\framework\base\CApplication.php(169): CWebApplication->processRequest()
#23 C:\wamp\www\bitbucket_publicidad\index.php(25): CApplication->run()
#24 {main}
REQUEST_URI=/bitbucket_publicidad/index.php/product/detail/id/volante_en_linea
---
2014/09/25 06:01:22 [error] [exception.CHttpException.404] exception 'CHttpException' with message 'El sistema no ha podido encontrar la acción "images" solicitada.' in C:\wamp\www\yii\framework\web\CController.php:483
Stack trace:
#0 C:\wamp\www\yii\framework\web\CController.php(270): CController->missingAction('images')
#1 C:\wamp\www\yii\framework\web\CWebApplication.php(282): CController->run('images')
#2 C:\wamp\www\yii\framework\web\CWebApplication.php(141): CWebApplication->runController('site/images/pro...')
#3 C:\wamp\www\yii\framework\base\CApplication.php(169): CWebApplication->processRequest()
#4 C:\wamp\www\bitbucket_publicidad\index.php(25): CApplication->run()
#5 {main}
REQUEST_URI=/bitbucket_publicidad/index.php/site/images/product/hrbasculas.jpg
HTTP_REFERER=http://localhost/bitbucket_publicidad/index.php/site/index
---
2014/09/25 06:01:22 [error] [exception.CHttpException.404] exception 'CHttpException' with message 'El sistema no ha podido encontrar la acción "images" solicitada.' in C:\wamp\www\yii\framework\web\CController.php:483
Stack trace:
#0 C:\wamp\www\yii\framework\web\CController.php(270): CController->missingAction('images')
#1 C:\wamp\www\yii\framework\web\CWebApplication.php(282): CController->run('images')
#2 C:\wamp\www\yii\framework\web\CWebApplication.php(141): CWebApplication->runController('site/images/pro...')
#3 C:\wamp\www\yii\framework\base\CApplication.php(169): CWebApplication->processRequest()
#4 C:\wamp\www\bitbucket_publicidad\index.php(25): CApplication->run()
#5 {main}
REQUEST_URI=/bitbucket_publicidad/index.php/site/images/product/semillas-ranchito.jpg
HTTP_REFERER=http://localhost/bitbucket_publicidad/index.php/site/index
---
2014/09/25 06:01:22 [error] [exception.CHttpException.404] exception 'CHttpException' with message 'El sistema no ha podido encontrar la acción "images" solicitada.' in C:\wamp\www\yii\framework\web\CController.php:483
Stack trace:
#0 C:\wamp\www\yii\framework\web\CController.php(270): CController->missingAction('images')
#1 C:\wamp\www\yii\framework\web\CWebApplication.php(282): CController->run('images')
#2 C:\wamp\www\yii\framework\web\CWebApplication.php(141): CWebApplication->runController('site/images/pro...')
#3 C:\wamp\www\yii\framework\base\CApplication.php(169): CWebApplication->processRequest()
#4 C:\wamp\www\bitbucket_publicidad\index.php(25): CApplication->run()
#5 {main}
REQUEST_URI=/bitbucket_publicidad/index.php/site/images/product/nino.jpg
HTTP_REFERER=http://localhost/bitbucket_publicidad/index.php/site/index
---
2014/09/25 06:01:22 [error] [exception.CHttpException.404] exception 'CHttpException' with message 'El sistema no ha podido encontrar la acción "images" solicitada.' in C:\wamp\www\yii\framework\web\CController.php:483
Stack trace:
#0 C:\wamp\www\yii\framework\web\CController.php(270): CController->missingAction('images')
#1 C:\wamp\www\yii\framework\web\CWebApplication.php(282): CController->run('images')
#2 C:\wamp\www\yii\framework\web\CWebApplication.php(141): CWebApplication->runController('site/images/pro...')
#3 C:\wamp\www\yii\framework\base\CApplication.php(169): CWebApplication->processRequest()
#4 C:\wamp\www\bitbucket_publicidad\index.php(25): CApplication->run()
#5 {main}
REQUEST_URI=/bitbucket_publicidad/index.php/site/images/product/escobera-los-frailes.jpg
HTTP_REFERER=http://localhost/bitbucket_publicidad/index.php/site/index
---
2014/09/25 06:01:35 [error] [exception.CHttpException.404] exception 'CHttpException' with message 'El sistema no ha podido encontrar la acción "images" solicitada.' in C:\wamp\www\yii\framework\web\CController.php:483
Stack trace:
#0 C:\wamp\www\yii\framework\web\CController.php(270): CController->missingAction('images')
#1 C:\wamp\www\yii\framework\web\CWebApplication.php(282): CController->run('images')
#2 C:\wamp\www\yii\framework\web\CWebApplication.php(141): CWebApplication->runController('site/images/pro...')
#3 C:\wamp\www\yii\framework\base\CApplication.php(169): CWebApplication->processRequest()
#4 C:\wamp\www\bitbucket_publicidad\index.php(25): CApplication->run()
#5 {main}
REQUEST_URI=/bitbucket_publicidad/index.php/site/images/product/hrbasculas.jpg
HTTP_REFERER=http://localhost/bitbucket_publicidad/index.php/site/index
---
2014/09/25 06:01:35 [error] [exception.CHttpException.404] exception 'CHttpException' with message 'El sistema no ha podido encontrar la acción "images" solicitada.' in C:\wamp\www\yii\framework\web\CController.php:483
Stack trace:
#0 C:\wamp\www\yii\framework\web\CController.php(270): CController->missingAction('images')
#1 C:\wamp\www\yii\framework\web\CWebApplication.php(282): CController->run('images')
#2 C:\wamp\www\yii\framework\web\CWebApplication.php(141): CWebApplication->runController('site/images/pro...')
#3 C:\wamp\www\yii\framework\base\CApplication.php(169): CWebApplication->processRequest()
#4 C:\wamp\www\bitbucket_publicidad\index.php(25): CApplication->run()
#5 {main}
REQUEST_URI=/bitbucket_publicidad/index.php/site/images/product/semillas-ranchito.jpg
HTTP_REFERER=http://localhost/bitbucket_publicidad/index.php/site/index
---
2014/09/25 06:01:35 [error] [exception.CHttpException.404] exception 'CHttpException' with message 'El sistema no ha podido encontrar la acción "images" solicitada.' in C:\wamp\www\yii\framework\web\CController.php:483
Stack trace:
#0 C:\wamp\www\yii\framework\web\CController.php(270): CController->missingAction('images')
#1 C:\wamp\www\yii\framework\web\CWebApplication.php(282): CController->run('images')
#2 C:\wamp\www\yii\framework\web\CWebApplication.php(141): CWebApplication->runController('site/images/pro...')
#3 C:\wamp\www\yii\framework\base\CApplication.php(169): CWebApplication->processRequest()
#4 C:\wamp\www\bitbucket_publicidad\index.php(25): CApplication->run()
#5 {main}
REQUEST_URI=/bitbucket_publicidad/index.php/site/images/product/nino.jpg
HTTP_REFERER=http://localhost/bitbucket_publicidad/index.php/site/index
---
2014/09/25 06:01:36 [error] [exception.CHttpException.404] exception 'CHttpException' with message 'El sistema no ha podido encontrar la acción "images" solicitada.' in C:\wamp\www\yii\framework\web\CController.php:483
Stack trace:
#0 C:\wamp\www\yii\framework\web\CController.php(270): CController->missingAction('images')
#1 C:\wamp\www\yii\framework\web\CWebApplication.php(282): CController->run('images')
#2 C:\wamp\www\yii\framework\web\CWebApplication.php(141): CWebApplication->runController('site/images/pro...')
#3 C:\wamp\www\yii\framework\base\CApplication.php(169): CWebApplication->processRequest()
#4 C:\wamp\www\bitbucket_publicidad\index.php(25): CApplication->run()
#5 {main}
REQUEST_URI=/bitbucket_publicidad/index.php/site/images/product/hrbasculas.jpg
HTTP_REFERER=http://localhost/bitbucket_publicidad/index.php/site/index
---
2014/09/25 06:01:36 [error] [exception.CHttpException.404] exception 'CHttpException' with message 'El sistema no ha podido encontrar la acción "images" solicitada.' in C:\wamp\www\yii\framework\web\CController.php:483
Stack trace:
#0 C:\wamp\www\yii\framework\web\CController.php(270): CController->missingAction('images')
#1 C:\wamp\www\yii\framework\web\CWebApplication.php(282): CController->run('images')
#2 C:\wamp\www\yii\framework\web\CWebApplication.php(141): CWebApplication->runController('site/images/pro...')
#3 C:\wamp\www\yii\framework\base\CApplication.php(169): CWebApplication->processRequest()
#4 C:\wamp\www\bitbucket_publicidad\index.php(25): CApplication->run()
#5 {main}
REQUEST_URI=/bitbucket_publicidad/index.php/site/images/product/escobera-los-frailes.jpg
HTTP_REFERER=http://localhost/bitbucket_publicidad/index.php/site/index
---
2014/09/25 06:02:11 [error] [exception.CHttpException.404] exception 'CHttpException' with message 'El sistema no ha podido encontrar la acción "images" solicitada.' in C:\wamp\www\yii\framework\web\CController.php:483
Stack trace:
#0 C:\wamp\www\yii\framework\web\CController.php(270): CController->missingAction('images')
#1 C:\wamp\www\yii\framework\web\CWebApplication.php(282): CController->run('images')
#2 C:\wamp\www\yii\framework\web\CWebApplication.php(141): CWebApplication->runController('site/images/pro...')
#3 C:\wamp\www\yii\framework\base\CApplication.php(169): CWebApplication->processRequest()
#4 C:\wamp\www\bitbucket_publicidad\index.php(25): CApplication->run()
#5 {main}
REQUEST_URI=/bitbucket_publicidad/index.php/site/images/product/escobera-los-frailes.jpg
---
2014/09/25 06:05:33 [error] [exception.CHttpException.404] exception 'CHttpException' with message 'No es posible resolver la solicitud "index.php/product/detail/id/volante_en_linea"' in C:\wamp\www\yii\framework\web\CWebApplication.php:286
Stack trace:
#0 C:\wamp\www\yii\framework\web\CWebApplication.php(141): CWebApplication->runController('index.php/produ...')
#1 C:\wamp\www\yii\framework\base\CApplication.php(169): CWebApplication->processRequest()
#2 C:\wamp\www\bitbucket_publicidad\index.php(25): CApplication->run()
#3 {main}
REQUEST_URI=/bitbucket_publicidad/index.php/index.php/product/detail/id/volante_en_linea
HTTP_REFERER=http://localhost/bitbucket_publicidad/index.php/
---
2014/09/25 06:05:39 [error] [exception.CHttpException.404] exception 'CHttpException' with message 'No es posible resolver la solicitud "index.php/product/detail/id/volante_en_linea"' in C:\wamp\www\yii\framework\web\CWebApplication.php:286
Stack trace:
#0 C:\wamp\www\yii\framework\web\CWebApplication.php(141): CWebApplication->runController('index.php/produ...')
#1 C:\wamp\www\yii\framework\base\CApplication.php(169): CWebApplication->processRequest()
#2 C:\wamp\www\bitbucket_publicidad\index.php(25): CApplication->run()
#3 {main}
REQUEST_URI=/bitbucket_publicidad/index.php/index.php/product/detail/id/volante_en_linea
HTTP_REFERER=http://localhost/bitbucket_publicidad/index.php/
---
2014/09/25 06:06:14 [error] [exception.CHttpException.404] exception 'CHttpException' with message 'No es posible resolver la solicitud "index.php/product/detail/id/volante_en_linea"' in C:\wamp\www\yii\framework\web\CWebApplication.php:286
Stack trace:
#0 C:\wamp\www\yii\framework\web\CWebApplication.php(141): CWebApplication->runController('index.php/produ...')
#1 C:\wamp\www\yii\framework\base\CApplication.php(169): CWebApplication->processRequest()
#2 C:\wamp\www\bitbucket_publicidad\index.php(25): CApplication->run()
#3 {main}
REQUEST_URI=/bitbucket_publicidad/index.php/index.php/product/detail/id/volante_en_linea
HTTP_REFERER=http://localhost/bitbucket_publicidad/index.php/
---
2014/09/25 06:16:57 [error] [system.db.CDbCommand] CDbCommand::fetchAll() falló: SQLSTATE[42S02]: Base table or view not found: 1146 Table 'publicidad.{{product}}' doesn't exist. La sentencia SQL ejecutada fue: SHOW FULL COLUMNS FROM `{{product}}`.
2014/09/25 06:16:57 [error] [exception.CDbException] exception 'CDbException' with message 'La tabla "{{product}}" definida en la clase active record "Product" no se ha podido encontrar en la base de datos.' in C:\wamp\www\yii\framework\db\ar\CActiveRecord.php:2310
Stack trace:
#0 C:\wamp\www\yii\framework\db\ar\CActiveRecord.php(387): CActiveRecordMetaData->__construct(Object(Product))
#1 C:\wamp\www\bitbucket_publicidad\protected\models\Product.php(32): CActiveRecord::model('Product')
#2 C:\wamp\www\bitbucket_publicidad\protected\controllers\ProductController.php(68): Product::model()
#3 [internal function]: ProductController->actionDetail('escobera')
#4 C:\wamp\www\yii\framework\web\actions\CAction.php(108): ReflectionMethod->invokeArgs(Object(ProductController), Array)
#5 C:\wamp\www\yii\framework\web\actions\CInlineAction.php(47): CAction->runWithParamsInternal(Object(ProductController), Object(ReflectionMethod), Array)
#6 C:\wamp\www\yii\framework\web\CController.php(308): CInlineAction->runWithParams(Array)
#7 C:\wamp\www\yii\framework\web\filters\CFilterChain.php(133): CController->runAction(Object(CInlineAction))
#8 C:\wamp\www\yii\framework\web\filters\CFilter.php(40): CFilterChain->run()
#9 C:\wamp\www\yii\framework\web\CController.php(1145): CFilter->filter(Object(CFilterChain))
#10 C:\wamp\www\yii\framework\web\filters\CInlineFilter.php(58): CController->filterAccessControl(Object(CFilterChain))
#11 C:\wamp\www\yii\framework\web\filters\CFilterChain.php(130): CInlineFilter->filter(Object(CFilterChain))
#12 C:\wamp\www\yii\framework\web\CController.php(291): CFilterChain->run()
#13 C:\wamp\www\yii\framework\web\CController.php(265): CController->runActionWithFilters(Object(CInlineAction), Array)
#14 C:\wamp\www\yii\framework\web\CWebApplication.php(282): CController->run('detail')
#15 C:\wamp\www\yii\framework\web\CWebApplication.php(141): CWebApplication->runController('product/detail/...')
#16 C:\wamp\www\yii\framework\base\CApplication.php(169): CWebApplication->processRequest()
#17 C:\wamp\www\bitbucket_publicidad\index.php(25): CApplication->run()
#18 {main}
REQUEST_URI=/bitbucket_publicidad/index.php/product/detail/id/escobera
---
2014/09/25 06:31:51 [error] [exception.CHttpException.404] exception 'CHttpException' with message 'El sistema no ha podido encontrar la acción "create" solicitada.' in C:\wamp\www\yii\framework\web\CController.php:483
Stack trace:
#0 C:\wamp\www\yii\framework\web\CController.php(270): CController->missingAction('create')
#1 C:\wamp\www\yii\framework\web\CWebApplication.php(282): CController->run('create')
#2 C:\wamp\www\yii\framework\web\CWebApplication.php(141): CWebApplication->runController('site/create')
#3 C:\wamp\www\yii\framework\base\CApplication.php(169): CWebApplication->processRequest()
#4 C:\wamp\www\bitbucket_publicidad\index.php(25): CApplication->run()
#5 {main}
REQUEST_URI=/bitbucket_publicidad/index.php/site/create
---
2014/09/25 06:32:05 [error] [exception.CHttpException.404] exception 'CHttpException' with message 'El sistema no ha podido encontrar la acción "create" solicitada.' in C:\wamp\www\yii\framework\web\CController.php:483
Stack trace:
#0 C:\wamp\www\yii\framework\web\CController.php(270): CController->missingAction('create')
#1 C:\wamp\www\yii\framework\web\CWebApplication.php(282): CController->run('create')
#2 C:\wamp\www\yii\framework\web\CWebApplication.php(141): CWebApplication->runController('site/create')
#3 C:\wamp\www\yii\framework\base\CApplication.php(169): CWebApplication->processRequest()
#4 C:\wamp\www\bitbucket_publicidad\index.php(25): CApplication->run()
#5 {main}
REQUEST_URI=/bitbucket_publicidad/index.php/site/create
---
2014/09/25 06:32:27 [error] [exception.CHttpException.404] exception 'CHttpException' with message 'El sistema no ha podido encontrar la acción "create" solicitada.' in C:\wamp\www\yii\framework\web\CController.php:483
Stack trace:
#0 C:\wamp\www\yii\framework\web\CController.php(270): CController->missingAction('create')
#1 C:\wamp\www\yii\framework\web\CWebApplication.php(282): CController->run('create')
#2 C:\wamp\www\yii\framework\web\CWebApplication.php(141): CWebApplication->runController('site/create')
#3 C:\wamp\www\yii\framework\base\CApplication.php(169): CWebApplication->processRequest()
#4 C:\wamp\www\bitbucket_publicidad\index.php(25): CApplication->run()
#5 {main}
REQUEST_URI=/bitbucket_publicidad/index.php/site/create
---
2014/09/25 06:34:09 [error] [exception.CHttpException.404] exception 'CHttpException' with message 'El sistema no ha podido encontrar la acción "create" solicitada.' in C:\wamp\www\yii\framework\web\CController.php:483
Stack trace:
#0 C:\wamp\www\yii\framework\web\CController.php(270): CController->missingAction('create')
#1 C:\wamp\www\yii\framework\web\CWebApplication.php(282): CController->run('create')
#2 C:\wamp\www\yii\framework\web\CWebApplication.php(141): CWebApplication->runController('site/create')
#3 C:\wamp\www\yii\framework\base\CApplication.php(169): CWebApplication->processRequest()
#4 C:\wamp\www\bitbucket_publicidad\index.php(25): CApplication->run()
#5 {main}
REQUEST_URI=/bitbucket_publicidad/index.php/site/create
---
2014/09/25 06:34:49 [error] [exception.CHttpException.404] exception 'CHttpException' with message 'El sistema no ha podido encontrar la acción "new" solicitada.' in C:\wamp\www\yii\framework\web\CController.php:483
Stack trace:
#0 C:\wamp\www\yii\framework\web\CController.php(270): CController->missingAction('new')
#1 C:\wamp\www\yii\framework\web\CWebApplication.php(282): CController->run('new')
#2 C:\wamp\www\yii\framework\web\CWebApplication.php(141): CWebApplication->runController('site/new')
#3 C:\wamp\www\yii\framework\base\CApplication.php(169): CWebApplication->processRequest()
#4 C:\wamp\www\bitbucket_publicidad\index.php(25): CApplication->run()
#5 {main}
REQUEST_URI=/bitbucket_publicidad/index.php/site/new
---
2014/09/25 06:41:31 [error] [exception.CHttpException.404] exception 'CHttpException' with message 'El sistema no ha podido encontrar la acción "new" solicitada.' in C:\wamp\www\yii\framework\web\CController.php:483
Stack trace:
#0 C:\wamp\www\yii\framework\web\CController.php(270): CController->missingAction('new')
#1 C:\wamp\www\yii\framework\web\CWebApplication.php(282): CController->run('new')
#2 C:\wamp\www\yii\framework\web\CWebApplication.php(141): CWebApplication->runController('site/new')
#3 C:\wamp\www\yii\framework\base\CApplication.php(169): CWebApplication->processRequest()
#4 C:\wamp\www\bitbucket_publicidad\index.php(25): CApplication->run()
#5 {main}
REQUEST_URI=/bitbucket_publicidad/index.php/site/new
---
2014/09/25 06:41:52 [error] [exception.CHttpException.404] exception 'CHttpException' with message 'El sistema no ha podido encontrar la acción "new" solicitada.' in C:\wamp\www\yii\framework\web\CController.php:483
Stack trace:
#0 C:\wamp\www\yii\framework\web\CController.php(270): CController->missingAction('new')
#1 C:\wamp\www\yii\framework\web\CWebApplication.php(282): CController->run('new')
#2 C:\wamp\www\yii\framework\web\CWebApplication.php(141): CWebApplication->runController('site/new')
#3 C:\wamp\www\yii\framework\base\CApplication.php(169): CWebApplication->processRequest()
#4 C:\wamp\www\bitbucket_publicidad\index.php(25): CApplication->run()
#5 {main}
REQUEST_URI=/bitbucket_publicidad/index.php/site/new
---
2014/09/25 06:44:19 [error] [exception.CHttpException.404] exception 'CHttpException' with message 'No es posible resolver la solicitud "shop/create"' in C:\wamp\www\yii\framework\web\CWebApplication.php:286
Stack trace:
#0 C:\wamp\www\yii\framework\web\CWebApplication.php(141): CWebApplication->runController('shop/create')
#1 C:\wamp\www\yii\framework\base\CApplication.php(169): CWebApplication->processRequest()
#2 C:\wamp\www\bitbucket_publicidad\index.php(25): CApplication->run()
#3 {main}
REQUEST_URI=/bitbucket_publicidad/index.php/shop/create
---
2014/09/25 06:46:44 [error] [exception.CHttpException.400] exception 'CHttpException' with message 'Su solicitud es inválida.' in C:\wamp\www\yii\framework\web\CController.php:336
Stack trace:
#0 C:\wamp\www\yii\framework\web\CController.php(309): CController->invalidActionParams(Object(CInlineAction))
#1 C:\wamp\www\yii\framework\web\filters\CFilterChain.php(133): CController->runAction(Object(CInlineAction))
#2 C:\wamp\www\yii\framework\web\filters\CFilter.php(40): CFilterChain->run()
#3 C:\wamp\www\yii\framework\web\CController.php(1145): CFilter->filter(Object(CFilterChain))
#4 C:\wamp\www\yii\framework\web\filters\CInlineFilter.php(58): CController->filterAccessControl(Object(CFilterChain))
#5 C:\wamp\www\yii\framework\web\filters\CFilterChain.php(130): CInlineFilter->filter(Object(CFilterChain))
#6 C:\wamp\www\yii\framework\web\CController.php(291): CFilterChain->run()
#7 C:\wamp\www\yii\framework\web\CController.php(265): CController->runActionWithFilters(Object(CInlineAction), Array)
#8 C:\wamp\www\yii\framework\web\CWebApplication.php(282): CController->run('create')
#9 C:\wamp\www\yii\framework\web\CWebApplication.php(141): CWebApplication->runController('shop/create')
#10 C:\wamp\www\yii\framework\base\CApplication.php(169): CWebApplication->processRequest()
#11 C:\wamp\www\bitbucket_publicidad\index.php(25): CApplication->run()
#12 {main}
REQUEST_URI=/bitbucket_publicidad/index.php/shop/create
HTTP_REFERER=http://localhost/bitbucket_publicidad/index.php/site/login
---
2014/09/25 06:46:52 [error] [exception.CHttpException.400] exception 'CHttpException' with message 'Su solicitud es inválida.' in C:\wamp\www\yii\framework\web\CController.php:336
Stack trace:
#0 C:\wamp\www\yii\framework\web\CController.php(309): CController->invalidActionParams(Object(CInlineAction))
#1 C:\wamp\www\yii\framework\web\filters\CFilterChain.php(133): CController->runAction(Object(CInlineAction))
#2 C:\wamp\www\yii\framework\web\filters\CFilter.php(40): CFilterChain->run()
#3 C:\wamp\www\yii\framework\web\CController.php(1145): CFilter->filter(Object(CFilterChain))
#4 C:\wamp\www\yii\framework\web\filters\CInlineFilter.php(58): CController->filterAccessControl(Object(CFilterChain))
#5 C:\wamp\www\yii\framework\web\filters\CFilterChain.php(130): CInlineFilter->filter(Object(CFilterChain))
#6 C:\wamp\www\yii\framework\web\CController.php(291): CFilterChain->run()
#7 C:\wamp\www\yii\framework\web\CController.php(265): CController->runActionWithFilters(Object(CInlineAction), Array)
#8 C:\wamp\www\yii\framework\web\CWebApplication.php(282): CController->run('create')
#9 C:\wamp\www\yii\framework\web\CWebApplication.php(141): CWebApplication->runController('shop/create')
#10 C:\wamp\www\yii\framework\base\CApplication.php(169): CWebApplication->processRequest()
#11 C:\wamp\www\bitbucket_publicidad\index.php(25): CApplication->run()
#12 {main}
REQUEST_URI=/bitbucket_publicidad/index.php/shop/create
---
2014/09/25 06:47:09 [error] [exception.CHttpException.400] exception 'CHttpException' with message 'Su solicitud es inválida.' in C:\wamp\www\yii\framework\web\CController.php:336
Stack trace:
#0 C:\wamp\www\yii\framework\web\CController.php(309): CController->invalidActionParams(Object(CInlineAction))
#1 C:\wamp\www\yii\framework\web\filters\CFilterChain.php(133): CController->runAction(Object(CInlineAction))
#2 C:\wamp\www\yii\framework\web\filters\CFilter.php(40): CFilterChain->run()
#3 C:\wamp\www\yii\framework\web\CController.php(1145): CFilter->filter(Object(CFilterChain))
#4 C:\wamp\www\yii\framework\web\filters\CInlineFilter.php(58): CController->filterAccessControl(Object(CFilterChain))
#5 C:\wamp\www\yii\framework\web\filters\CFilterChain.php(130): CInlineFilter->filter(Object(CFilterChain))
#6 C:\wamp\www\yii\framework\web\CController.php(291): CFilterChain->run()
#7 C:\wamp\www\yii\framework\web\CController.php(265): CController->runActionWithFilters(Object(CInlineAction), Array)
#8 C:\wamp\www\yii\framework\web\CWebApplication.php(282): CController->run('create')
#9 C:\wamp\www\yii\framework\web\CWebApplication.php(141): CWebApplication->runController('shop/create')
#10 C:\wamp\www\yii\framework\base\CApplication.php(169): CWebApplication->processRequest()
#11 C:\wamp\www\bitbucket_publicidad\index.php(25): CApplication->run()
#12 {main}
REQUEST_URI=/bitbucket_publicidad/index.php/shop/create
---
2014/09/25 06:49:32 [error] [exception.CException] exception 'CException' with message 'ShopController no ha podido encontrar la vista "index" solicitada.' in C:\wamp\www\yii\framework\web\CController.php:878
Stack trace:
#0 C:\wamp\www\yii\framework\web\CController.php(782): CController->renderPartial('index', NULL, true)
#1 C:\wamp\www\bitbucket_publicidad\protected\controllers\ShopController.php(46): CController->render('index')
#2 C:\wamp\www\yii\framework\web\actions\CInlineAction.php(49): ShopController->actionIndex()
#3 C:\wamp\www\yii\framework\web\CController.php(308): CInlineAction->runWithParams(Array)
#4 C:\wamp\www\yii\framework\web\filters\CFilterChain.php(133): CController->runAction(Object(CInlineAction))
#5 C:\wamp\www\yii\framework\web\filters\CFilter.php(40): CFilterChain->run()
#6 C:\wamp\www\yii\framework\web\CController.php(1145): CFilter->filter(Object(CFilterChain))
#7 C:\wamp\www\yii\framework\web\filters\CInlineFilter.php(58): CController->filterAccessControl(Object(CFilterChain))
#8 C:\wamp\www\yii\framework\web\filters\CFilterChain.php(130): CInlineFilter->filter(Object(CFilterChain))
#9 C:\wamp\www\yii\framework\web\CController.php(291): CFilterChain->run()
#10 C:\wamp\www\yii\framework\web\CController.php(265): CController->runActionWithFilters(Object(CInlineAction), Array)
#11 C:\wamp\www\yii\framework\web\CWebApplication.php(282): CController->run('')
#12 C:\wamp\www\yii\framework\web\CWebApplication.php(141): CWebApplication->runController('shop')
#13 C:\wamp\www\yii\framework\base\CApplication.php(169): CWebApplication->processRequest()
#14 C:\wamp\www\bitbucket_publicidad\index.php(25): CApplication->run()
#15 {main}
REQUEST_URI=/bitbucket_publicidad/index.php/shop
---
2014/09/25 06:50:17 [error] [exception.CException] exception 'CException' with message 'ShopController no ha podido encontrar la vista "site/admin" solicitada.' in C:\wamp\www\yii\framework\web\CController.php:878
Stack trace:
#0 C:\wamp\www\yii\framework\web\CController.php(782): CController->renderPartial('site/admin', NULL, true)
#1 C:\wamp\www\bitbucket_publicidad\protected\controllers\ShopController.php(46): CController->render('site/admin')
#2 C:\wamp\www\yii\framework\web\actions\CInlineAction.php(49): ShopController->actionIndex()
#3 C:\wamp\www\yii\framework\web\CController.php(308): CInlineAction->runWithParams(Array)
#4 C:\wamp\www\yii\framework\web\filters\CFilterChain.php(133): CController->runAction(Object(CInlineAction))
#5 C:\wamp\www\yii\framework\web\filters\CFilter.php(40): CFilterChain->run()
#6 C:\wamp\www\yii\framework\web\CController.php(1145): CFilter->filter(Object(CFilterChain))
#7 C:\wamp\www\yii\framework\web\filters\CInlineFilter.php(58): CController->filterAccessControl(Object(CFilterChain))
#8 C:\wamp\www\yii\framework\web\filters\CFilterChain.php(130): CInlineFilter->filter(Object(CFilterChain))
#9 C:\wamp\www\yii\framework\web\CController.php(291): CFilterChain->run()
#10 C:\wamp\www\yii\framework\web\CController.php(265): CController->runActionWithFilters(Object(CInlineAction), Array)
#11 C:\wamp\www\yii\framework\web\CWebApplication.php(282): CController->run('')
#12 C:\wamp\www\yii\framework\web\CWebApplication.php(141): CWebApplication->runController('shop')
#13 C:\wamp\www\yii\framework\base\CApplication.php(169): CWebApplication->processRequest()
#14 C:\wamp\www\bitbucket_publicidad\index.php(25): CApplication->run()
#15 {main}
REQUEST_URI=/bitbucket_publicidad/index.php/shop
---
2014/09/25 06:54:34 [error] [exception.CException] exception 'CException' with message 'CWebApplication y sus behaviors no tienen un método o closure llamado "user".' in C:\wamp\www\yii\framework\base\CComponent.php:265
Stack trace:
#0 C:\wamp\www\bitbucket_publicidad\protected\controllers\SiteController.php(43): CComponent->__call('user', Array)
#1 C:\wamp\www\bitbucket_publicidad\protected\controllers\SiteController.php(43): CWebApplication->user()
#2 C:\wamp\www\yii\framework\web\actions\CInlineAction.php(49): SiteController->actionIndex()
#3 C:\wamp\www\yii\framework\web\CController.php(308): CInlineAction->runWithParams(Array)
#4 C:\wamp\www\yii\framework\web\CController.php(286): CController->runAction(Object(CInlineAction))
#5 C:\wamp\www\yii\framework\web\CController.php(265): CController->runActionWithFilters(Object(CInlineAction), Array)
#6 C:\wamp\www\yii\framework\web\CWebApplication.php(282): CController->run('')
#7 C:\wamp\www\yii\framework\web\CWebApplication.php(141): CWebApplication->runController('site')
#8 C:\wamp\www\yii\framework\base\CApplication.php(169): CWebApplication->processRequest()
#9 C:\wamp\www\bitbucket_publicidad\index.php(25): CApplication->run()
#10 {main}
REQUEST_URI=/bitbucket_publicidad/index.php/site
---
2014/09/25 06:59:05 [error] [exception.CHttpException.403] exception 'CHttpException' with message 'Access denied.' in C:\wamp\www\bitbucket_publicidad\protected\controllers\SiteController.php:44
Stack trace:
#0 C:\wamp\www\yii\framework\web\actions\CInlineAction.php(49): SiteController->actionIndex()
#1 C:\wamp\www\yii\framework\web\CController.php(308): CInlineAction->runWithParams(Array)
#2 C:\wamp\www\yii\framework\web\CController.php(286): CController->runAction(Object(CInlineAction))
#3 C:\wamp\www\yii\framework\web\CController.php(265): CController->runActionWithFilters(Object(CInlineAction), Array)
#4 C:\wamp\www\yii\framework\web\CWebApplication.php(282): CController->run('')
#5 C:\wamp\www\yii\framework\web\CWebApplication.php(141): CWebApplication->runController('site')
#6 C:\wamp\www\yii\framework\base\CApplication.php(169): CWebApplication->processRequest()
#7 C:\wamp\www\bitbucket_publicidad\index.php(25): CApplication->run()
#8 {main}
REQUEST_URI=/bitbucket_publicidad/index.php/site
---
2014/09/25 06:59:33 [error] [exception.CHttpException.403] exception 'CHttpException' with message 'Access denied.' in C:\wamp\www\bitbucket_publicidad\protected\controllers\SiteController.php:68
Stack trace:
#0 C:\wamp\www\yii\framework\web\actions\CInlineAction.php(49): SiteController->actionAdmin()
#1 C:\wamp\www\yii\framework\web\CController.php(308): CInlineAction->runWithParams(Array)
#2 C:\wamp\www\yii\framework\web\CController.php(286): CController->runAction(Object(CInlineAction))
#3 C:\wamp\www\yii\framework\web\CController.php(265): CController->runActionWithFilters(Object(CInlineAction), Array)
#4 C:\wamp\www\yii\framework\web\CWebApplication.php(282): CController->run('admin')
#5 C:\wamp\www\yii\framework\web\CWebApplication.php(141): CWebApplication->runController('site/admin')
#6 C:\wamp\www\yii\framework\base\CApplication.php(169): CWebApplication->processRequest()
#7 C:\wamp\www\bitbucket_publicidad\index.php(25): CApplication->run()
#8 {main}
REQUEST_URI=/bitbucket_publicidad/index.php/site/admin
---
2014/09/25 07:00:03 [error] [exception.CException] exception 'CException' with message 'Propiedad "CWebUser"."isAdmin" no se encuentra definida.' in C:\wamp\www\yii\framework\base\CComponent.php:130
Stack trace:
#0 C:\wamp\www\yii\framework\web\auth\CWebUser.php(140): CComponent->__get('isAdmin')
#1 C:\wamp\www\bitbucket_publicidad\protected\controllers\SiteController.php(66): CWebUser->__get('isAdmin')
#2 C:\wamp\www\yii\framework\web\actions\CInlineAction.php(49): SiteController->actionAdmin()
#3 C:\wamp\www\yii\framework\web\CController.php(308): CInlineAction->runWithParams(Array)
#4 C:\wamp\www\yii\framework\web\CController.php(286): CController->runAction(Object(CInlineAction))
#5 C:\wamp\www\yii\framework\web\CController.php(265): CController->runActionWithFilters(Object(CInlineAction), Array)
#6 C:\wamp\www\yii\framework\web\CWebApplication.php(282): CController->run('admin')
#7 C:\wamp\www\yii\framework\web\CWebApplication.php(141): CWebApplication->runController('site/admin')
#8 C:\wamp\www\yii\framework\base\CApplication.php(169): CWebApplication->processRequest()
#9 C:\wamp\www\bitbucket_publicidad\index.php(25): CApplication->run()
#10 {main}
REQUEST_URI=/bitbucket_publicidad/index.php/site/admin
---
2014/09/25 07:00:43 [error] [exception.CHttpException.403] exception 'CHttpException' with message 'Access denied.' in C:\wamp\www\bitbucket_publicidad\protected\controllers\SiteController.php:68
Stack trace:
#0 C:\wamp\www\yii\framework\web\actions\CInlineAction.php(49): SiteController->actionAdmin()
#1 C:\wamp\www\yii\framework\web\CController.php(308): CInlineAction->runWithParams(Array)
#2 C:\wamp\www\yii\framework\web\CController.php(286): CController->runAction(Object(CInlineAction))
#3 C:\wamp\www\yii\framework\web\CController.php(265): CController->runActionWithFilters(Object(CInlineAction), Array)
#4 C:\wamp\www\yii\framework\web\CWebApplication.php(282): CController->run('admin')
#5 C:\wamp\www\yii\framework\web\CWebApplication.php(141): CWebApplication->runController('site/admin')
#6 C:\wamp\www\yii\framework\base\CApplication.php(169): CWebApplication->processRequest()
#7 C:\wamp\www\bitbucket_publicidad\index.php(25): CApplication->run()
#8 {main}
REQUEST_URI=/bitbucket_publicidad/index.php/site/admin
---
2014/09/25 07:01:16 [error] [exception.CHttpException.403] exception 'CHttpException' with message 'Access denied.' in C:\wamp\www\bitbucket_publicidad\protected\controllers\SiteController.php:68
Stack trace:
#0 C:\wamp\www\yii\framework\web\actions\CInlineAction.php(49): SiteController->actionAdmin()
#1 C:\wamp\www\yii\framework\web\CController.php(308): CInlineAction->runWithParams(Array)
#2 C:\wamp\www\yii\framework\web\CController.php(286): CController->runAction(Object(CInlineAction))
#3 C:\wamp\www\yii\framework\web\CController.php(265): CController->runActionWithFilters(Object(CInlineAction), Array)
#4 C:\wamp\www\yii\framework\web\CWebApplication.php(282): CController->run('admin')
#5 C:\wamp\www\yii\framework\web\CWebApplication.php(141): CWebApplication->runController('site/admin')
#6 C:\wamp\www\yii\framework\base\CApplication.php(169): CWebApplication->processRequest()
#7 C:\wamp\www\bitbucket_publicidad\index.php(25): CApplication->run()
#8 {main}
REQUEST_URI=/bitbucket_publicidad/index.php/site/admin
---
2014/09/25 07:02:03 [error] [exception.CException] exception 'CException' with message 'ShopController no ha podido encontrar la vista "site/admin" solicitada.' in C:\wamp\www\yii\framework\web\CController.php:878
Stack trace:
#0 C:\wamp\www\yii\framework\web\CController.php(782): CController->renderPartial('site/admin', NULL, true)
#1 C:\wamp\www\bitbucket_publicidad\protected\controllers\ShopController.php(51): CController->render('site/admin')
#2 C:\wamp\www\yii\framework\web\actions\CInlineAction.php(49): ShopController->actionIndex()
#3 C:\wamp\www\yii\framework\web\CController.php(308): CInlineAction->runWithParams(Array)
#4 C:\wamp\www\yii\framework\web\filters\CFilterChain.php(133): CController->runAction(Object(CInlineAction))
#5 C:\wamp\www\yii\framework\web\filters\CFilter.php(40): CFilterChain->run()
#6 C:\wamp\www\yii\framework\web\CController.php(1145): CFilter->filter(Object(CFilterChain))
#7 C:\wamp\www\yii\framework\web\filters\CInlineFilter.php(58): CController->filterAccessControl(Object(CFilterChain))
#8 C:\wamp\www\yii\framework\web\filters\CFilterChain.php(130): CInlineFilter->filter(Object(CFilterChain))
#9 C:\wamp\www\yii\framework\web\CController.php(291): CFilterChain->run()
#10 C:\wamp\www\yii\framework\web\CController.php(265): CController->runActionWithFilters(Object(CInlineAction), Array)
#11 C:\wamp\www\yii\framework\web\CWebApplication.php(282): CController->run('')
#12 C:\wamp\www\yii\framework\web\CWebApplication.php(141): CWebApplication->runController('shop')
#13 C:\wamp\www\yii\framework\base\CApplication.php(169): CWebApplication->processRequest()
#14 C:\wamp\www\bitbucket_publicidad\index.php(25): CApplication->run()
#15 {main}
REQUEST_URI=/bitbucket_publicidad/index.php/shop
---
2014/09/25 07:02:25 [error] [exception.CException] exception 'CException' with message 'ShopController no ha podido encontrar la vista "site/admin" solicitada.' in C:\wamp\www\yii\framework\web\CController.php:878
Stack trace:
#0 C:\wamp\www\yii\framework\web\CController.php(782): CController->renderPartial('site/admin', NULL, true)
#1 C:\wamp\www\bitbucket_publicidad\protected\controllers\ShopController.php(51): CController->render('site/admin')
#2 C:\wamp\www\yii\framework\web\actions\CInlineAction.php(49): ShopController->actionIndex()
#3 C:\wamp\www\yii\framework\web\CController.php(308): CInlineAction->runWithParams(Array)
#4 C:\wamp\www\yii\framework\web\filters\CFilterChain.php(133): CController->runAction(Object(CInlineAction))
#5 C:\wamp\www\yii\framework\web\filters\CFilter.php(40): CFilterChain->run()
#6 C:\wamp\www\yii\framework\web\CController.php(1145): CFilter->filter(Object(CFilterChain))
#7 C:\wamp\www\yii\framework\web\filters\CInlineFilter.php(58): CController->filterAccessControl(Object(CFilterChain))
#8 C:\wamp\www\yii\framework\web\filters\CFilterChain.php(130): CInlineFilter->filter(Object(CFilterChain))
#9 C:\wamp\www\yii\framework\web\CController.php(291): CFilterChain->run()
#10 C:\wamp\www\yii\framework\web\CController.php(265): CController->runActionWithFilters(Object(CInlineAction), Array)
#11 C:\wamp\www\yii\framework\web\CWebApplication.php(282): CController->run('')
#12 C:\wamp\www\yii\framework\web\CWebApplication.php(141): CWebApplication->runController('shop')
#13 C:\wamp\www\yii\framework\base\CApplication.php(169): CWebApplication->processRequest()
#14 C:\wamp\www\bitbucket_publicidad\index.php(25): CApplication->run()
#15 {main}
REQUEST_URI=/bitbucket_publicidad/index.php/shop
HTTP_REFERER=http://localhost/bitbucket_publicidad/index.php/site/login
---
2014/09/25 07:03:32 [error] [exception.CHttpException.403] exception 'CHttpException' with message 'Usted no se encuentra autorizado a realizar esta acción.' in C:\wamp\www\yii\framework\web\auth\CAccessControlFilter.php:179
Stack trace:
#0 C:\wamp\www\yii\framework\web\auth\CAccessControlFilter.php(142): CAccessControlFilter->accessDenied(Object(CWebUser), 'Usted no se enc...')
#1 C:\wamp\www\yii\framework\web\filters\CFilter.php(38): CAccessControlFilter->preFilter(Object(CFilterChain))
#2 C:\wamp\www\yii\framework\web\CController.php(1145): CFilter->filter(Object(CFilterChain))
#3 C:\wamp\www\yii\framework\web\filters\CInlineFilter.php(58): CController->filterAccessControl(Object(CFilterChain))
#4 C:\wamp\www\yii\framework\web\filters\CFilterChain.php(130): CInlineFilter->filter(Object(CFilterChain))
#5 C:\wamp\www\yii\framework\web\CController.php(291): CFilterChain->run()
#6 C:\wamp\www\yii\framework\web\CController.php(265): CController->runActionWithFilters(Object(CInlineAction), Array)
#7 C:\wamp\www\yii\framework\web\CWebApplication.php(282): CController->run('')
#8 C:\wamp\www\yii\framework\web\CWebApplication.php(141): CWebApplication->runController('shop')
#9 C:\wamp\www\yii\framework\base\CApplication.php(169): CWebApplication->processRequest()
#10 C:\wamp\www\bitbucket_publicidad\index.php(25): CApplication->run()
#11 {main}
REQUEST_URI=/bitbucket_publicidad/index.php/shop
---
2014/09/25 07:03:55 [error] [exception.CHttpException.403] exception 'CHttpException' with message 'Usted no se encuentra autorizado a realizar esta acción.' in C:\wamp\www\yii\framework\web\auth\CAccessControlFilter.php:179
Stack trace:
#0 C:\wamp\www\yii\framework\web\auth\CAccessControlFilter.php(142): CAccessControlFilter->accessDenied(Object(CWebUser), 'Usted no se enc...')
#1 C:\wamp\www\yii\framework\web\filters\CFilter.php(38): CAccessControlFilter->preFilter(Object(CFilterChain))
#2 C:\wamp\www\yii\framework\web\CController.php(1145): CFilter->filter(Object(CFilterChain))
#3 C:\wamp\www\yii\framework\web\filters\CInlineFilter.php(58): CController->filterAccessControl(Object(CFilterChain))
#4 C:\wamp\www\yii\framework\web\filters\CFilterChain.php(130): CInlineFilter->filter(Object(CFilterChain))
#5 C:\wamp\www\yii\framework\web\CController.php(291): CFilterChain->run()
#6 C:\wamp\www\yii\framework\web\CController.php(265): CController->runActionWithFilters(Object(CInlineAction), Array)
#7 C:\wamp\www\yii\framework\web\CWebApplication.php(282): CController->run('')
#8 C:\wamp\www\yii\framework\web\CWebApplication.php(141): CWebApplication->runController('shop')
#9 C:\wamp\www\yii\framework\base\CApplication.php(169): CWebApplication->processRequest()
#10 C:\wamp\www\bitbucket_publicidad\index.php(25): CApplication->run()
#11 {main}
REQUEST_URI=/bitbucket_publicidad/index.php/shop
---
2014/09/25 07:04:25 [error] [exception.CHttpException.403] exception 'CHttpException' with message 'Usted no se encuentra autorizado a realizar esta acción.' in C:\wamp\www\yii\framework\web\auth\CAccessControlFilter.php:179
Stack trace:
#0 C:\wamp\www\yii\framework\web\auth\CAccessControlFilter.php(142): CAccessControlFilter->accessDenied(Object(CWebUser), 'Usted no se enc...')
#1 C:\wamp\www\yii\framework\web\filters\CFilter.php(38): CAccessControlFilter->preFilter(Object(CFilterChain))
#2 C:\wamp\www\yii\framework\web\CController.php(1145): CFilter->filter(Object(CFilterChain))
#3 C:\wamp\www\yii\framework\web\filters\CInlineFilter.php(58): CController->filterAccessControl(Object(CFilterChain))
#4 C:\wamp\www\yii\framework\web\filters\CFilterChain.php(130): CInlineFilter->filter(Object(CFilterChain))
#5 C:\wamp\www\yii\framework\web\CController.php(291): CFilterChain->run()
#6 C:\wamp\www\yii\framework\web\CController.php(265): CController->runActionWithFilters(Object(CInlineAction), Array)
#7 C:\wamp\www\yii\framework\web\CWebApplication.php(282): CController->run('')
#8 C:\wamp\www\yii\framework\web\CWebApplication.php(141): CWebApplication->runController('shop')
#9 C:\wamp\www\yii\framework\base\CApplication.php(169): CWebApplication->processRequest()
#10 C:\wamp\www\bitbucket_publicidad\index.php(25): CApplication->run()
#11 {main}
REQUEST_URI=/bitbucket_publicidad/index.php/shop
---
2014/09/25 07:07:56 [error] [exception.CHttpException.403] exception 'CHttpException' with message 'Usted no se encuentra autorizado a realizar esta acción.' in C:\wamp\www\yii\framework\web\auth\CAccessControlFilter.php:179
Stack trace:
#0 C:\wamp\www\yii\framework\web\auth\CAccessControlFilter.php(142): CAccessControlFilter->accessDenied(Object(CWebUser), 'Usted no se enc...')
#1 C:\wamp\www\yii\framework\web\filters\CFilter.php(38): CAccessControlFilter->preFilter(Object(CFilterChain))
#2 C:\wamp\www\yii\framework\web\CController.php(1145): CFilter->filter(Object(CFilterChain))
#3 C:\wamp\www\yii\framework\web\filters\CInlineFilter.php(58): CController->filterAccessControl(Object(CFilterChain))
#4 C:\wamp\www\yii\framework\web\filters\CFilterChain.php(130): CInlineFilter->filter(Object(CFilterChain))
#5 C:\wamp\www\yii\framework\web\CController.php(291): CFilterChain->run()
#6 C:\wamp\www\yii\framework\web\CController.php(265): CController->runActionWithFilters(Object(CInlineAction), Array)
#7 C:\wamp\www\yii\framework\web\CWebApplication.php(282): CController->run('')
#8 C:\wamp\www\yii\framework\web\CWebApplication.php(141): CWebApplication->runController('shop')
#9 C:\wamp\www\yii\framework\base\CApplication.php(169): CWebApplication->processRequest()
#10 C:\wamp\www\bitbucket_publicidad\index.php(25): CApplication->run()
#11 {main}
REQUEST_URI=/bitbucket_publicidad/index.php/shop
---
2014/09/25 07:08:55 [error] [exception.CHttpException.403] exception 'CHttpException' with message 'Access denied.' in C:\wamp\www\bitbucket_publicidad\protected\controllers\SiteController.php:68
Stack trace:
#0 C:\wamp\www\yii\framework\web\actions\CInlineAction.php(49): SiteController->actionAdmin()
#1 C:\wamp\www\yii\framework\web\CController.php(308): CInlineAction->runWithParams(Array)
#2 C:\wamp\www\yii\framework\web\CController.php(286): CController->runAction(Object(CInlineAction))
#3 C:\wamp\www\yii\framework\web\CController.php(265): CController->runActionWithFilters(Object(CInlineAction), Array)
#4 C:\wamp\www\yii\framework\web\CWebApplication.php(282): CController->run('admin')
#5 C:\wamp\www\yii\framework\web\CWebApplication.php(141): CWebApplication->runController('site/admin')
#6 C:\wamp\www\yii\framework\base\CApplication.php(169): CWebApplication->processRequest()
#7 C:\wamp\www\bitbucket_publicidad\index.php(25): CApplication->run()
#8 {main}
REQUEST_URI=/bitbucket_publicidad/index.php/site/admin
---
2014/09/25 07:12:58 [error] [exception.CHttpException.403] exception 'CHttpException' with message 'Usted no se encuentra autorizado a realizar esta acción.' in C:\wamp\www\yii\framework\web\auth\CAccessControlFilter.php:179
Stack trace:
#0 C:\wamp\www\yii\framework\web\auth\CAccessControlFilter.php(142): CAccessControlFilter->accessDenied(Object(CWebUser), 'Usted no se enc...')
#1 C:\wamp\www\yii\framework\web\filters\CFilter.php(38): CAccessControlFilter->preFilter(Object(CFilterChain))
#2 C:\wamp\www\yii\framework\web\CController.php(1145): CFilter->filter(Object(CFilterChain))
#3 C:\wamp\www\yii\framework\web\filters\CInlineFilter.php(58): CController->filterAccessControl(Object(CFilterChain))
#4 C:\wamp\www\yii\framework\web\filters\CFilterChain.php(130): CInlineFilter->filter(Object(CFilterChain))
#5 C:\wamp\www\yii\framework\web\CController.php(291): CFilterChain->run()
#6 C:\wamp\www\yii\framework\web\CController.php(265): CController->runActionWithFilters(Object(CInlineAction), Array)
#7 C:\wamp\www\yii\framework\web\CWebApplication.php(282): CController->run('')
#8 C:\wamp\www\yii\framework\web\CWebApplication.php(141): CWebApplication->runController('shop')
#9 C:\wamp\www\yii\framework\base\CApplication.php(169): CWebApplication->processRequest()
#10 C:\wamp\www\bitbucket_publicidad\index.php(25): CApplication->run()
#11 {main}
REQUEST_URI=/bitbucket_publicidad/index.php/shop/
---
2014/09/25 07:18:43 [error] [php] Object of class CWebApplication could not be converted to string (C:\wamp\www\bitbucket_publicidad\protected\controllers\ShopController.php:60)
Stack trace:
#0 C:\wamp\www\yii\framework\web\filters\CFilterChain.php(133): ShopController->runAction()
#1 C:\wamp\www\yii\framework\web\filters\CFilter.php(40): CFilterChain->run()
#2 C:\wamp\www\yii\framework\web\CController.php(1145): CAccessControlFilter->filter()
#3 C:\wamp\www\yii\framework\web\filters\CInlineFilter.php(58): ShopController->filterAccessControl()
#4 C:\wamp\www\yii\framework\web\filters\CFilterChain.php(130): CInlineFilter->filter()
#5 C:\wamp\www\yii\framework\web\CController.php(291): CFilterChain->run()
#6 C:\wamp\www\yii\framework\web\CController.php(265): ShopController->runActionWithFilters()
#7 C:\wamp\www\yii\framework\web\CWebApplication.php(282): ShopController->run()
#8 C:\wamp\www\yii\framework\web\CWebApplication.php(141): CWebApplication->runController()
#9 C:\wamp\www\yii\framework\base\CApplication.php(169): CWebApplication->processRequest()
#10 C:\wamp\www\bitbucket_publicidad\index.php(25): CWebApplication->run()
REQUEST_URI=/bitbucket_publicidad/index.php/shop/create
2014/09/25 07:18:58 [error] [exception.CException] exception 'CException' with message 'Propiedad "CWebApplication"."themeUrl" no se encuentra definida.' in C:\wamp\www\yii\framework\base\CComponent.php:130
Stack trace:
#0 C:\wamp\www\yii\framework\base\CModule.php(105): CComponent->__get('themeUrl')
#1 C:\wamp\www\bitbucket_publicidad\protected\controllers\ShopController.php(60): CModule->__get('themeUrl')
#2 C:\wamp\www\yii\framework\web\actions\CInlineAction.php(49): ShopController->actionCreate()
#3 C:\wamp\www\yii\framework\web\CController.php(308): CInlineAction->runWithParams(Array)
#4 C:\wamp\www\yii\framework\web\filters\CFilterChain.php(133): CController->runAction(Object(CInlineAction))
#5 C:\wamp\www\yii\framework\web\filters\CFilter.php(40): CFilterChain->run()
#6 C:\wamp\www\yii\framework\web\CController.php(1145): CFilter->filter(Object(CFilterChain))
#7 C:\wamp\www\yii\framework\web\filters\CInlineFilter.php(58): CController->filterAccessControl(Object(CFilterChain))
#8 C:\wamp\www\yii\framework\web\filters\CFilterChain.php(130): CInlineFilter->filter(Object(CFilterChain))
#9 C:\wamp\www\yii\framework\web\CController.php(291): CFilterChain->run()
#10 C:\wamp\www\yii\framework\web\CController.php(265): CController->runActionWithFilters(Object(CInlineAction), Array)
#11 C:\wamp\www\yii\framework\web\CWebApplication.php(282): CController->run('create')
#12 C:\wamp\www\yii\framework\web\CWebApplication.php(141): CWebApplication->runController('shop/create')
#13 C:\wamp\www\yii\framework\base\CApplication.php(169): CWebApplication->processRequest()
#14 C:\wamp\www\bitbucket_publicidad\index.php(25): CApplication->run()
#15 {main}
REQUEST_URI=/bitbucket_publicidad/index.php/shop/create
---
2014/09/25 07:19:05 [error] [exception.CException] exception 'CException' with message 'Propiedad "CWebApplication"."themeUrl" no se encuentra definida.' in C:\wamp\www\yii\framework\base\CComponent.php:130
Stack trace:
#0 C:\wamp\www\yii\framework\base\CModule.php(105): CComponent->__get('themeUrl')
#1 C:\wamp\www\bitbucket_publicidad\protected\controllers\ShopController.php(60): CModule->__get('themeUrl')
#2 C:\wamp\www\yii\framework\web\actions\CInlineAction.php(49): ShopController->actionCreate()
#3 C:\wamp\www\yii\framework\web\CController.php(308): CInlineAction->runWithParams(Array)
#4 C:\wamp\www\yii\framework\web\filters\CFilterChain.php(133): CController->runAction(Object(CInlineAction))
#5 C:\wamp\www\yii\framework\web\filters\CFilter.php(40): CFilterChain->run()
#6 C:\wamp\www\yii\framework\web\CController.php(1145): CFilter->filter(Object(CFilterChain))
#7 C:\wamp\www\yii\framework\web\filters\CInlineFilter.php(58): CController->filterAccessControl(Object(CFilterChain))
#8 C:\wamp\www\yii\framework\web\filters\CFilterChain.php(130): CInlineFilter->filter(Object(CFilterChain))
#9 C:\wamp\www\yii\framework\web\CController.php(291): CFilterChain->run()
#10 C:\wamp\www\yii\framework\web\CController.php(265): CController->runActionWithFilters(Object(CInlineAction), Array)
#11 C:\wamp\www\yii\framework\web\CWebApplication.php(282): CController->run('create')
#12 C:\wamp\www\yii\framework\web\CWebApplication.php(141): CWebApplication->runController('shop/create')
#13 C:\wamp\www\yii\framework\base\CApplication.php(169): CWebApplication->processRequest()
#14 C:\wamp\www\bitbucket_publicidad\index.php(25): CApplication->run()
#15 {main}
REQUEST_URI=/bitbucket_publicidad/index.php/shop/create
---
2014/09/25 07:19:21 [error] [exception.CException] exception 'CException' with message 'Propiedad "CHttpRequest"."themeUrl" no se encuentra definida.' in C:\wamp\www\yii\framework\base\CComponent.php:130
Stack trace:
#0 C:\wamp\www\bitbucket_publicidad\protected\controllers\ShopController.php(60): CComponent->__get('themeUrl')
#1 C:\wamp\www\yii\framework\web\actions\CInlineAction.php(49): ShopController->actionCreate()
#2 C:\wamp\www\yii\framework\web\CController.php(308): CInlineAction->runWithParams(Array)
#3 C:\wamp\www\yii\framework\web\filters\CFilterChain.php(133): CController->runAction(Object(CInlineAction))
#4 C:\wamp\www\yii\framework\web\filters\CFilter.php(40): CFilterChain->run()
#5 C:\wamp\www\yii\framework\web\CController.php(1145): CFilter->filter(Object(CFilterChain))
#6 C:\wamp\www\yii\framework\web\filters\CInlineFilter.php(58): CController->filterAccessControl(Object(CFilterChain))
#7 C:\wamp\www\yii\framework\web\filters\CFilterChain.php(130): CInlineFilter->filter(Object(CFilterChain))
#8 C:\wamp\www\yii\framework\web\CController.php(291): CFilterChain->run()
#9 C:\wamp\www\yii\framework\web\CController.php(265): CController->runActionWithFilters(Object(CInlineAction), Array)
#10 C:\wamp\www\yii\framework\web\CWebApplication.php(282): CController->run('create')
#11 C:\wamp\www\yii\framework\web\CWebApplication.php(141): CWebApplication->runController('shop/create')
#12 C:\wamp\www\yii\framework\base\CApplication.php(169): CWebApplication->processRequest()
#13 C:\wamp\www\bitbucket_publicidad\index.php(25): CApplication->run()
#14 {main}
REQUEST_URI=/bitbucket_publicidad/index.php/shop/create
---
2014/09/25 07:21:18 [error] [php] Use of undefined constant DOCUMENT_ROOT - assumed 'DOCUMENT_ROOT' (C:\wamp\www\bitbucket_publicidad\protected\controllers\ShopController.php:60)
Stack trace:
#0 C:\wamp\www\yii\framework\web\filters\CFilterChain.php(133): ShopController->runAction()
#1 C:\wamp\www\yii\framework\web\filters\CFilter.php(40): CFilterChain->run()
#2 C:\wamp\www\yii\framework\web\CController.php(1145): CAccessControlFilter->filter()
#3 C:\wamp\www\yii\framework\web\filters\CInlineFilter.php(58): ShopController->filterAccessControl()
#4 C:\wamp\www\yii\framework\web\filters\CFilterChain.php(130): CInlineFilter->filter()
#5 C:\wamp\www\yii\framework\web\CController.php(291): CFilterChain->run()
#6 C:\wamp\www\yii\framework\web\CController.php(265): ShopController->runActionWithFilters()
#7 C:\wamp\www\yii\framework\web\CWebApplication.php(282): ShopController->run()
#8 C:\wamp\www\yii\framework\web\CWebApplication.php(141): CWebApplication->runController()
#9 C:\wamp\www\yii\framework\base\CApplication.php(169): CWebApplication->processRequest()
#10 C:\wamp\www\bitbucket_publicidad\index.php(25): CWebApplication->run()
REQUEST_URI=/bitbucket_publicidad/index.php/shop/create
2014/09/25 07:28:10 [error] [php] unlink(C:/wamp/www//volante): Permission denied (C:\wamp\www\bitbucket_publicidad\protected\controllers\ShopController.php:73)
Stack trace:
#0 C:\wamp\www\yii\framework\web\CController.php(308): CInlineAction->runWithParams()
#1 C:\wamp\www\yii\framework\web\filters\CFilterChain.php(133): ShopController->runAction()
#2 C:\wamp\www\yii\framework\web\filters\CFilter.php(40): CFilterChain->run()
#3 C:\wamp\www\yii\framework\web\CController.php(1145): CAccessControlFilter->filter()
#4 C:\wamp\www\yii\framework\web\filters\CInlineFilter.php(58): ShopController->filterAccessControl()
#5 C:\wamp\www\yii\framework\web\filters\CFilterChain.php(130): CInlineFilter->filter()
#6 C:\wamp\www\yii\framework\web\CController.php(291): CFilterChain->run()
#7 C:\wamp\www\yii\framework\web\CController.php(265): ShopController->runActionWithFilters()
#8 C:\wamp\www\yii\framework\web\CWebApplication.php(282): ShopController->run()
#9 C:\wamp\www\yii\framework\web\CWebApplication.php(141): CWebApplication->runController()
#10 C:\wamp\www\yii\framework\base\CApplication.php(169): CWebApplication->processRequest()
#11 C:\wamp\www\bitbucket_publicidad\index.php(25): CWebApplication->run()
REQUEST_URI=/bitbucket_publicidad/index.php/shop/create
2014/09/25 07:29:26 [error] [php] unlink(C:/wamp/www//volante): Permission denied (C:\wamp\www\bitbucket_publicidad\protected\controllers\ShopController.php:73)
Stack trace:
#0 C:\wamp\www\yii\framework\web\CController.php(308): CInlineAction->runWithParams()
#1 C:\wamp\www\yii\framework\web\filters\CFilterChain.php(133): ShopController->runAction()
#2 C:\wamp\www\yii\framework\web\filters\CFilter.php(40): CFilterChain->run()
#3 C:\wamp\www\yii\framework\web\CController.php(1145): CAccessControlFilter->filter()
#4 C:\wamp\www\yii\framework\web\filters\CInlineFilter.php(58): ShopController->filterAccessControl()
#5 C:\wamp\www\yii\framework\web\filters\CFilterChain.php(130): CInlineFilter->filter()
#6 C:\wamp\www\yii\framework\web\CController.php(291): CFilterChain->run()
#7 C:\wamp\www\yii\framework\web\CController.php(265): ShopController->runActionWithFilters()
#8 C:\wamp\www\yii\framework\web\CWebApplication.php(282): ShopController->run()
#9 C:\wamp\www\yii\framework\web\CWebApplication.php(141): CWebApplication->runController()
#10 C:\wamp\www\yii\framework\base\CApplication.php(169): CWebApplication->processRequest()
#11 C:\wamp\www\bitbucket_publicidad\index.php(25): CWebApplication->run()
REQUEST_URI=/bitbucket_publicidad/index.php/shop/create
2014/09/25 07:30:51 [error] [php] unlink(C:/wamp/www//volante): Permission denied (C:\wamp\www\bitbucket_publicidad\protected\controllers\ShopController.php:74)
Stack trace:
#0 C:\wamp\www\yii\framework\web\CController.php(308): CInlineAction->runWithParams()
#1 C:\wamp\www\yii\framework\web\filters\CFilterChain.php(133): ShopController->runAction()
#2 C:\wamp\www\yii\framework\web\filters\CFilter.php(40): CFilterChain->run()
#3 C:\wamp\www\yii\framework\web\CController.php(1145): CAccessControlFilter->filter()
#4 C:\wamp\www\yii\framework\web\filters\CInlineFilter.php(58): ShopController->filterAccessControl()
#5 C:\wamp\www\yii\framework\web\filters\CFilterChain.php(130): CInlineFilter->filter()
#6 C:\wamp\www\yii\framework\web\CController.php(291): CFilterChain->run()
#7 C:\wamp\www\yii\framework\web\CController.php(265): ShopController->runActionWithFilters()
#8 C:\wamp\www\yii\framework\web\CWebApplication.php(282): ShopController->run()
#9 C:\wamp\www\yii\framework\web\CWebApplication.php(141): CWebApplication->runController()
#10 C:\wamp\www\yii\framework\base\CApplication.php(169): CWebApplication->processRequest()
#11 C:\wamp\www\bitbucket_publicidad\index.php(25): CWebApplication->run()
REQUEST_URI=/bitbucket_publicidad/index.php/shop/create
2014/09/25 07:31:13 [error] [php] unlink(C:/wamp/www//volante): Permission denied (C:\wamp\www\bitbucket_publicidad\protected\controllers\ShopController.php:74)
Stack trace:
#0 C:\wamp\www\yii\framework\web\CController.php(308): CInlineAction->runWithParams()
#1 C:\wamp\www\yii\framework\web\filters\CFilterChain.php(133): ShopController->runAction()
#2 C:\wamp\www\yii\framework\web\filters\CFilter.php(40): CFilterChain->run()
#3 C:\wamp\www\yii\framework\web\CController.php(1145): CAccessControlFilter->filter()
#4 C:\wamp\www\yii\framework\web\filters\CInlineFilter.php(58): ShopController->filterAccessControl()
#5 C:\wamp\www\yii\framework\web\filters\CFilterChain.php(130): CInlineFilter->filter()
#6 C:\wamp\www\yii\framework\web\CController.php(291): CFilterChain->run()
#7 C:\wamp\www\yii\framework\web\CController.php(265): ShopController->runActionWithFilters()
#8 C:\wamp\www\yii\framework\web\CWebApplication.php(282): ShopController->run()
#9 C:\wamp\www\yii\framework\web\CWebApplication.php(141): CWebApplication->runController()
#10 C:\wamp\www\yii\framework\base\CApplication.php(169): CWebApplication->processRequest()
#11 C:\wamp\www\bitbucket_publicidad\index.php(25): CWebApplication->run()
REQUEST_URI=/bitbucket_publicidad/index.php/shop/create
2014/09/26 05:20:37 [error] [exception.CException] exception 'CException' with message 'Propiedad "CInlineAction"."name" no se encuentra definida.' in C:\wamp\www\yii\framework\base\CComponent.php:130
Stack trace:
#0 C:\wamp\www\bitbucket_publicidad\protected\controllers\ShopController.php(90): CComponent->__get('name')
#1 C:\wamp\www\yii\framework\web\CController.php(306): ShopController->beforeAction(Object(CInlineAction))
#2 C:\wamp\www\yii\framework\web\filters\CFilterChain.php(133): CController->runAction(Object(CInlineAction))
#3 C:\wamp\www\yii\framework\web\filters\CFilter.php(40): CFilterChain->run()
#4 C:\wamp\www\yii\framework\web\CController.php(1145): CFilter->filter(Object(CFilterChain))
#5 C:\wamp\www\yii\framework\web\filters\CInlineFilter.php(58): CController->filterAccessControl(Object(CFilterChain))
#6 C:\wamp\www\yii\framework\web\filters\CFilterChain.php(130): CInlineFilter->filter(Object(CFilterChain))
#7 C:\wamp\www\yii\framework\web\CController.php(291): CFilterChain->run()
#8 C:\wamp\www\yii\framework\web\CController.php(265): CController->runActionWithFilters(Object(CInlineAction), Array)
#9 C:\wamp\www\yii\framework\web\CWebApplication.php(282): CController->run('create')
#10 C:\wamp\www\yii\framework\web\CWebApplication.php(141): CWebApplication->runController('shop/create')
#11 C:\wamp\www\yii\framework\base\CApplication.php(169): CWebApplication->processRequest()
#12 C:\wamp\www\bitbucket_publicidad\index.php(25): CApplication->run()
#13 {main}
REQUEST_URI=/bitbucket_publicidad/index.php/shop/create
---
2014/09/26 07:10:30 [error] [exception.CHttpException.400] exception 'CHttpException' with message 'Su solicitud es inválida.' in C:\wamp\www\yii\framework\web\CController.php:336
Stack trace:
#0 C:\wamp\www\yii\framework\web\CController.php(309): CController->invalidActionParams(Object(CInlineAction))
#1 C:\wamp\www\yii\framework\web\filters\CFilterChain.php(133): CController->runAction(Object(CInlineAction))
#2 C:\wamp\www\yii\framework\web\filters\CFilter.php(40): CFilterChain->run()
#3 C:\wamp\www\yii\framework\web\CController.php(1145): CFilter->filter(Object(CFilterChain))
#4 C:\wamp\www\yii\framework\web\filters\CInlineFilter.php(58): CController->filterAccessControl(Object(CFilterChain))
#5 C:\wamp\www\yii\framework\web\filters\CFilterChain.php(130): CInlineFilter->filter(Object(CFilterChain))
#6 C:\wamp\www\yii\framework\web\CController.php(291): CFilterChain->run()
#7 C:\wamp\www\yii\framework\web\CController.php(265): CController->runActionWithFilters(Object(CInlineAction), Array)
#8 C:\wamp\www\yii\framework\web\CWebApplication.php(282): CController->run('detail')
#9 C:\wamp\www\yii\framework\web\CWebApplication.php(141): CWebApplication->runController('product/detail/...')
#10 C:\wamp\www\yii\framework\base\CApplication.php(169): CWebApplication->processRequest()
#11 C:\wamp\www\bitbucket_publicidad\index.php(25): CApplication->run()
#12 {main}
REQUEST_URI=/bitbucket_publicidad/index.php/product/detail/volante_en_linea
HTTP_REFERER=http://localhost/bitbucket_publicidad/index.php/site/search/token/reparto
---
2014/09/28 06:12:44 [error] [php] fopen(/bitbucket_publicidad/protected/config/main_base.php): failed to open stream: No such file or directory (C:\wamp\www\bitbucket_publicidad\themes\bootstrap\views\site\index.php:6)
Stack trace:
#0 C:\wamp\www\yii\framework\web\CBaseController.php(95): SiteController->renderInternal()
#1 C:\wamp\www\yii\framework\web\CController.php(869): SiteController->renderFile()
#2 C:\wamp\www\yii\framework\web\CController.php(782): SiteController->renderPartial()
#3 C:\wamp\www\bitbucket_publicidad\protected\controllers\SiteController.php(45): SiteController->render()
#4 C:\wamp\www\yii\framework\web\actions\CInlineAction.php(49): SiteController->actionIndex()
#5 C:\wamp\www\yii\framework\web\CController.php(308): CInlineAction->runWithParams()
#6 C:\wamp\www\yii\framework\web\CController.php(286): SiteController->runAction()
#7 C:\wamp\www\yii\framework\web\CController.php(265): SiteController->runActionWithFilters()
#8 C:\wamp\www\yii\framework\web\CWebApplication.php(282): SiteController->run()
#9 C:\wamp\www\yii\framework\web\CWebApplication.php(141): CWebApplication->runController()
#10 C:\wamp\www\yii\framework\base\CApplication.php(169): CWebApplication->processRequest()
#11 C:\wamp\www\bitbucket_publicidad\index.php(25): CWebApplication->run()
REQUEST_URI=/bitbucket_publicidad/
2014/09/28 06:15:04 [error] [php] file_get_contents(/bitbucket_publicidad/protected/config/main_base.php): failed to open stream: No such file or directory (C:\wamp\www\bitbucket_publicidad\themes\bootstrap\views\site\index.php:9)
Stack trace:
#0 C:\wamp\www\yii\framework\web\CBaseController.php(95): SiteController->renderInternal()
#1 C:\wamp\www\yii\framework\web\CController.php(869): SiteController->renderFile()
#2 C:\wamp\www\yii\framework\web\CController.php(782): SiteController->renderPartial()
#3 C:\wamp\www\bitbucket_publicidad\protected\controllers\SiteController.php(45): SiteController->render()
#4 C:\wamp\www\yii\framework\web\actions\CInlineAction.php(49): SiteController->actionIndex()
#5 C:\wamp\www\yii\framework\web\CController.php(308): CInlineAction->runWithParams()
#6 C:\wamp\www\yii\framework\web\CController.php(286): SiteController->runAction()
#7 C:\wamp\www\yii\framework\web\CController.php(265): SiteController->runActionWithFilters()
#8 C:\wamp\www\yii\framework\web\CWebApplication.php(282): SiteController->run()
#9 C:\wamp\www\yii\framework\web\CWebApplication.php(141): CWebApplication->runController()
#10 C:\wamp\www\yii\framework\base\CApplication.php(169): CWebApplication->processRequest()
#11 C:\wamp\www\bitbucket_publicidad\index.php(25): CWebApplication->run()
REQUEST_URI=/bitbucket_publicidad/
2014/09/28 06:15:39 [error] [php] file_get_contents(/bitbucket_publicidad/protected/config/main_base.php): failed to open stream: No such file or directory (C:\wamp\www\bitbucket_publicidad\themes\bootstrap\views\site\index.php:9)
Stack trace:
#0 C:\wamp\www\yii\framework\web\CBaseController.php(95): SiteController->renderInternal()
#1 C:\wamp\www\yii\framework\web\CController.php(869): SiteController->renderFile()
#2 C:\wamp\www\yii\framework\web\CController.php(782): SiteController->renderPartial()
#3 C:\wamp\www\bitbucket_publicidad\protected\controllers\SiteController.php(45): SiteController->render()
#4 C:\wamp\www\yii\framework\web\actions\CInlineAction.php(49): SiteController->actionIndex()
#5 C:\wamp\www\yii\framework\web\CController.php(308): CInlineAction->runWithParams()
#6 C:\wamp\www\yii\framework\web\CController.php(286): SiteController->runAction()
#7 C:\wamp\www\yii\framework\web\CController.php(265): SiteController->runActionWithFilters()
#8 C:\wamp\www\yii\framework\web\CWebApplication.php(282): SiteController->run()
#9 C:\wamp\www\yii\framework\web\CWebApplication.php(141): CWebApplication->runController()
#10 C:\wamp\www\yii\framework\base\CApplication.php(169): CWebApplication->processRequest()
#11 C:\wamp\www\bitbucket_publicidad\index.php(25): CWebApplication->run()
REQUEST_URI=/bitbucket_publicidad/
2014/09/28 06:15:58 [error] [php] file_get_contents(/bitbucket_publicidad/protected/config/main_base.php): failed to open stream: No such file or directory (C:\wamp\www\bitbucket_publicidad\themes\bootstrap\views\site\index.php:9)
Stack trace:
#0 C:\wamp\www\yii\framework\web\CBaseController.php(95): SiteController->renderInternal()
#1 C:\wamp\www\yii\framework\web\CController.php(869): SiteController->renderFile()
#2 C:\wamp\www\yii\framework\web\CController.php(782): SiteController->renderPartial()
#3 C:\wamp\www\bitbucket_publicidad\protected\controllers\SiteController.php(45): SiteController->render()
#4 C:\wamp\www\yii\framework\web\actions\CInlineAction.php(49): SiteController->actionIndex()
#5 C:\wamp\www\yii\framework\web\CController.php(308): CInlineAction->runWithParams()
#6 C:\wamp\www\yii\framework\web\CController.php(286): SiteController->runAction()
#7 C:\wamp\www\yii\framework\web\CController.php(265): SiteController->runActionWithFilters()
#8 C:\wamp\www\yii\framework\web\CWebApplication.php(282): SiteController->run()
#9 C:\wamp\www\yii\framework\web\CWebApplication.php(141): CWebApplication->runController()
#10 C:\wamp\www\yii\framework\base\CApplication.php(169): CWebApplication->processRequest()
#11 C:\wamp\www\bitbucket_publicidad\index.php(25): CWebApplication->run()
REQUEST_URI=/bitbucket_publicidad/
2014/09/28 06:16:52 [error] [exception.CException] exception 'CException' with message 'CWebApplication y sus behaviors no tienen un método o closure llamado "getPathOfAlias".' in C:\wamp\www\yii\framework\base\CComponent.php:265
Stack trace:
#0 C:\wamp\www\bitbucket_publicidad\themes\bootstrap\views\site\index.php(5): CComponent->__call('getPathOfAlias', Array)
#1 C:\wamp\www\bitbucket_publicidad\themes\bootstrap\views\site\index.php(5): CWebApplication->getPathOfAlias('webroot')
#2 C:\wamp\www\yii\framework\web\CBaseController.php(126): require('C:\wamp\www\bit...')
#3 C:\wamp\www\yii\framework\web\CBaseController.php(95): CBaseController->renderInternal('C:\wamp\www\bit...', Array, true)
#4 C:\wamp\www\yii\framework\web\CController.php(869): CBaseController->renderFile('C:\wamp\www\bit...', Array, true)
#5 C:\wamp\www\yii\framework\web\CController.php(782): CController->renderPartial('index', Array, true)
#6 C:\wamp\www\bitbucket_publicidad\protected\controllers\SiteController.php(45): CController->render('index', Array)
#7 C:\wamp\www\yii\framework\web\actions\CInlineAction.php(49): SiteController->actionIndex()
#8 C:\wamp\www\yii\framework\web\CController.php(308): CInlineAction->runWithParams(Array)
#9 C:\wamp\www\yii\framework\web\CController.php(286): CController->runAction(Object(CInlineAction))
#10 C:\wamp\www\yii\framework\web\CController.php(265): CController->runActionWithFilters(Object(CInlineAction), Array)
#11 C:\wamp\www\yii\framework\web\CWebApplication.php(282): CController->run('')
#12 C:\wamp\www\yii\framework\web\CWebApplication.php(141): CWebApplication->runController('')
#13 C:\wamp\www\yii\framework\base\CApplication.php(169): CWebApplication->processRequest()
#14 C:\wamp\www\bitbucket_publicidad\index.php(25): CApplication->run()
#15 {main}
REQUEST_URI=/bitbucket_publicidad/
---
2014/09/28 06:19:38 [error] [php] file_get_contents(C:/wamp/www/bitbucket_publicidad/main_base.php): failed to open stream: No such file or directory (C:\wamp\www\bitbucket_publicidad\themes\bootstrap\views\site\index.php:9)
Stack trace:
#0 C:\wamp\www\yii\framework\web\CBaseController.php(95): SiteController->renderInternal()
#1 C:\wamp\www\yii\framework\web\CController.php(869): SiteController->renderFile()
#2 C:\wamp\www\yii\framework\web\CController.php(782): SiteController->renderPartial()
#3 C:\wamp\www\bitbucket_publicidad\protected\controllers\SiteController.php(45): SiteController->render()
#4 C:\wamp\www\yii\framework\web\actions\CInlineAction.php(49): SiteController->actionIndex()
#5 C:\wamp\www\yii\framework\web\CController.php(308): CInlineAction->runWithParams()
#6 C:\wamp\www\yii\framework\web\CController.php(286): SiteController->runAction()
#7 C:\wamp\www\yii\framework\web\CController.php(265): SiteController->runActionWithFilters()
#8 C:\wamp\www\yii\framework\web\CWebApplication.php(282): SiteController->run()
#9 C:\wamp\www\yii\framework\web\CWebApplication.php(141): CWebApplication->runController()
#10 C:\wamp\www\yii\framework\base\CApplication.php(169): CWebApplication->processRequest()
#11 C:\wamp\www\bitbucket_publicidad\index.php(25): CWebApplication->run()
REQUEST_URI=/bitbucket_publicidad/
2014/09/28 06:20:03 [error] [php] file_get_contents(C:/wamp/www/bitbucket_publicidad/config/main_base.php): failed to open stream: No such file or directory (C:\wamp\www\bitbucket_publicidad\themes\bootstrap\views\site\index.php:9)
Stack trace:
#0 C:\wamp\www\yii\framework\web\CBaseController.php(95): SiteController->renderInternal()
#1 C:\wamp\www\yii\framework\web\CController.php(869): SiteController->renderFile()
#2 C:\wamp\www\yii\framework\web\CController.php(782): SiteController->renderPartial()
#3 C:\wamp\www\bitbucket_publicidad\protected\controllers\SiteController.php(45): SiteController->render()
#4 C:\wamp\www\yii\framework\web\actions\CInlineAction.php(49): SiteController->actionIndex()
#5 C:\wamp\www\yii\framework\web\CController.php(308): CInlineAction->runWithParams()
#6 C:\wamp\www\yii\framework\web\CController.php(286): SiteController->runAction()
#7 C:\wamp\www\yii\framework\web\CController.php(265): SiteController->runActionWithFilters()
#8 C:\wamp\www\yii\framework\web\CWebApplication.php(282): SiteController->run()
#9 C:\wamp\www\yii\framework\web\CWebApplication.php(141): CWebApplication->runController()
#10 C:\wamp\www\yii\framework\base\CApplication.php(169): CWebApplication->processRequest()
#11 C:\wamp\www\bitbucket_publicidad\index.php(25): CWebApplication->run()
REQUEST_URI=/bitbucket_publicidad/
2014/09/28 06:20:29 [error] [php] Undefined variable: myfile (C:\wamp\www\bitbucket_publicidad\themes\bootstrap\views\site\index.php:9)
Stack trace:
#0 C:\wamp\www\yii\framework\web\CController.php(869): SiteController->renderFile()
#1 C:\wamp\www\yii\framework\web\CController.php(782): SiteController->renderPartial()
#2 C:\wamp\www\bitbucket_publicidad\protected\controllers\SiteController.php(45): SiteController->render()
#3 C:\wamp\www\yii\framework\web\actions\CInlineAction.php(49): SiteController->actionIndex()
#4 C:\wamp\www\yii\framework\web\CController.php(308): CInlineAction->runWithParams()
#5 C:\wamp\www\yii\framework\web\CController.php(286): SiteController->runAction()
#6 C:\wamp\www\yii\framework\web\CController.php(265): SiteController->runActionWithFilters()
#7 C:\wamp\www\yii\framework\web\CWebApplication.php(282): SiteController->run()
#8 C:\wamp\www\yii\framework\web\CWebApplication.php(141): CWebApplication->runController()
#9 C:\wamp\www\yii\framework\base\CApplication.php(169): CWebApplication->processRequest()
#10 C:\wamp\www\bitbucket_publicidad\index.php(25): CWebApplication->run()
REQUEST_URI=/bitbucket_publicidad/
2014/09/28 06:20:53 [error] [php] Undefined variable: myfile (C:\wamp\www\bitbucket_publicidad\themes\bootstrap\views\site\index.php:9)
Stack trace:
#0 C:\wamp\www\yii\framework\web\CController.php(869): SiteController->renderFile()
#1 C:\wamp\www\yii\framework\web\CController.php(782): SiteController->renderPartial()
#2 C:\wamp\www\bitbucket_publicidad\protected\controllers\SiteController.php(45): SiteController->render()
#3 C:\wamp\www\yii\framework\web\actions\CInlineAction.php(49): SiteController->actionIndex()
#4 C:\wamp\www\yii\framework\web\CController.php(308): CInlineAction->runWithParams()
#5 C:\wamp\www\yii\framework\web\CController.php(286): SiteController->runAction()
#6 C:\wamp\www\yii\framework\web\CController.php(265): SiteController->runActionWithFilters()
#7 C:\wamp\www\yii\framework\web\CWebApplication.php(282): SiteController->run()
#8 C:\wamp\www\yii\framework\web\CWebApplication.php(141): CWebApplication->runController()
#9 C:\wamp\www\yii\framework\base\CApplication.php(169): CWebApplication->processRequest()
#10 C:\wamp\www\bitbucket_publicidad\index.php(25): CWebApplication->run()
REQUEST_URI=/bitbucket_publicidad/
2014/09/28 06:21:07 [error] [php] Undefined variable: myfile (C:\wamp\www\bitbucket_publicidad\themes\bootstrap\views\site\index.php:9)
Stack trace:
#0 C:\wamp\www\yii\framework\web\CController.php(869): SiteController->renderFile()
#1 C:\wamp\www\yii\framework\web\CController.php(782): SiteController->renderPartial()
#2 C:\wamp\www\bitbucket_publicidad\protected\controllers\SiteController.php(45): SiteController->render()
#3 C:\wamp\www\yii\framework\web\actions\CInlineAction.php(49): SiteController->actionIndex()
#4 C:\wamp\www\yii\framework\web\CController.php(308): CInlineAction->runWithParams()
#5 C:\wamp\www\yii\framework\web\CController.php(286): SiteController->runAction()
#6 C:\wamp\www\yii\framework\web\CController.php(265): SiteController->runActionWithFilters()
#7 C:\wamp\www\yii\framework\web\CWebApplication.php(282): SiteController->run()
#8 C:\wamp\www\yii\framework\web\CWebApplication.php(141): CWebApplication->runController()
#9 C:\wamp\www\yii\framework\base\CApplication.php(169): CWebApplication->processRequest()
#10 C:\wamp\www\bitbucket_publicidad\index.php(25): CWebApplication->run()
REQUEST_URI=/bitbucket_publicidad/
2014/09/28 06:22:00 [error] [php] fwrite() expects parameter 1 to be resource, string given (C:\wamp\www\bitbucket_publicidad\themes\bootstrap\views\site\index.php:10)
Stack trace:
#0 C:\wamp\www\yii\framework\web\CBaseController.php(95): SiteController->renderInternal()
#1 C:\wamp\www\yii\framework\web\CController.php(869): SiteController->renderFile()
#2 C:\wamp\www\yii\framework\web\CController.php(782): SiteController->renderPartial()
#3 C:\wamp\www\bitbucket_publicidad\protected\controllers\SiteController.php(45): SiteController->render()
#4 C:\wamp\www\yii\framework\web\actions\CInlineAction.php(49): SiteController->actionIndex()
#5 C:\wamp\www\yii\framework\web\CController.php(308): CInlineAction->runWithParams()
#6 C:\wamp\www\yii\framework\web\CController.php(286): SiteController->runAction()
#7 C:\wamp\www\yii\framework\web\CController.php(265): SiteController->runActionWithFilters()
#8 C:\wamp\www\yii\framework\web\CWebApplication.php(282): SiteController->run()
#9 C:\wamp\www\yii\framework\web\CWebApplication.php(141): CWebApplication->runController()
#10 C:\wamp\www\yii\framework\base\CApplication.php(169): CWebApplication->processRequest()
#11 C:\wamp\www\bitbucket_publicidad\index.php(25): CWebApplication->run()
REQUEST_URI=/bitbucket_publicidad/
2014/09/28 06:45:38 [error] [php] Undefined variable: cad (C:\wamp\www\bitbucket_publicidad\protected\controllers\ShopController.php:89)
Stack trace:
#0 C:\wamp\www\yii\framework\web\filters\CFilterChain.php(133): ShopController->runAction()
#1 C:\wamp\www\yii\framework\web\filters\CFilter.php(40): CFilterChain->run()
#2 C:\wamp\www\yii\framework\web\CController.php(1145): CAccessControlFilter->filter()
#3 C:\wamp\www\yii\framework\web\filters\CInlineFilter.php(58): ShopController->filterAccessControl()
#4 C:\wamp\www\yii\framework\web\filters\CFilterChain.php(130): CInlineFilter->filter()
#5 C:\wamp\www\yii\framework\web\CController.php(291): CFilterChain->run()
#6 C:\wamp\www\yii\framework\web\CController.php(265): ShopController->runActionWithFilters()
#7 C:\wamp\www\yii\framework\web\CWebApplication.php(282): ShopController->run()
#8 C:\wamp\www\yii\framework\web\CWebApplication.php(141): CWebApplication->runController()
#9 C:\wamp\www\yii\framework\base\CApplication.php(169): CWebApplication->processRequest()
#10 C:\wamp\www\bitbucket_publicidad\index.php(25): CWebApplication->run()
REQUEST_URI=/bitbucket_publicidad/index.php/shop/create
2014/09/28 07:12:33 [error] [exception.CException] exception 'CException' with message 'CWebApplication y sus behaviors no tienen un método o closure llamado "TXDbMigration".' in C:\wamp\www\yii\framework\base\CComponent.php:265
Stack trace:
#0 C:\wamp\www\bitbucket_publicidad\protected\controllers\ShopController.php(60): CComponent->__call('TXDbMigration', Array)
#1 C:\wamp\www\bitbucket_publicidad\protected\controllers\ShopController.php(60): CWebApplication->TXDbMigration()
#2 C:\wamp\www\yii\framework\web\actions\CInlineAction.php(49): ShopController->actionCreate()
#3 C:\wamp\www\yii\framework\web\CController.php(308): CInlineAction->runWithParams(Array)
#4 C:\wamp\www\yii\framework\web\filters\CFilterChain.php(133): CController->runAction(Object(CInlineAction))
#5 C:\wamp\www\yii\framework\web\filters\CFilter.php(40): CFilterChain->run()
#6 C:\wamp\www\yii\framework\web\CController.php(1145): CFilter->filter(Object(CFilterChain))
#7 C:\wamp\www\yii\framework\web\filters\CInlineFilter.php(58): CController->filterAccessControl(Object(CFilterChain))
#8 C:\wamp\www\yii\framework\web\filters\CFilterChain.php(130): CInlineFilter->filter(Object(CFilterChain))
#9 C:\wamp\www\yii\framework\web\CController.php(291): CFilterChain->run()
#10 C:\wamp\www\yii\framework\web\CController.php(265): CController->runActionWithFilters(Object(CInlineAction), Array)
#11 C:\wamp\www\yii\framework\web\CWebApplication.php(282): CController->run('create')
#12 C:\wamp\www\yii\framework\web\CWebApplication.php(141): CWebApplication->runController('shop/create')
#13 C:\wamp\www\yii\framework\base\CApplication.php(169): CWebApplication->processRequest()
#14 C:\wamp\www\bitbucket_publicidad\index.php(25): CApplication->run()
#15 {main}
REQUEST_URI=/bitbucket_publicidad/index.php/shop/create
---
2014/09/28 07:13:55 [error] [exception.CException] exception 'CException' with message 'CWebApplication y sus behaviors no tienen un método o closure llamado "TXDbMigration".' in C:\wamp\www\yii\framework\base\CComponent.php:265
Stack trace:
#0 C:\wamp\www\bitbucket_publicidad\protected\controllers\ShopController.php(60): CComponent->__call('TXDbMigration', Array)
#1 C:\wamp\www\bitbucket_publicidad\protected\controllers\ShopController.php(60): CWebApplication->TXDbMigration()
#2 C:\wamp\www\yii\framework\web\actions\CInlineAction.php(49): ShopController->actionCreate()
#3 C:\wamp\www\yii\framework\web\CController.php(308): CInlineAction->runWithParams(Array)
#4 C:\wamp\www\yii\framework\web\filters\CFilterChain.php(133): CController->runAction(Object(CInlineAction))
#5 C:\wamp\www\yii\framework\web\filters\CFilter.php(40): CFilterChain->run()
#6 C:\wamp\www\yii\framework\web\CController.php(1145): CFilter->filter(Object(CFilterChain))
#7 C:\wamp\www\yii\framework\web\filters\CInlineFilter.php(58): CController->filterAccessControl(Object(CFilterChain))
#8 C:\wamp\www\yii\framework\web\filters\CFilterChain.php(130): CInlineFilter->filter(Object(CFilterChain))
#9 C:\wamp\www\yii\framework\web\CController.php(291): CFilterChain->run()
#10 C:\wamp\www\yii\framework\web\CController.php(265): CController->runActionWithFilters(Object(CInlineAction), Array)
#11 C:\wamp\www\yii\framework\web\CWebApplication.php(282): CController->run('create')
#12 C:\wamp\www\yii\framework\web\CWebApplication.php(141): CWebApplication->runController('shop/create')
#13 C:\wamp\www\yii\framework\base\CApplication.php(169): CWebApplication->processRequest()
#14 C:\wamp\www\bitbucket_publicidad\index.php(25): CApplication->run()
#15 {main}
REQUEST_URI=/bitbucket_publicidad/index.php/shop/create
---
2014/09/28 07:14:59 [error] [exception.CException] exception 'CException' with message 'CWebApplication y sus behaviors no tienen un método o closure llamado "dbmigration".' in C:\wamp\www\yii\framework\base\CComponent.php:265
Stack trace:
#0 C:\wamp\www\bitbucket_publicidad\protected\controllers\ShopController.php(60): CComponent->__call('dbmigration', Array)
#1 C:\wamp\www\bitbucket_publicidad\protected\controllers\ShopController.php(60): CWebApplication->dbmigration()
#2 C:\wamp\www\yii\framework\web\actions\CInlineAction.php(49): ShopController->actionCreate()
#3 C:\wamp\www\yii\framework\web\CController.php(308): CInlineAction->runWithParams(Array)
#4 C:\wamp\www\yii\framework\web\filters\CFilterChain.php(133): CController->runAction(Object(CInlineAction))
#5 C:\wamp\www\yii\framework\web\filters\CFilter.php(40): CFilterChain->run()
#6 C:\wamp\www\yii\framework\web\CController.php(1145): CFilter->filter(Object(CFilterChain))
#7 C:\wamp\www\yii\framework\web\filters\CInlineFilter.php(58): CController->filterAccessControl(Object(CFilterChain))
#8 C:\wamp\www\yii\framework\web\filters\CFilterChain.php(130): CInlineFilter->filter(Object(CFilterChain))
#9 C:\wamp\www\yii\framework\web\CController.php(291): CFilterChain->run()
#10 C:\wamp\www\yii\framework\web\CController.php(265): CController->runActionWithFilters(Object(CInlineAction), Array)
#11 C:\wamp\www\yii\framework\web\CWebApplication.php(282): CController->run('create')
#12 C:\wamp\www\yii\framework\web\CWebApplication.php(141): CWebApplication->runController('shop/create')
#13 C:\wamp\www\yii\framework\base\CApplication.php(169): CWebApplication->processRequest()
#14 C:\wamp\www\bitbucket_publicidad\index.php(25): CApplication->run()
#15 {main}
REQUEST_URI=/bitbucket_publicidad/index.php/shop/create
---
2014/09/28 07:15:26 [error] [exception.CException] exception 'CException' with message 'TXDbMigration y sus behaviors no tienen un método o closure llamado "init".' in C:\wamp\www\yii\framework\base\CComponent.php:265
Stack trace:
#0 C:\wamp\www\yii\framework\base\CModule.php(387): CComponent->__call('init', Array)
#1 C:\wamp\www\yii\framework\base\CModule.php(387): TXDbMigration->init()
#2 C:\wamp\www\yii\framework\base\CModule.php(103): CModule->getComponent('dbmigration')
#3 C:\wamp\www\bitbucket_publicidad\protected\controllers\ShopController.php(60): CModule->__get('dbmigration')
#4 C:\wamp\www\yii\framework\web\actions\CInlineAction.php(49): ShopController->actionCreate()
#5 C:\wamp\www\yii\framework\web\CController.php(308): CInlineAction->runWithParams(Array)
#6 C:\wamp\www\yii\framework\web\filters\CFilterChain.php(133): CController->runAction(Object(CInlineAction))
#7 C:\wamp\www\yii\framework\web\filters\CFilter.php(40): CFilterChain->run()
#8 C:\wamp\www\yii\framework\web\CController.php(1145): CFilter->filter(Object(CFilterChain))
#9 C:\wamp\www\yii\framework\web\filters\CInlineFilter.php(58): CController->filterAccessControl(Object(CFilterChain))
#10 C:\wamp\www\yii\framework\web\filters\CFilterChain.php(130): CInlineFilter->filter(Object(CFilterChain))
#11 C:\wamp\www\yii\framework\web\CController.php(291): CFilterChain->run()
#12 C:\wamp\www\yii\framework\web\CController.php(265): CController->runActionWithFilters(Object(CInlineAction), Array)
#13 C:\wamp\www\yii\framework\web\CWebApplication.php(282): CController->run('create')
#14 C:\wamp\www\yii\framework\web\CWebApplication.php(141): CWebApplication->runController('shop/create')
#15 C:\wamp\www\yii\framework\base\CApplication.php(169): CWebApplication->processRequest()
#16 C:\wamp\www\bitbucket_publicidad\index.php(25): CApplication->run()
#17 {main}
REQUEST_URI=/bitbucket_publicidad/index.php/shop/create
---
2014/09/28 07:23:05 [error] [php] include(TXFile.php): failed to open stream: No such file or directory (C:\wamp\www\yii\framework\YiiBase.php:421)
Stack trace:
#0 C:\wamp\www\bitbucket_publicidad\protected\components\TXDbMigration.php(18): spl_autoload_call()
#1 C:\wamp\www\bitbucket_publicidad\protected\controllers\ShopController.php(61): TXDbMigration->executeFile()
#2 C:\wamp\www\yii\framework\web\actions\CInlineAction.php(49): ShopController->actionCreate()
#3 C:\wamp\www\yii\framework\web\CController.php(308): CInlineAction->runWithParams()
#4 C:\wamp\www\yii\framework\web\filters\CFilterChain.php(133): ShopController->runAction()
#5 C:\wamp\www\yii\framework\web\filters\CFilter.php(40): CFilterChain->run()
#6 C:\wamp\www\yii\framework\web\CController.php(1145): CAccessControlFilter->filter()
#7 C:\wamp\www\yii\framework\web\filters\CInlineFilter.php(58): ShopController->filterAccessControl()
#8 C:\wamp\www\yii\framework\web\filters\CFilterChain.php(130): CInlineFilter->filter()
#9 C:\wamp\www\yii\framework\web\CController.php(291): CFilterChain->run()
#10 C:\wamp\www\yii\framework\web\CController.php(265): ShopController->runActionWithFilters()
#11 C:\wamp\www\yii\framework\web\CWebApplication.php(282): ShopController->run()
#12 C:\wamp\www\yii\framework\web\CWebApplication.php(141): CWebApplication->runController()
#13 C:\wamp\www\yii\framework\base\CApplication.php(169): CWebApplication->processRequest()
#14 C:\wamp\www\bitbucket_publicidad\index.php(25): CWebApplication->run()
REQUEST_URI=/bitbucket_publicidad/index.php/shop/create
2014/09/28 07:23:24 [error] [php] include(TXFile.php): failed to open stream: No such file or directory (C:\wamp\www\yii\framework\YiiBase.php:421)
Stack trace:
#0 C:\wamp\www\bitbucket_publicidad\protected\components\TXDbMigration.php(18): spl_autoload_call()
#1 C:\wamp\www\bitbucket_publicidad\protected\controllers\ShopController.php(61): TXDbMigration->executeFile()
#2 C:\wamp\www\yii\framework\web\actions\CInlineAction.php(49): ShopController->actionCreate()
#3 C:\wamp\www\yii\framework\web\CController.php(308): CInlineAction->runWithParams()
#4 C:\wamp\www\yii\framework\web\filters\CFilterChain.php(133): ShopController->runAction()
#5 C:\wamp\www\yii\framework\web\filters\CFilter.php(40): CFilterChain->run()
#6 C:\wamp\www\yii\framework\web\CController.php(1145): CAccessControlFilter->filter()
#7 C:\wamp\www\yii\framework\web\filters\CInlineFilter.php(58): ShopController->filterAccessControl()
#8 C:\wamp\www\yii\framework\web\filters\CFilterChain.php(130): CInlineFilter->filter()
#9 C:\wamp\www\yii\framework\web\CController.php(291): CFilterChain->run()
#10 C:\wamp\www\yii\framework\web\CController.php(265): ShopController->runActionWithFilters()
#11 C:\wamp\www\yii\framework\web\CWebApplication.php(282): ShopController->run()
#12 C:\wamp\www\yii\framework\web\CWebApplication.php(141): CWebApplication->runController()
#13 C:\wamp\www\yii\framework\base\CApplication.php(169): CWebApplication->processRequest()
#14 C:\wamp\www\bitbucket_publicidad\index.php(25): CWebApplication->run()
REQUEST_URI=/bitbucket_publicidad/index.php/shop/create
2014/09/28 07:23:49 [error] [php] include(TXFile.php): failed to open stream: No such file or directory (C:\wamp\www\yii\framework\YiiBase.php:421)
Stack trace:
#0 C:\wamp\www\bitbucket_publicidad\protected\components\TXDbMigration.php(18): spl_autoload_call()
#1 C:\wamp\www\bitbucket_publicidad\protected\controllers\ShopController.php(61): TXDbMigration->executeFile()
#2 C:\wamp\www\yii\framework\web\actions\CInlineAction.php(49): ShopController->actionCreate()
#3 C:\wamp\www\yii\framework\web\CController.php(308): CInlineAction->runWithParams()
#4 C:\wamp\www\yii\framework\web\filters\CFilterChain.php(133): ShopController->runAction()
#5 C:\wamp\www\yii\framework\web\filters\CFilter.php(40): CFilterChain->run()
#6 C:\wamp\www\yii\framework\web\CController.php(1145): CAccessControlFilter->filter()
#7 C:\wamp\www\yii\framework\web\filters\CInlineFilter.php(58): ShopController->filterAccessControl()
#8 C:\wamp\www\yii\framework\web\filters\CFilterChain.php(130): CInlineFilter->filter()
#9 C:\wamp\www\yii\framework\web\CController.php(291): CFilterChain->run()
#10 C:\wamp\www\yii\framework\web\CController.php(265): ShopController->runActionWithFilters()
#11 C:\wamp\www\yii\framework\web\CWebApplication.php(282): ShopController->run()
#12 C:\wamp\www\yii\framework\web\CWebApplication.php(141): CWebApplication->runController()
#13 C:\wamp\www\yii\framework\base\CApplication.php(169): CWebApplication->processRequest()
#14 C:\wamp\www\bitbucket_publicidad\index.php(25): CWebApplication->run()
REQUEST_URI=/bitbucket_publicidad/index.php/shop/create
2014/09/28 07:25:27 [error] [exception.CException] exception 'CException' with message 'TXDbMigration y sus behaviors no tienen un método o closure llamado "init".' in C:\wamp\www\yii\framework\base\CComponent.php:265
Stack trace:
#0 C:\wamp\www\yii\framework\base\CModule.php(387): CComponent->__call('init', Array)
#1 C:\wamp\www\yii\framework\base\CModule.php(387): TXDbMigration->init()
#2 C:\wamp\www\yii\framework\base\CModule.php(103): CModule->getComponent('dbmigration')
#3 C:\wamp\www\bitbucket_publicidad\protected\controllers\ShopController.php(61): CModule->__get('dbmigration')
#4 C:\wamp\www\yii\framework\web\actions\CInlineAction.php(49): ShopController->actionCreate()
#5 C:\wamp\www\yii\framework\web\CController.php(308): CInlineAction->runWithParams(Array)
#6 C:\wamp\www\yii\framework\web\filters\CFilterChain.php(133): CController->runAction(Object(CInlineAction))
#7 C:\wamp\www\yii\framework\web\filters\CFilter.php(40): CFilterChain->run()
#8 C:\wamp\www\yii\framework\web\CController.php(1145): CFilter->filter(Object(CFilterChain))
#9 C:\wamp\www\yii\framework\web\filters\CInlineFilter.php(58): CController->filterAccessControl(Object(CFilterChain))
#10 C:\wamp\www\yii\framework\web\filters\CFilterChain.php(130): CInlineFilter->filter(Object(CFilterChain))
#11 C:\wamp\www\yii\framework\web\CController.php(291): CFilterChain->run()
#12 C:\wamp\www\yii\framework\web\CController.php(265): CController->runActionWithFilters(Object(CInlineAction), Array)
#13 C:\wamp\www\yii\framework\web\CWebApplication.php(282): CController->run('create')
#14 C:\wamp\www\yii\framework\web\CWebApplication.php(141): CWebApplication->runController('shop/create')
#15 C:\wamp\www\yii\framework\base\CApplication.php(169): CWebApplication->processRequest()
#16 C:\wamp\www\bitbucket_publicidad\index.php(25): CApplication->run()
#17 {main}
REQUEST_URI=/bitbucket_publicidad/index.php/shop/create
---
2014/09/28 07:26:18 [error] [php] include(TXFile.php): failed to open stream: No such file or directory (C:\wamp\www\yii\framework\YiiBase.php:421)
Stack trace:
#0 C:\wamp\www\bitbucket_publicidad\protected\components\TXDbMigration.php(18): spl_autoload_call()
#1 C:\wamp\www\bitbucket_publicidad\protected\controllers\ShopController.php(61): TXDbMigration->executeFile()
#2 C:\wamp\www\yii\framework\web\actions\CInlineAction.php(49): ShopController->actionCreate()
#3 C:\wamp\www\yii\framework\web\CController.php(308): CInlineAction->runWithParams()
#4 C:\wamp\www\yii\framework\web\filters\CFilterChain.php(133): ShopController->runAction()
#5 C:\wamp\www\yii\framework\web\filters\CFilter.php(40): CFilterChain->run()
#6 C:\wamp\www\yii\framework\web\CController.php(1145): CAccessControlFilter->filter()
#7 C:\wamp\www\yii\framework\web\filters\CInlineFilter.php(58): ShopController->filterAccessControl()
#8 C:\wamp\www\yii\framework\web\filters\CFilterChain.php(130): CInlineFilter->filter()
#9 C:\wamp\www\yii\framework\web\CController.php(291): CFilterChain->run()
#10 C:\wamp\www\yii\framework\web\CController.php(265): ShopController->runActionWithFilters()
#11 C:\wamp\www\yii\framework\web\CWebApplication.php(282): ShopController->run()
#12 C:\wamp\www\yii\framework\web\CWebApplication.php(141): CWebApplication->runController()
#13 C:\wamp\www\yii\framework\base\CApplication.php(169): CWebApplication->processRequest()
#14 C:\wamp\www\bitbucket_publicidad\index.php(25): CWebApplication->run()
REQUEST_URI=/bitbucket_publicidad/index.php/shop/create
2014/09/28 07:27:07 [error] [php] include(TXFile.php): failed to open stream: No such file or directory (C:\wamp\www\yii\framework\YiiBase.php:421)
Stack trace:
#0 C:\wamp\www\bitbucket_publicidad\protected\components\TXDbMigration.php(19): spl_autoload_call()
#1 C:\wamp\www\bitbucket_publicidad\protected\controllers\ShopController.php(61): TXDbMigration->executeFile()
#2 C:\wamp\www\yii\framework\web\actions\CInlineAction.php(49): ShopController->actionCreate()
#3 C:\wamp\www\yii\framework\web\CController.php(308): CInlineAction->runWithParams()
#4 C:\wamp\www\yii\framework\web\filters\CFilterChain.php(133): ShopController->runAction()
#5 C:\wamp\www\yii\framework\web\filters\CFilter.php(40): CFilterChain->run()
#6 C:\wamp\www\yii\framework\web\CController.php(1145): CAccessControlFilter->filter()
#7 C:\wamp\www\yii\framework\web\filters\CInlineFilter.php(58): ShopController->filterAccessControl()
#8 C:\wamp\www\yii\framework\web\filters\CFilterChain.php(130): CInlineFilter->filter()
#9 C:\wamp\www\yii\framework\web\CController.php(291): CFilterChain->run()
#10 C:\wamp\www\yii\framework\web\CController.php(265): ShopController->runActionWithFilters()
#11 C:\wamp\www\yii\framework\web\CWebApplication.php(282): ShopController->run()
#12 C:\wamp\www\yii\framework\web\CWebApplication.php(141): CWebApplication->runController()
#13 C:\wamp\www\yii\framework\base\CApplication.php(169): CWebApplication->processRequest()
#14 C:\wamp\www\bitbucket_publicidad\index.php(25): CWebApplication->run()
REQUEST_URI=/bitbucket_publicidad/index.php/shop/create
2014/09/28 07:33:58 [error] [php] include(TXFile.php): failed to open stream: No such file or directory (C:\wamp\www\yii\framework\YiiBase.php:421)
Stack trace:
#0 C:\wamp\www\bitbucket_publicidad\protected\components\TXDbMigration.php(18): spl_autoload_call()
#1 C:\wamp\www\bitbucket_publicidad\protected\controllers\ShopController.php(62): TXDbMigration->executeFile()
#2 C:\wamp\www\yii\framework\web\actions\CInlineAction.php(49): ShopController->actionCreate()
#3 C:\wamp\www\yii\framework\web\CController.php(308): CInlineAction->runWithParams()
#4 C:\wamp\www\yii\framework\web\filters\CFilterChain.php(133): ShopController->runAction()
#5 C:\wamp\www\yii\framework\web\filters\CFilter.php(40): CFilterChain->run()
#6 C:\wamp\www\yii\framework\web\CController.php(1145): CAccessControlFilter->filter()
#7 C:\wamp\www\yii\framework\web\filters\CInlineFilter.php(58): ShopController->filterAccessControl()
#8 C:\wamp\www\yii\framework\web\filters\CFilterChain.php(130): CInlineFilter->filter()
#9 C:\wamp\www\yii\framework\web\CController.php(291): CFilterChain->run()
#10 C:\wamp\www\yii\framework\web\CController.php(265): ShopController->runActionWithFilters()
#11 C:\wamp\www\yii\framework\web\CWebApplication.php(282): ShopController->run()
#12 C:\wamp\www\yii\framework\web\CWebApplication.php(141): CWebApplication->runController()
#13 C:\wamp\www\yii\framework\base\CApplication.php(169): CWebApplication->processRequest()
#14 C:\wamp\www\bitbucket_publicidad\index.php(25): CWebApplication->run()
REQUEST_URI=/bitbucket_publicidad/index.php/shop/create
2014/09/28 07:34:04 [error] [php] include(TXFile.php): failed to open stream: No such file or directory (C:\wamp\www\yii\framework\YiiBase.php:421)
Stack trace:
#0 C:\wamp\www\bitbucket_publicidad\protected\components\TXDbMigration.php(18): spl_autoload_call()
#1 C:\wamp\www\bitbucket_publicidad\protected\controllers\ShopController.php(62): TXDbMigration->executeFile()
#2 C:\wamp\www\yii\framework\web\actions\CInlineAction.php(49): ShopController->actionCreate()
#3 C:\wamp\www\yii\framework\web\CController.php(308): CInlineAction->runWithParams()
#4 C:\wamp\www\yii\framework\web\filters\CFilterChain.php(133): ShopController->runAction()
#5 C:\wamp\www\yii\framework\web\filters\CFilter.php(40): CFilterChain->run()
#6 C:\wamp\www\yii\framework\web\CController.php(1145): CAccessControlFilter->filter()
#7 C:\wamp\www\yii\framework\web\filters\CInlineFilter.php(58): ShopController->filterAccessControl()
#8 C:\wamp\www\yii\framework\web\filters\CFilterChain.php(130): CInlineFilter->filter()
#9 C:\wamp\www\yii\framework\web\CController.php(291): CFilterChain->run()
#10 C:\wamp\www\yii\framework\web\CController.php(265): ShopController->runActionWithFilters()
#11 C:\wamp\www\yii\framework\web\CWebApplication.php(282): ShopController->run()
#12 C:\wamp\www\yii\framework\web\CWebApplication.php(141): CWebApplication->runController()
#13 C:\wamp\www\yii\framework\base\CApplication.php(169): CWebApplication->processRequest()
#14 C:\wamp\www\bitbucket_publicidad\index.php(25): CWebApplication->run()
REQUEST_URI=/bitbucket_publicidad/index.php/shop/create
2014/09/28 07:34:07 [error] [php] include(TXFile.php): failed to open stream: No such file or directory (C:\wamp\www\yii\framework\YiiBase.php:421)
Stack trace:
#0 C:\wamp\www\bitbucket_publicidad\protected\components\TXDbMigration.php(18): spl_autoload_call()
#1 C:\wamp\www\bitbucket_publicidad\protected\controllers\ShopController.php(62): TXDbMigration->executeFile()
#2 C:\wamp\www\yii\framework\web\actions\CInlineAction.php(49): ShopController->actionCreate()
#3 C:\wamp\www\yii\framework\web\CController.php(308): CInlineAction->runWithParams()
#4 C:\wamp\www\yii\framework\web\filters\CFilterChain.php(133): ShopController->runAction()
#5 C:\wamp\www\yii\framework\web\filters\CFilter.php(40): CFilterChain->run()
#6 C:\wamp\www\yii\framework\web\CController.php(1145): CAccessControlFilter->filter()
#7 C:\wamp\www\yii\framework\web\filters\CInlineFilter.php(58): ShopController->filterAccessControl()
#8 C:\wamp\www\yii\framework\web\filters\CFilterChain.php(130): CInlineFilter->filter()
#9 C:\wamp\www\yii\framework\web\CController.php(291): CFilterChain->run()
#10 C:\wamp\www\yii\framework\web\CController.php(265): ShopController->runActionWithFilters()
#11 C:\wamp\www\yii\framework\web\CWebApplication.php(282): ShopController->run()
#12 C:\wamp\www\yii\framework\web\CWebApplication.php(141): CWebApplication->runController()
#13 C:\wamp\www\yii\framework\base\CApplication.php(169): CWebApplication->processRequest()
#14 C:\wamp\www\bitbucket_publicidad\index.php(25): CWebApplication->run()
REQUEST_URI=/bitbucket_publicidad/index.php/shop/create
2014/09/28 07:38:10 [error] [php] Trying to get property of non-object (C:\wamp\www\bitbucket_publicidad\protected\components\TXDbMigration.php:27)
Stack trace:
#0 C:\wamp\www\yii\framework\web\CController.php(308): CInlineAction->runWithParams()
#1 C:\wamp\www\yii\framework\web\filters\CFilterChain.php(133): ShopController->runAction()
#2 C:\wamp\www\yii\framework\web\filters\CFilter.php(40): CFilterChain->run()
#3 C:\wamp\www\yii\framework\web\CController.php(1145): CAccessControlFilter->filter()
#4 C:\wamp\www\yii\framework\web\filters\CInlineFilter.php(58): ShopController->filterAccessControl()
#5 C:\wamp\www\yii\framework\web\filters\CFilterChain.php(130): CInlineFilter->filter()
#6 C:\wamp\www\yii\framework\web\CController.php(291): CFilterChain->run()
#7 C:\wamp\www\yii\framework\web\CController.php(265): ShopController->runActionWithFilters()
#8 C:\wamp\www\yii\framework\web\CWebApplication.php(282): ShopController->run()
#9 C:\wamp\www\yii\framework\web\CWebApplication.php(141): CWebApplication->runController()
#10 C:\wamp\www\yii\framework\base\CApplication.php(169): CWebApplication->processRequest()
#11 C:\wamp\www\bitbucket_publicidad\index.php(25): CWebApplication->run()
REQUEST_URI=/bitbucket_publicidad/index.php/shop/create
2014/09/28 07:42:13 [error] [php] include(TXFsObject.php): failed to open stream: No such file or directory (C:\wamp\www\yii\framework\YiiBase.php:421)
Stack trace:
#0 C:\wamp\www\bitbucket_publicidad\protected\components\TXFile.php(6): spl_autoload_call()
#1 C:\wamp\www\yii\framework\YiiBase.php(421): include()
#2 unknown(0): autoload()
#3 C:\wamp\www\bitbucket_publicidad\protected\components\TXDbMigration.php(18): spl_autoload_call()
#4 C:\wamp\www\bitbucket_publicidad\protected\controllers\ShopController.php(62): TXDbMigration->executeFile()
#5 C:\wamp\www\yii\framework\web\actions\CInlineAction.php(49): ShopController->actionCreate()
#6 C:\wamp\www\yii\framework\web\CController.php(308): CInlineAction->runWithParams()
#7 C:\wamp\www\yii\framework\web\filters\CFilterChain.php(133): ShopController->runAction()
#8 C:\wamp\www\yii\framework\web\filters\CFilter.php(40): CFilterChain->run()
#9 C:\wamp\www\yii\framework\web\CController.php(1145): CAccessControlFilter->filter()
#10 C:\wamp\www\yii\framework\web\filters\CInlineFilter.php(58): ShopController->filterAccessControl()
#11 C:\wamp\www\yii\framework\web\filters\CFilterChain.php(130): CInlineFilter->filter()
#12 C:\wamp\www\yii\framework\web\CController.php(291): CFilterChain->run()
#13 C:\wamp\www\yii\framework\web\CController.php(265): ShopController->runActionWithFilters()
#14 C:\wamp\www\yii\framework\web\CWebApplication.php(282): ShopController->run()
#15 C:\wamp\www\yii\framework\web\CWebApplication.php(141): CWebApplication->runController()
#16 C:\wamp\www\yii\framework\base\CApplication.php(169): CWebApplication->processRequest()
#17 C:\wamp\www\bitbucket_publicidad\index.php(25): CWebApplication->run()
REQUEST_URI=/bitbucket_publicidad/index.php/shop/create
2014/09/28 07:43:18 [error] [php] include(TXObject.php): failed to open stream: No such file or directory (C:\wamp\www\yii\framework\YiiBase.php:421)
Stack trace:
#0 C:\wamp\www\bitbucket_publicidad\protected\components\TXFsObject.php(3): spl_autoload_call()
#1 C:\wamp\www\yii\framework\YiiBase.php(421): include()
#2 unknown(0): autoload()
#3 C:\wamp\www\bitbucket_publicidad\protected\components\TXFile.php(6): spl_autoload_call()
#4 C:\wamp\www\yii\framework\YiiBase.php(421): include()
#5 unknown(0): autoload()
#6 C:\wamp\www\bitbucket_publicidad\protected\components\TXDbMigration.php(18): spl_autoload_call()
#7 C:\wamp\www\bitbucket_publicidad\protected\controllers\ShopController.php(62): TXDbMigration->executeFile()
#8 C:\wamp\www\yii\framework\web\actions\CInlineAction.php(49): ShopController->actionCreate()
#9 C:\wamp\www\yii\framework\web\CController.php(308): CInlineAction->runWithParams()
#10 C:\wamp\www\yii\framework\web\filters\CFilterChain.php(133): ShopController->runAction()
#11 C:\wamp\www\yii\framework\web\filters\CFilter.php(40): CFilterChain->run()
#12 C:\wamp\www\yii\framework\web\CController.php(1145): CAccessControlFilter->filter()
#13 C:\wamp\www\yii\framework\web\filters\CInlineFilter.php(58): ShopController->filterAccessControl()
#14 C:\wamp\www\yii\framework\web\filters\CFilterChain.php(130): CInlineFilter->filter()
#15 C:\wamp\www\yii\framework\web\CController.php(291): CFilterChain->run()
#16 C:\wamp\www\yii\framework\web\CController.php(265): ShopController->runActionWithFilters()
#17 C:\wamp\www\yii\framework\web\CWebApplication.php(282): ShopController->run()
#18 C:\wamp\www\yii\framework\web\CWebApplication.php(141): CWebApplication->runController()
#19 C:\wamp\www\yii\framework\base\CApplication.php(169): CWebApplication->processRequest()
#20 C:\wamp\www\bitbucket_publicidad\index.php(25): CWebApplication->run()
REQUEST_URI=/bitbucket_publicidad/index.php/shop/create
2014/09/28 07:44:38 [error] [php] include(TXFile.php): failed to open stream: No such file or directory (C:\wamp\www\yii\framework\YiiBase.php:421)
Stack trace:
#0 C:\wamp\www\bitbucket_publicidad\protected\components\TXDbMigration\TXDbMigration.php(18): spl_autoload_call()
#1 C:\wamp\www\bitbucket_publicidad\protected\controllers\ShopController.php(62): TXDbMigration->executeFile()
#2 C:\wamp\www\yii\framework\web\actions\CInlineAction.php(49): ShopController->actionCreate()
#3 C:\wamp\www\yii\framework\web\CController.php(308): CInlineAction->runWithParams()
#4 C:\wamp\www\yii\framework\web\filters\CFilterChain.php(133): ShopController->runAction()
#5 C:\wamp\www\yii\framework\web\filters\CFilter.php(40): CFilterChain->run()
#6 C:\wamp\www\yii\framework\web\CController.php(1145): CAccessControlFilter->filter()
#7 C:\wamp\www\yii\framework\web\filters\CInlineFilter.php(58): ShopController->filterAccessControl()
#8 C:\wamp\www\yii\framework\web\filters\CFilterChain.php(130): CInlineFilter->filter()
#9 C:\wamp\www\yii\framework\web\CController.php(291): CFilterChain->run()
#10 C:\wamp\www\yii\framework\web\CController.php(265): ShopController->runActionWithFilters()
#11 C:\wamp\www\yii\framework\web\CWebApplication.php(282): ShopController->run()
#12 C:\wamp\www\yii\framework\web\CWebApplication.php(141): CWebApplication->runController()
#13 C:\wamp\www\yii\framework\base\CApplication.php(169): CWebApplication->processRequest()
#14 C:\wamp\www\bitbucket_publicidad\index.php(25): CWebApplication->run()
REQUEST_URI=/bitbucket_publicidad/index.php/shop/create
2014/09/28 07:44:54 [error] [system.db.CDbCommand] CDbCommand::execute() falló: SQLSTATE[HY000]: General error: 1005 Can't create table 'publicidad.mol_category_sub' (errno: 121). La sentencia SQL ejecutada fue: CREATE TABLE IF NOT EXISTS `mol_category_sub` ( `id` smallint(6) NOT NULL AUTO_INCREMENT, `category_id` smallint(6) NOT NULL DEFAULT '0', `name` varchar(80) NOT NULL, `description` varchar(500) NOT NULL, `image` varchar(80) NOT NULL DEFAULT 'noimage.jpg', `active` bit(1) NOT NULL DEFAULT b'1', PRIMARY KEY (`id`), KEY `FK_category_sub_category` (`category_id`), CONSTRAINT `FK_category_sub_category` FOREIGN KEY (`category_id`) REFERENCES `mol_category` (`id`) ) ENGINE=InnoDB DEFAULT CHARSET=latin1 COMMENT='almacena las subcategorias o clasificadores de la tienda\r\n'; .
2014/09/28 07:44:54 [error] [exception.CDbException] exception 'CDbException' with message 'CDbCommand falló al ejecutar la sentencia SQL: SQLSTATE[HY000]: General error: 1005 Can't create table 'publicidad.mol_category_sub' (errno: 121)' in C:\wamp\www\yii\framework\db\CDbCommand.php:357
Stack trace:
#0 C:\wamp\www\bitbucket_publicidad\protected\components\TXDbMigration\TXDbMigration.php(41): CDbCommand->execute()
#1 C:\wamp\www\bitbucket_publicidad\protected\controllers\ShopController.php(62): TXDbMigration->executeFile('C:/wamp/www/bit...')
#2 C:\wamp\www\yii\framework\web\actions\CInlineAction.php(49): ShopController->actionCreate()
#3 C:\wamp\www\yii\framework\web\CController.php(308): CInlineAction->runWithParams(Array)
#4 C:\wamp\www\yii\framework\web\filters\CFilterChain.php(133): CController->runAction(Object(CInlineAction))
#5 C:\wamp\www\yii\framework\web\filters\CFilter.php(40): CFilterChain->run()
#6 C:\wamp\www\yii\framework\web\CController.php(1145): CFilter->filter(Object(CFilterChain))
#7 C:\wamp\www\yii\framework\web\filters\CInlineFilter.php(58): CController->filterAccessControl(Object(CFilterChain))
#8 C:\wamp\www\yii\framework\web\filters\CFilterChain.php(130): CInlineFilter->filter(Object(CFilterChain))
#9 C:\wamp\www\yii\framework\web\CController.php(291): CFilterChain->run()
#10 C:\wamp\www\yii\framework\web\CController.php(265): CController->runActionWithFilters(Object(CInlineAction), Array)
#11 C:\wamp\www\yii\framework\web\CWebApplication.php(282): CController->run('create')
#12 C:\wamp\www\yii\framework\web\CWebApplication.php(141): CWebApplication->runController('shop/create')
#13 C:\wamp\www\yii\framework\base\CApplication.php(169): CWebApplication->processRequest()
#14 C:\wamp\www\bitbucket_publicidad\index.php(25): CApplication->run()
#15 {main}
REQUEST_URI=/bitbucket_publicidad/index.php/shop/create
---
2014/09/28 07:45:30 [error] [system.db.CDbCommand] CDbCommand::execute() falló: SQLSTATE[HY000]: General error: 1005 Can't create table 'publicidad.mol_category_sub' (errno: 121). La sentencia SQL ejecutada fue: CREATE TABLE IF NOT EXISTS `mol_category_sub` ( `id` smallint(6) NOT NULL AUTO_INCREMENT, `category_id` smallint(6) NOT NULL DEFAULT '0', `name` varchar(80) NOT NULL, `description` varchar(500) NOT NULL, `image` varchar(80) NOT NULL DEFAULT 'noimage.jpg', `active` bit(1) NOT NULL DEFAULT b'1', PRIMARY KEY (`id`), KEY `FK_category_sub_category` (`category_id`), CONSTRAINT `FK_category_sub_category` FOREIGN KEY (`category_id`) REFERENCES `mol_category` (`id`) ) ENGINE=InnoDB DEFAULT CHARSET=latin1 COMMENT='almacena las subcategorias o clasificadores de la tienda\r\n'; .
2014/09/28 07:45:30 [error] [exception.CDbException] exception 'CDbException' with message 'CDbCommand falló al ejecutar la sentencia SQL: SQLSTATE[HY000]: General error: 1005 Can't create table 'publicidad.mol_category_sub' (errno: 121)' in C:\wamp\www\yii\framework\db\CDbCommand.php:357
Stack trace:
#0 C:\wamp\www\bitbucket_publicidad\protected\components\TXDbMigration\TXDbMigration.php(41): CDbCommand->execute()
#1 C:\wamp\www\bitbucket_publicidad\protected\controllers\ShopController.php(62): TXDbMigration->executeFile('C:/wamp/www/bit...')
#2 C:\wamp\www\yii\framework\web\actions\CInlineAction.php(49): ShopController->actionCreate()
#3 C:\wamp\www\yii\framework\web\CController.php(308): CInlineAction->runWithParams(Array)
#4 C:\wamp\www\yii\framework\web\filters\CFilterChain.php(133): CController->runAction(Object(CInlineAction))
#5 C:\wamp\www\yii\framework\web\filters\CFilter.php(40): CFilterChain->run()
#6 C:\wamp\www\yii\framework\web\CController.php(1145): CFilter->filter(Object(CFilterChain))
#7 C:\wamp\www\yii\framework\web\filters\CInlineFilter.php(58): CController->filterAccessControl(Object(CFilterChain))
#8 C:\wamp\www\yii\framework\web\filters\CFilterChain.php(130): CInlineFilter->filter(Object(CFilterChain))
#9 C:\wamp\www\yii\framework\web\CController.php(291): CFilterChain->run()
#10 C:\wamp\www\yii\framework\web\CController.php(265): CController->runActionWithFilters(Object(CInlineAction), Array)
#11 C:\wamp\www\yii\framework\web\CWebApplication.php(282): CController->run('create')
#12 C:\wamp\www\yii\framework\web\CWebApplication.php(141): CWebApplication->runController('shop/create')
#13 C:\wamp\www\yii\framework\base\CApplication.php(169): CWebApplication->processRequest()
#14 C:\wamp\www\bitbucket_publicidad\index.php(25): CApplication->run()
#15 {main}
REQUEST_URI=/bitbucket_publicidad/index.php/shop/create
---
2014/09/28 07:50:53 [error] [system.db.CDbCommand] CDbCommand::execute() falló: SQLSTATE[HY000]: General error: 1005 Can't create table 'publicidad.mol_category_sub' (errno: 121). La sentencia SQL ejecutada fue: CREATE TABLE IF NOT EXISTS `mol_category_sub` ( `id` smallint(6) NOT NULL AUTO_INCREMENT, `category_id` smallint(6) NOT NULL DEFAULT '0', `name` varchar(80) NOT NULL, `description` varchar(500) NOT NULL, `image` varchar(80) NOT NULL DEFAULT 'noimage.jpg', `active` bit(1) NOT NULL DEFAULT b'1', PRIMARY KEY (`id`), KEY `FK_category_sub_category` (`category_id`), CONSTRAINT `FK_category_sub_category` FOREIGN KEY (`category_id`) REFERENCES `mol_category` (`id`) ) ENGINE=InnoDB DEFAULT CHARSET=latin1 COMMENT='almacena las subcategorias o clasificadores de la tienda\r\n'; .
2014/09/28 07:50:53 [error] [exception.CDbException] exception 'CDbException' with message 'CDbCommand falló al ejecutar la sentencia SQL: SQLSTATE[HY000]: General error: 1005 Can't create table 'publicidad.mol_category_sub' (errno: 121)' in C:\wamp\www\yii\framework\db\CDbCommand.php:357
Stack trace:
#0 C:\wamp\www\bitbucket_publicidad\protected\components\TXDbMigration\TXDbMigration.php(41): CDbCommand->execute()
#1 C:\wamp\www\bitbucket_publicidad\protected\controllers\ShopController.php(62): TXDbMigration->executeFile('C:/wamp/www/bit...')
#2 C:\wamp\www\yii\framework\web\actions\CInlineAction.php(49): ShopController->actionCreate()
#3 C:\wamp\www\yii\framework\web\CController.php(308): CInlineAction->runWithParams(Array)
#4 C:\wamp\www\yii\framework\web\filters\CFilterChain.php(133): CController->runAction(Object(CInlineAction))
#5 C:\wamp\www\yii\framework\web\filters\CFilter.php(40): CFilterChain->run()
#6 C:\wamp\www\yii\framework\web\CController.php(1145): CFilter->filter(Object(CFilterChain))
#7 C:\wamp\www\yii\framework\web\filters\CInlineFilter.php(58): CController->filterAccessControl(Object(CFilterChain))
#8 C:\wamp\www\yii\framework\web\filters\CFilterChain.php(130): CInlineFilter->filter(Object(CFilterChain))
#9 C:\wamp\www\yii\framework\web\CController.php(291): CFilterChain->run()
#10 C:\wamp\www\yii\framework\web\CController.php(265): CController->runActionWithFilters(Object(CInlineAction), Array)
#11 C:\wamp\www\yii\framework\web\CWebApplication.php(282): CController->run('create')
#12 C:\wamp\www\yii\framework\web\CWebApplication.php(141): CWebApplication->runController('shop/create')
#13 C:\wamp\www\yii\framework\base\CApplication.php(169): CWebApplication->processRequest()
#14 C:\wamp\www\bitbucket_publicidad\index.php(25): CApplication->run()
#15 {main}
REQUEST_URI=/bitbucket_publicidad/index.php/shop/create
---
2014/09/28 07:54:26 [error] [system.db.CDbCommand] CDbCommand::execute() falló: SQLSTATE[HY000]: General error: 1005 Can't create table 'publicidad.mol_category_sub' (errno: 121). La sentencia SQL ejecutada fue: CREATE TABLE IF NOT EXISTS `mol_category_sub` ( `id` smallint(6) NOT NULL AUTO_INCREMENT, `category_id` smallint(6) NOT NULL DEFAULT '0', `name` varchar(80) NOT NULL, `description` varchar(500) NOT NULL, `image` varchar(80) NOT NULL DEFAULT 'noimage.jpg', `active` bit(1) NOT NULL DEFAULT b'1', PRIMARY KEY (`id`), KEY `FK_category_sub_category` (`category_id`), CONSTRAINT `FK_category_sub_category` FOREIGN KEY (`category_id`) REFERENCES `mol_category` (`id`) ) ENGINE=InnoDB DEFAULT CHARSET=latin1 COMMENT='almacena las subcategorias o clasificadores de la tienda\r\n'; .
2014/09/28 07:54:26 [error] [exception.CDbException] exception 'CDbException' with message 'CDbCommand falló al ejecutar la sentencia SQL: SQLSTATE[HY000]: General error: 1005 Can't create table 'publicidad.mol_category_sub' (errno: 121)' in C:\wamp\www\yii\framework\db\CDbCommand.php:357
Stack trace:
#0 C:\wamp\www\bitbucket_publicidad\protected\components\TXDbMigration\TXDbMigration.php(41): CDbCommand->execute()
#1 C:\wamp\www\bitbucket_publicidad\protected\controllers\ShopController.php(62): TXDbMigration->executeFile('C:/wamp/www/bit...')
#2 C:\wamp\www\yii\framework\web\actions\CInlineAction.php(49): ShopController->actionCreate()
#3 C:\wamp\www\yii\framework\web\CController.php(308): CInlineAction->runWithParams(Array)
#4 C:\wamp\www\yii\framework\web\filters\CFilterChain.php(133): CController->runAction(Object(CInlineAction))
#5 C:\wamp\www\yii\framework\web\filters\CFilter.php(40): CFilterChain->run()
#6 C:\wamp\www\yii\framework\web\CController.php(1145): CFilter->filter(Object(CFilterChain))
#7 C:\wamp\www\yii\framework\web\filters\CInlineFilter.php(58): CController->filterAccessControl(Object(CFilterChain))
#8 C:\wamp\www\yii\framework\web\filters\CFilterChain.php(130): CInlineFilter->filter(Object(CFilterChain))
#9 C:\wamp\www\yii\framework\web\CController.php(291): CFilterChain->run()
#10 C:\wamp\www\yii\framework\web\CController.php(265): CController->runActionWithFilters(Object(CInlineAction), Array)
#11 C:\wamp\www\yii\framework\web\CWebApplication.php(282): CController->run('create')
#12 C:\wamp\www\yii\framework\web\CWebApplication.php(141): CWebApplication->runController('shop/create')
#13 C:\wamp\www\yii\framework\base\CApplication.php(169): CWebApplication->processRequest()
#14 C:\wamp\www\bitbucket_publicidad\index.php(25): CApplication->run()
#15 {main}
REQUEST_URI=/bitbucket_publicidad/index.php/shop/create
---
2014/09/28 07:58:44 [error] [system.db.CDbCommand] CDbCommand::fetchAll() falló: SQLSTATE[HY000]: General error. La sentencia SQL ejecutada fue: CREATE DATABASE hola.
2014/09/28 07:58:44 [error] [exception.CDbException] exception 'CDbException' with message 'CDbCommand falló al ejecutar la sentencia SQL: SQLSTATE[HY000]: General error' in C:\wamp\www\yii\framework\db\CDbCommand.php:541
Stack trace:
#0 C:\wamp\www\yii\framework\db\CDbCommand.php(395): CDbCommand->queryInternal('fetchAll', Array, Array)
#1 C:\wamp\www\bitbucket_publicidad\themes\bootstrap\views\site\index.php(53): CDbCommand->queryAll()
#2 C:\wamp\www\yii\framework\web\CBaseController.php(126): require('C:\wamp\www\bit...')
#3 C:\wamp\www\yii\framework\web\CBaseController.php(95): CBaseController->renderInternal('C:\wamp\www\bit...', Array, true)
#4 C:\wamp\www\yii\framework\web\CController.php(869): CBaseController->renderFile('C:\wamp\www\bit...', Array, true)
#5 C:\wamp\www\yii\framework\web\CController.php(782): CController->renderPartial('index', Array, true)
#6 C:\wamp\www\bitbucket_publicidad\protected\controllers\SiteController.php(45): CController->render('index', Array)
#7 C:\wamp\www\yii\framework\web\actions\CInlineAction.php(49): SiteController->actionIndex()
#8 C:\wamp\www\yii\framework\web\CController.php(308): CInlineAction->runWithParams(Array)
#9 C:\wamp\www\yii\framework\web\CController.php(286): CController->runAction(Object(CInlineAction))
#10 C:\wamp\www\yii\framework\web\CController.php(265): CController->runActionWithFilters(Object(CInlineAction), Array)
#11 C:\wamp\www\yii\framework\web\CWebApplication.php(282): CController->run('')
#12 C:\wamp\www\yii\framework\web\CWebApplication.php(141): CWebApplication->runController('')
#13 C:\wamp\www\yii\framework\base\CApplication.php(169): CWebApplication->processRequest()
#14 C:\wamp\www\bitbucket_publicidad\index.php(25): CApplication->run()
#15 {main}
REQUEST_URI=/bitbucket_publicidad/index.php
HTTP_REFERER=http://localhost/bitbucket_publicidad/index.php/shop/create
---
2014/09/28 08:00:16 [error] [php] Invalid argument supplied for foreach() (C:\wamp\www\bitbucket_publicidad\themes\bootstrap\views\site\index.php:57)
Stack trace:
#0 C:\wamp\www\yii\framework\web\CController.php(869): SiteController->renderFile()
#1 C:\wamp\www\yii\framework\web\CController.php(782): SiteController->renderPartial()
#2 C:\wamp\www\bitbucket_publicidad\protected\controllers\SiteController.php(45): SiteController->render()
#3 C:\wamp\www\yii\framework\web\actions\CInlineAction.php(49): SiteController->actionIndex()
#4 C:\wamp\www\yii\framework\web\CController.php(308): CInlineAction->runWithParams()
#5 C:\wamp\www\yii\framework\web\CController.php(286): SiteController->runAction()
#6 C:\wamp\www\yii\framework\web\CController.php(265): SiteController->runActionWithFilters()
#7 C:\wamp\www\yii\framework\web\CWebApplication.php(282): SiteController->run()
#8 C:\wamp\www\yii\framework\web\CWebApplication.php(141): CWebApplication->runController()
#9 C:\wamp\www\yii\framework\base\CApplication.php(169): CWebApplication->processRequest()
#10 C:\wamp\www\bitbucket_publicidad\index.php(25): CWebApplication->run()
REQUEST_URI=/bitbucket_publicidad/index.php
2014/09/28 08:02:40 [error] [system.db.CDbCommand] CDbCommand::execute() falló: SQLSTATE[HY000]: General error: 1007 Can't create database 'hola'; database exists. La sentencia SQL ejecutada fue: CREATE DATABASE hola.
2014/09/28 08:02:40 [error] [exception.CDbException] exception 'CDbException' with message 'CDbCommand falló al ejecutar la sentencia SQL: SQLSTATE[HY000]: General error: 1007 Can't create database 'hola'; database exists' in C:\wamp\www\yii\framework\db\CDbCommand.php:357
Stack trace:
#0 C:\wamp\www\bitbucket_publicidad\themes\bootstrap\views\site\index.php(53): CDbCommand->execute()
#1 C:\wamp\www\yii\framework\web\CBaseController.php(126): require('C:\wamp\www\bit...')
#2 C:\wamp\www\yii\framework\web\CBaseController.php(95): CBaseController->renderInternal('C:\wamp\www\bit...', Array, true)
#3 C:\wamp\www\yii\framework\web\CController.php(869): CBaseController->renderFile('C:\wamp\www\bit...', Array, true)
#4 C:\wamp\www\yii\framework\web\CController.php(782): CController->renderPartial('index', Array, true)
#5 C:\wamp\www\bitbucket_publicidad\protected\controllers\SiteController.php(45): CController->render('index', Array)
#6 C:\wamp\www\yii\framework\web\actions\CInlineAction.php(49): SiteController->actionIndex()
#7 C:\wamp\www\yii\framework\web\CController.php(308): CInlineAction->runWithParams(Array)
#8 C:\wamp\www\yii\framework\web\CController.php(286): CController->runAction(Object(CInlineAction))
#9 C:\wamp\www\yii\framework\web\CController.php(265): CController->runActionWithFilters(Object(CInlineAction), Array)
#10 C:\wamp\www\yii\framework\web\CWebApplication.php(282): CController->run('')
#11 C:\wamp\www\yii\framework\web\CWebApplication.php(141): CWebApplication->runController('')
#12 C:\wamp\www\yii\framework\base\CApplication.php(169): CWebApplication->processRequest()
#13 C:\wamp\www\bitbucket_publicidad\index.php(25): CApplication->run()
#14 {main}
REQUEST_URI=/bitbucket_publicidad/index.php
HTTP_REFERER=http://localhost/bitbucket_publicidad/index.php/shop/create
---
2014/09/28 18:29:35 [error] [exception.CException] exception 'CException' with message 'CAuthItem y sus behaviors no tienen un método o closure llamado "assing".' in C:\wamp\www\yii\framework\base\CComponent.php:265
Stack trace:
#0 C:\wamp\www\bitbucket_publicidad\themes\bootstrap\views\site\index.php(56): CComponent->__call('assing', Array)
#1 C:\wamp\www\bitbucket_publicidad\themes\bootstrap\views\site\index.php(56): CAuthItem->assing('super', 3)
#2 C:\wamp\www\yii\framework\web\CBaseController.php(126): require('C:\wamp\www\bit...')
#3 C:\wamp\www\yii\framework\web\CBaseController.php(95): CBaseController->renderInternal('C:\wamp\www\bit...', Array, true)
#4 C:\wamp\www\yii\framework\web\CController.php(869): CBaseController->renderFile('C:\wamp\www\bit...', Array, true)
#5 C:\wamp\www\yii\framework\web\CController.php(782): CController->renderPartial('index', Array, true)
#6 C:\wamp\www\bitbucket_publicidad\protected\controllers\SiteController.php(45): CController->render('index', Array)
#7 C:\wamp\www\yii\framework\web\actions\CInlineAction.php(49): SiteController->actionIndex()
#8 C:\wamp\www\yii\framework\web\CController.php(308): CInlineAction->runWithParams(Array)
#9 C:\wamp\www\yii\framework\web\CController.php(286): CController->runAction(Object(CInlineAction))
#10 C:\wamp\www\yii\framework\web\CController.php(265): CController->runActionWithFilters(Object(CInlineAction), Array)
#11 C:\wamp\www\yii\framework\web\CWebApplication.php(282): CController->run('')
#12 C:\wamp\www\yii\framework\web\CWebApplication.php(141): CWebApplication->runController('')
#13 C:\wamp\www\yii\framework\base\CApplication.php(169): CWebApplication->processRequest()
#14 C:\wamp\www\bitbucket_publicidad\index.php(25): CApplication->run()
#15 {main}
REQUEST_URI=/bitbucket_publicidad/
---
2014/09/28 18:30:19 [error] [exception.CException] exception 'CException' with message 'CDbAuthManager y sus behaviors no tienen un método o closure llamado "assing".' in C:\wamp\www\yii\framework\base\CComponent.php:265
Stack trace:
#0 C:\wamp\www\bitbucket_publicidad\themes\bootstrap\views\site\index.php(56): CComponent->__call('assing', Array)
#1 C:\wamp\www\bitbucket_publicidad\themes\bootstrap\views\site\index.php(56): CDbAuthManager->assing('super', 3)
#2 C:\wamp\www\yii\framework\web\CBaseController.php(126): require('C:\wamp\www\bit...')
#3 C:\wamp\www\yii\framework\web\CBaseController.php(95): CBaseController->renderInternal('C:\wamp\www\bit...', Array, true)
#4 C:\wamp\www\yii\framework\web\CController.php(869): CBaseController->renderFile('C:\wamp\www\bit...', Array, true)
#5 C:\wamp\www\yii\framework\web\CController.php(782): CController->renderPartial('index', Array, true)
#6 C:\wamp\www\bitbucket_publicidad\protected\controllers\SiteController.php(45): CController->render('index', Array)
#7 C:\wamp\www\yii\framework\web\actions\CInlineAction.php(49): SiteController->actionIndex()
#8 C:\wamp\www\yii\framework\web\CController.php(308): CInlineAction->runWithParams(Array)
#9 C:\wamp\www\yii\framework\web\CController.php(286): CController->runAction(Object(CInlineAction))
#10 C:\wamp\www\yii\framework\web\CController.php(265): CController->runActionWithFilters(Object(CInlineAction), Array)
#11 C:\wamp\www\yii\framework\web\CWebApplication.php(282): CController->run('')
#12 C:\wamp\www\yii\framework\web\CWebApplication.php(141): CWebApplication->runController('')
#13 C:\wamp\www\yii\framework\base\CApplication.php(169): CWebApplication->processRequest()
#14 C:\wamp\www\bitbucket_publicidad\index.php(25): CApplication->run()
#15 {main}
REQUEST_URI=/bitbucket_publicidad/
---
2014/09/28 18:33:39 [error] [exception.CHttpException.403] exception 'CHttpException' with message 'Usted no se encuentra autorizado a realizar esta acción.' in C:\wamp\www\yii\framework\web\auth\CAccessControlFilter.php:179
Stack trace:
#0 C:\wamp\www\yii\framework\web\auth\CAccessControlFilter.php(142): CAccessControlFilter->accessDenied(Object(CWebUser), 'Usted no se enc...')
#1 C:\wamp\www\yii\framework\web\filters\CFilter.php(38): CAccessControlFilter->preFilter(Object(CFilterChain))
#2 C:\wamp\www\yii\framework\web\CController.php(1145): CFilter->filter(Object(CFilterChain))
#3 C:\wamp\www\yii\framework\web\filters\CInlineFilter.php(58): CController->filterAccessControl(Object(CFilterChain))
#4 C:\wamp\www\yii\framework\web\filters\CFilterChain.php(130): CInlineFilter->filter(Object(CFilterChain))
#5 C:\wamp\www\yii\framework\web\CController.php(291): CFilterChain->run()
#6 C:\wamp\www\yii\framework\web\CController.php(265): CController->runActionWithFilters(Object(CInlineAction), Array)
#7 C:\wamp\www\yii\framework\web\CWebApplication.php(282): CController->run('create')
#8 C:\wamp\www\yii\framework\web\CWebApplication.php(141): CWebApplication->runController('shop/create')
#9 C:\wamp\www\yii\framework\base\CApplication.php(169): CWebApplication->processRequest()
#10 C:\wamp\www\bitbucket_publicidad\index.php(25): CApplication->run()
#11 {main}
REQUEST_URI=/bitbucket_publicidad/index.php/shop/create
---
2014/09/28 18:39:10 [error] [exception.CHttpException.403] exception 'CHttpException' with message 'Usted no se encuentra autorizado a realizar esta acción.' in C:\wamp\www\yii\framework\web\auth\CAccessControlFilter.php:179
Stack trace:
#0 C:\wamp\www\yii\framework\web\auth\CAccessControlFilter.php(142): CAccessControlFilter->accessDenied(Object(CWebUser), 'Usted no se enc...')
#1 C:\wamp\www\yii\framework\web\filters\CFilter.php(38): CAccessControlFilter->preFilter(Object(CFilterChain))
#2 C:\wamp\www\yii\framework\web\CController.php(1145): CFilter->filter(Object(CFilterChain))
#3 C:\wamp\www\yii\framework\web\filters\CInlineFilter.php(58): CController->filterAccessControl(Object(CFilterChain))
#4 C:\wamp\www\yii\framework\web\filters\CFilterChain.php(130): CInlineFilter->filter(Object(CFilterChain))
#5 C:\wamp\www\yii\framework\web\CController.php(291): CFilterChain->run()
#6 C:\wamp\www\yii\framework\web\CController.php(265): CController->runActionWithFilters(Object(CInlineAction), Array)
#7 C:\wamp\www\yii\framework\web\CWebApplication.php(282): CController->run('logout')
#8 C:\wamp\www\yii\framework\web\CWebApplication.php(141): CWebApplication->runController('site/logout')
#9 C:\wamp\www\yii\framework\base\CApplication.php(169): CWebApplication->processRequest()
#10 C:\wamp\www\bitbucket_publicidad\index.php(25): CApplication->run()
#11 {main}
REQUEST_URI=/bitbucket_publicidad/index.php/site/logout
HTTP_REFERER=http://localhost/bitbucket_publicidad/index.php/
---
2014/09/28 18:42:18 [error] [php] Invalid argument supplied for foreach() (C:\wamp\www\yii\framework\web\auth\CAccessControlFilter.php:101)
Stack trace:
#0 C:\wamp\www\yii\framework\web\filters\CFilterChain.php(130): CInlineFilter->filter()
#1 C:\wamp\www\yii\framework\web\CController.php(291): CFilterChain->run()
#2 C:\wamp\www\yii\framework\web\CController.php(265): SiteController->runActionWithFilters()
#3 C:\wamp\www\yii\framework\web\CWebApplication.php(282): SiteController->run()
#4 C:\wamp\www\yii\framework\web\CWebApplication.php(141): CWebApplication->runController()
#5 C:\wamp\www\yii\framework\base\CApplication.php(169): CWebApplication->processRequest()
#6 C:\wamp\www\bitbucket_publicidad\index.php(25): CWebApplication->run()
REQUEST_URI=/bitbucket_publicidad/index.php
2014/09/28 18:46:39 [error] [exception.CHttpException.403] exception 'CHttpException' with message 'Usted no se encuentra autorizado a realizar esta acción.' in C:\wamp\www\yii\framework\web\auth\CAccessControlFilter.php:179
Stack trace:
#0 C:\wamp\www\yii\framework\web\auth\CAccessControlFilter.php(142): CAccessControlFilter->accessDenied(Object(CWebUser), 'Usted no se enc...')
#1 C:\wamp\www\yii\framework\web\filters\CFilter.php(38): CAccessControlFilter->preFilter(Object(CFilterChain))
#2 C:\wamp\www\yii\framework\web\CController.php(1145): CFilter->filter(Object(CFilterChain))
#3 C:\wamp\www\yii\framework\web\filters\CInlineFilter.php(58): CController->filterAccessControl(Object(CFilterChain))
#4 C:\wamp\www\yii\framework\web\filters\CFilterChain.php(130): CInlineFilter->filter(Object(CFilterChain))
#5 C:\wamp\www\yii\framework\web\CController.php(291): CFilterChain->run()
#6 C:\wamp\www\yii\framework\web\CController.php(265): CController->runActionWithFilters(Object(CInlineAction), Array)
#7 C:\wamp\www\yii\framework\web\CWebApplication.php(282): CController->run('create')
#8 C:\wamp\www\yii\framework\web\CWebApplication.php(141): CWebApplication->runController('shop/create')
#9 C:\wamp\www\yii\framework\base\CApplication.php(169): CWebApplication->processRequest()
#10 C:\wamp\www\bitbucket_publicidad\index.php(25): CApplication->run()
#11 {main}
REQUEST_URI=/bitbucket_publicidad/index.php/shop/create
---
2014/09/28 18:53:56 [error] [exception.CHttpException.403] exception 'CHttpException' with message 'Usted no se encuentra autorizado a realizar esta acción.' in C:\wamp\www\yii\framework\web\auth\CAccessControlFilter.php:179
Stack trace:
#0 C:\wamp\www\yii\framework\web\auth\CAccessControlFilter.php(142): CAccessControlFilter->accessDenied(Object(CWebUser), 'Usted no se enc...')
#1 C:\wamp\www\yii\framework\web\filters\CFilter.php(38): CAccessControlFilter->preFilter(Object(CFilterChain))
#2 C:\wamp\www\yii\framework\web\CController.php(1145): CFilter->filter(Object(CFilterChain))
#3 C:\wamp\www\yii\framework\web\filters\CInlineFilter.php(58): CController->filterAccessControl(Object(CFilterChain))
#4 C:\wamp\www\yii\framework\web\filters\CFilterChain.php(130): CInlineFilter->filter(Object(CFilterChain))
#5 C:\wamp\www\yii\framework\web\CController.php(291): CFilterChain->run()
#6 C:\wamp\www\yii\framework\web\CController.php(265): CController->runActionWithFilters(Object(CInlineAction), Array)
#7 C:\wamp\www\yii\framework\web\CWebApplication.php(282): CController->run('create')
#8 C:\wamp\www\yii\framework\web\CWebApplication.php(141): CWebApplication->runController('shop/create')
#9 C:\wamp\www\yii\framework\base\CApplication.php(169): CWebApplication->processRequest()
#10 C:\wamp\www\bitbucket_publicidad\index.php(25): CApplication->run()
#11 {main}
REQUEST_URI=/bitbucket_publicidad/index.php/shop/create
---
2014/09/28 19:12:17 [error] [php] Undefined variable: model (C:\wamp\www\bitbucket_publicidad\protected\views\shop\create.php:9)
Stack trace:
#0 C:\wamp\www\yii\framework\web\CController.php(869): ShopController->renderFile()
#1 C:\wamp\www\yii\framework\web\CController.php(782): ShopController->renderPartial()
#2 C:\wamp\www\bitbucket_publicidad\protected\controllers\ShopController.php(107): ShopController->render()
#3 C:\wamp\www\yii\framework\web\actions\CInlineAction.php(49): ShopController->actionCreate()
#4 C:\wamp\www\yii\framework\web\CController.php(308): CInlineAction->runWithParams()
#5 C:\wamp\www\yii\framework\web\filters\CFilterChain.php(133): ShopController->runAction()
#6 C:\wamp\www\yii\framework\web\filters\CFilter.php(40): CFilterChain->run()
#7 C:\wamp\www\yii\framework\web\CController.php(1145): CAccessControlFilter->filter()
#8 C:\wamp\www\yii\framework\web\filters\CInlineFilter.php(58): ShopController->filterAccessControl()
#9 C:\wamp\www\yii\framework\web\filters\CFilterChain.php(130): CInlineFilter->filter()
#10 C:\wamp\www\yii\framework\web\CController.php(291): CFilterChain->run()
#11 C:\wamp\www\yii\framework\web\CController.php(265): ShopController->runActionWithFilters()
#12 C:\wamp\www\yii\framework\web\CWebApplication.php(282): ShopController->run()
#13 C:\wamp\www\yii\framework\web\CWebApplication.php(141): CWebApplication->runController()
#14 C:\wamp\www\yii\framework\base\CApplication.php(169): CWebApplication->processRequest()
#15 C:\wamp\www\bitbucket_publicidad\index.php(25): CWebApplication->run()
REQUEST_URI=/bitbucket_publicidad/index.php/shop/create
2014/09/28 19:14:18 [error] [system.db.CDbCommand] CDbCommand::fetchAll() falló: SQLSTATE[42S02]: Base table or view not found: 1146 Table 'publicidad.shop' doesn't exist. La sentencia SQL ejecutada fue: SHOW FULL COLUMNS FROM `Shop`.
2014/09/28 19:14:18 [error] [php] Undefined variable: creando (C:\wamp\www\bitbucket_publicidad\protected\controllers\ShopController.php:116)
Stack trace:
#0 C:\wamp\www\yii\framework\web\filters\CFilterChain.php(133): ShopController->runAction()
#1 C:\wamp\www\yii\framework\web\filters\CFilter.php(40): CFilterChain->run()
#2 C:\wamp\www\yii\framework\web\CController.php(1145): CAccessControlFilter->filter()
#3 C:\wamp\www\yii\framework\web\filters\CInlineFilter.php(58): ShopController->filterAccessControl()
#4 C:\wamp\www\yii\framework\web\filters\CFilterChain.php(130): CInlineFilter->filter()
#5 C:\wamp\www\yii\framework\web\CController.php(291): CFilterChain->run()
#6 C:\wamp\www\yii\framework\web\CController.php(265): ShopController->runActionWithFilters()
#7 C:\wamp\www\yii\framework\web\CWebApplication.php(282): ShopController->run()
#8 C:\wamp\www\yii\framework\web\CWebApplication.php(141): CWebApplication->runController()
#9 C:\wamp\www\yii\framework\base\CApplication.php(169): CWebApplication->processRequest()
#10 C:\wamp\www\bitbucket_publicidad\index.php(25): CWebApplication->run()
REQUEST_URI=/bitbucket_publicidad/index.php/shop/create
2014/09/28 19:14:56 [error] [system.db.CDbCommand] CDbCommand::fetchAll() falló: SQLSTATE[42S02]: Base table or view not found: 1146 Table 'publicidad.shop' doesn't exist. La sentencia SQL ejecutada fue: SHOW FULL COLUMNS FROM `Shop`.
2014/09/28 19:15:58 [error] [system.db.CDbCommand] CDbCommand::fetchAll() falló: SQLSTATE[42S02]: Base table or view not found: 1146 Table 'publicidad.shop' doesn't exist. La sentencia SQL ejecutada fue: SHOW FULL COLUMNS FROM `Shop`.
2014/09/28 19:16:20 [error] [system.db.CDbCommand] CDbCommand::fetchAll() falló: SQLSTATE[42S02]: Base table or view not found: 1146 Table 'publicidad.shop' doesn't exist. La sentencia SQL ejecutada fue: SHOW FULL COLUMNS FROM `Shop`.
2014/09/28 19:16:31 [error] [system.db.CDbCommand] CDbCommand::fetchAll() falló: SQLSTATE[42S02]: Base table or view not found: 1146 Table 'publicidad.shop' doesn't exist. La sentencia SQL ejecutada fue: SHOW FULL COLUMNS FROM `Shop`.
2014/09/28 19:16:34 [error] [system.db.CDbCommand] CDbCommand::fetchAll() falló: SQLSTATE[42S02]: Base table or view not found: 1146 Table 'publicidad.shop' doesn't exist. La sentencia SQL ejecutada fue: SHOW FULL COLUMNS FROM `Shop`.
2014/09/28 19:17:27 [error] [system.db.CDbCommand] CDbCommand::fetchAll() falló: SQLSTATE[42S02]: Base table or view not found: 1146 Table 'publicidad.shop' doesn't exist. La sentencia SQL ejecutada fue: SHOW FULL COLUMNS FROM `Shop`.
2014/09/28 19:17:56 [error] [system.db.CDbCommand] CDbCommand::fetchAll() falló: SQLSTATE[42S02]: Base table or view not found: 1146 Table 'publicidad.shop' doesn't exist. La sentencia SQL ejecutada fue: SHOW FULL COLUMNS FROM `Shop`.
2014/09/28 19:18:14 [error] [system.db.CDbCommand] CDbCommand::fetchAll() falló: SQLSTATE[42S02]: Base table or view not found: 1146 Table 'publicidad.shop' doesn't exist. La sentencia SQL ejecutada fue: SHOW FULL COLUMNS FROM `Shop`.
2014/09/28 19:18:43 [error] [system.db.CDbCommand] CDbCommand::fetchAll() falló: SQLSTATE[42S02]: Base table or view not found: 1146 Table 'publicidad.shop' doesn't exist. La sentencia SQL ejecutada fue: SHOW FULL COLUMNS FROM `Shop`.
2014/09/28 19:19:09 [error] [system.db.CDbCommand] CDbCommand::fetchAll() falló: SQLSTATE[42S02]: Base table or view not found: 1146 Table 'publicidad.shop' doesn't exist. La sentencia SQL ejecutada fue: SHOW FULL COLUMNS FROM `Shop`.
2014/09/28 19:19:35 [error] [system.db.CDbCommand] CDbCommand::fetchAll() falló: SQLSTATE[42S02]: Base table or view not found: 1146 Table 'publicidad.shop' doesn't exist. La sentencia SQL ejecutada fue: SHOW FULL COLUMNS FROM `Shop`.
2014/09/28 19:19:42 [error] [system.db.CDbCommand] CDbCommand::fetchAll() falló: SQLSTATE[42S02]: Base table or view not found: 1146 Table 'publicidad.shop' doesn't exist. La sentencia SQL ejecutada fue: SHOW FULL COLUMNS FROM `Shop`.
2014/09/28 19:20:19 [error] [system.db.CDbCommand] CDbCommand::fetchAll() falló: SQLSTATE[42S02]: Base table or view not found: 1146 Table 'publicidad.shop' doesn't exist. La sentencia SQL ejecutada fue: SHOW FULL COLUMNS FROM `Shop`.
2014/09/28 19:20:47 [error] [php] include(Cmss.php): failed to open stream: No such file or directory (C:\wamp\www\yii\framework\YiiBase.php:421)
Stack trace:
#0 C:\wamp\www\bitbucket_publicidad\protected\controllers\ShopController.php(107): spl_autoload_call()
#1 C:\wamp\www\yii\framework\web\actions\CInlineAction.php(49): ShopController->actionCreate()
#2 C:\wamp\www\yii\framework\web\CController.php(308): CInlineAction->runWithParams()
#3 C:\wamp\www\yii\framework\web\filters\CFilterChain.php(133): ShopController->runAction()
#4 C:\wamp\www\yii\framework\web\filters\CFilter.php(40): CFilterChain->run()
#5 C:\wamp\www\yii\framework\web\CController.php(1145): CAccessControlFilter->filter()
#6 C:\wamp\www\yii\framework\web\filters\CInlineFilter.php(58): ShopController->filterAccessControl()
#7 C:\wamp\www\yii\framework\web\filters\CFilterChain.php(130): CInlineFilter->filter()
#8 C:\wamp\www\yii\framework\web\CController.php(291): CFilterChain->run()
#9 C:\wamp\www\yii\framework\web\CController.php(265): ShopController->runActionWithFilters()
#10 C:\wamp\www\yii\framework\web\CWebApplication.php(282): ShopController->run()
#11 C:\wamp\www\yii\framework\web\CWebApplication.php(141): CWebApplication->runController()
#12 C:\wamp\www\yii\framework\base\CApplication.php(169): CWebApplication->processRequest()
#13 C:\wamp\www\bitbucket_publicidad\index.php(25): CWebApplication->run()
REQUEST_URI=/bitbucket_publicidad/index.php/shop/create
2014/09/28 19:21:04 [error] [system.db.CDbCommand] CDbCommand::fetchAll() falló: SQLSTATE[42S02]: Base table or view not found: 1146 Table 'publicidad.shop' doesn't exist. La sentencia SQL ejecutada fue: SHOW FULL COLUMNS FROM `Shop`.
2014/09/28 19:21:13 [error] [system.db.CDbCommand] CDbCommand::fetchAll() falló: SQLSTATE[42S02]: Base table or view not found: 1146 Table 'publicidad.shop' doesn't exist. La sentencia SQL ejecutada fue: SHOW FULL COLUMNS FROM `Shop`.
2014/09/28 19:21:31 [error] [system.db.CDbCommand] CDbCommand::fetchAll() falló: SQLSTATE[42S02]: Base table or view not found: 1146 Table 'publicidad.shop' doesn't exist. La sentencia SQL ejecutada fue: SHOW FULL COLUMNS FROM `Shop`.
2014/09/28 19:23:32 [error] [system.db.CDbCommand] CDbCommand::fetchAll() falló: SQLSTATE[42S02]: Base table or view not found: 1146 Table 'publicidad.shop' doesn't exist. La sentencia SQL ejecutada fue: SHOW FULL COLUMNS FROM `Shop`.
2014/09/28 19:23:50 [error] [system.db.CDbCommand] CDbCommand::fetchAll() falló: SQLSTATE[42S02]: Base table or view not found: 1146 Table 'publicidad.shop' doesn't exist. La sentencia SQL ejecutada fue: SHOW FULL COLUMNS FROM `Shop`.
2014/09/28 19:25:47 [error] [system.db.CDbCommand] CDbCommand::fetchAll() falló: SQLSTATE[42S02]: Base table or view not found: 1146 Table 'publicidad.shop' doesn't exist. La sentencia SQL ejecutada fue: SHOW FULL COLUMNS FROM `Shop`.
2014/09/28 19:26:36 [error] [system.db.CDbCommand] CDbCommand::fetchAll() falló: SQLSTATE[42000]: Syntax error or access violation: 1103 Incorrect table name ''. La sentencia SQL ejecutada fue: SHOW FULL COLUMNS FROM ``.
2014/09/28 19:26:44 [error] [system.db.CDbCommand] CDbCommand::fetchAll() falló: SQLSTATE[42S02]: Base table or view not found: 1146 Table 'publicidad.shop' doesn't exist. La sentencia SQL ejecutada fue: SHOW FULL COLUMNS FROM `shop`.
2014/09/28 19:27:52 [error] [php] method_exists() expects parameter 2 to be string, array given (C:\wamp\www\yii\framework\validators\CValidator.php:166)
Stack trace:
#0 C:\wamp\www\yii\framework\base\CModel.php(260): Shop->createValidators()
#1 C:\wamp\www\yii\framework\base\CModel.php(303): Shop->getValidators()
#2 C:\wamp\www\yii\framework\web\helpers\CHtml.php(1237): Shop->isAttributeRequired()
#3 C:\wamp\www\yii\framework\web\widgets\CActiveForm.php(562): activeLabelEx()
#4 C:\wamp\www\bitbucket_publicidad\protected\extensions\bootstrap\widgets\input\TbInput.php(253): TbActiveForm->labelEx()
#5 C:\wamp\www\bitbucket_publicidad\protected\extensions\bootstrap\widgets\input\TbInputVertical.php(140): TbInputVertical->getLabel()
#6 C:\wamp\www\bitbucket_publicidad\protected\extensions\bootstrap\widgets\input\TbInput.php(230): TbInputVertical->textField()
#7 C:\wamp\www\yii\framework\web\CBaseController.php(173): TbInputVertical->run()
#8 C:\wamp\www\bitbucket_publicidad\protected\extensions\bootstrap\widgets\TbActiveForm.php(497): ShopController->widget()
#9 C:\wamp\www\bitbucket_publicidad\protected\extensions\bootstrap\widgets\TbActiveForm.php(186): TbActiveForm->inputRow()
#10 C:\wamp\www\bitbucket_publicidad\protected\views\shop\_form.php(20): TbActiveForm->textFieldRow()
#11 C:\wamp\www\yii\framework\web\CBaseController.php(126): require()
#12 C:\wamp\www\yii\framework\web\CBaseController.php(95): ShopController->renderInternal()
#13 C:\wamp\www\yii\framework\web\CController.php(869): ShopController->renderFile()
#14 C:\wamp\www\bitbucket_publicidad\protected\views\shop\create.php(9): ShopController->renderPartial()
#15 C:\wamp\www\yii\framework\web\CBaseController.php(126): require()
#16 C:\wamp\www\yii\framework\web\CBaseController.php(95): ShopController->renderInternal()
#17 C:\wamp\www\yii\framework\web\CController.php(869): ShopController->renderFile()
#18 C:\wamp\www\yii\framework\web\CController.php(782): ShopController->renderPartial()
#19 C:\wamp\www\bitbucket_publicidad\protected\controllers\ShopController.php(110): ShopController->render()
#20 C:\wamp\www\yii\framework\web\actions\CInlineAction.php(49): ShopController->actionCreate()
#21 C:\wamp\www\yii\framework\web\CController.php(308): CInlineAction->runWithParams()
#22 C:\wamp\www\yii\framework\web\filters\CFilterChain.php(133): ShopController->runAction()
#23 C:\wamp\www\yii\framework\web\filters\CFilter.php(40): CFilterChain->run()
#24 C:\wamp\www\yii\framework\web\CController.php(1145): CAccessControlFilter->filter()
#25 C:\wamp\www\yii\framework\web\filters\CInlineFilter.php(58): ShopController->filterAccessControl()
#26 C:\wamp\www\yii\framework\web\filters\CFilterChain.php(130): CInlineFilter->filter()
#27 C:\wamp\www\yii\framework\web\CController.php(291): CFilterChain->run()
#28 C:\wamp\www\yii\framework\web\CController.php(265): ShopController->runActionWithFilters()
#29 C:\wamp\www\yii\framework\web\CWebApplication.php(282): ShopController->run()
#30 C:\wamp\www\yii\framework\web\CWebApplication.php(141): CWebApplication->runController()
#31 C:\wamp\www\yii\framework\base\CApplication.php(169): CWebApplication->processRequest()
#32 C:\wamp\www\bitbucket_publicidad\index.php(25): CWebApplication->run()
REQUEST_URI=/bitbucket_publicidad/index.php/shop/create
2014/09/28 19:28:08 [error] [php] method_exists() expects parameter 2 to be string, array given (C:\wamp\www\yii\framework\validators\CValidator.php:166)
Stack trace:
#0 C:\wamp\www\yii\framework\base\CModel.php(260): Shop->createValidators()
#1 C:\wamp\www\yii\framework\base\CModel.php(303): Shop->getValidators()
#2 C:\wamp\www\yii\framework\web\helpers\CHtml.php(1237): Shop->isAttributeRequired()
#3 C:\wamp\www\yii\framework\web\widgets\CActiveForm.php(562): activeLabelEx()
#4 C:\wamp\www\bitbucket_publicidad\protected\extensions\bootstrap\widgets\input\TbInput.php(253): TbActiveForm->labelEx()
#5 C:\wamp\www\bitbucket_publicidad\protected\extensions\bootstrap\widgets\input\TbInputVertical.php(140): TbInputVertical->getLabel()
#6 C:\wamp\www\bitbucket_publicidad\protected\extensions\bootstrap\widgets\input\TbInput.php(230): TbInputVertical->textField()
#7 C:\wamp\www\yii\framework\web\CBaseController.php(173): TbInputVertical->run()
#8 C:\wamp\www\bitbucket_publicidad\protected\extensions\bootstrap\widgets\TbActiveForm.php(497): ShopController->widget()
#9 C:\wamp\www\bitbucket_publicidad\protected\extensions\bootstrap\widgets\TbActiveForm.php(186): TbActiveForm->inputRow()
#10 C:\wamp\www\bitbucket_publicidad\protected\views\shop\_form.php(20): TbActiveForm->textFieldRow()
#11 C:\wamp\www\yii\framework\web\CBaseController.php(126): require()
#12 C:\wamp\www\yii\framework\web\CBaseController.php(95): ShopController->renderInternal()
#13 C:\wamp\www\yii\framework\web\CController.php(869): ShopController->renderFile()
#14 C:\wamp\www\bitbucket_publicidad\protected\views\shop\create.php(9): ShopController->renderPartial()
#15 C:\wamp\www\yii\framework\web\CBaseController.php(126): require()
#16 C:\wamp\www\yii\framework\web\CBaseController.php(95): ShopController->renderInternal()
#17 C:\wamp\www\yii\framework\web\CController.php(869): ShopController->renderFile()
#18 C:\wamp\www\yii\framework\web\CController.php(782): ShopController->renderPartial()
#19 C:\wamp\www\bitbucket_publicidad\protected\controllers\ShopController.php(110): ShopController->render()
#20 C:\wamp\www\yii\framework\web\actions\CInlineAction.php(49): ShopController->actionCreate()
#21 C:\wamp\www\yii\framework\web\CController.php(308): CInlineAction->runWithParams()
#22 C:\wamp\www\yii\framework\web\filters\CFilterChain.php(133): ShopController->runAction()
#23 C:\wamp\www\yii\framework\web\filters\CFilter.php(40): CFilterChain->run()
#24 C:\wamp\www\yii\framework\web\CController.php(1145): CAccessControlFilter->filter()
#25 C:\wamp\www\yii\framework\web\filters\CInlineFilter.php(58): ShopController->filterAccessControl()
#26 C:\wamp\www\yii\framework\web\filters\CFilterChain.php(130): CInlineFilter->filter()
#27 C:\wamp\www\yii\framework\web\CController.php(291): CFilterChain->run()
#28 C:\wamp\www\yii\framework\web\CController.php(265): ShopController->runActionWithFilters()
#29 C:\wamp\www\yii\framework\web\CWebApplication.php(282): ShopController->run()
#30 C:\wamp\www\yii\framework\web\CWebApplication.php(141): CWebApplication->runController()
#31 C:\wamp\www\yii\framework\base\CApplication.php(169): CWebApplication->processRequest()
#32 C:\wamp\www\bitbucket_publicidad\index.php(25): CWebApplication->run()
REQUEST_URI=/bitbucket_publicidad/index.php/shop/create
2014/09/28 20:22:50 [error] [php] Missing argument 1 for CModel::getError(), called in C:\wamp\www\yii\framework\base\CComponent.php on line 111 and defined (C:\wamp\www\yii\framework\base\CModel.php:370)
Stack trace:
#0 C:\wamp\www\yii\framework\web\CBaseController.php(126): require()
#1 C:\wamp\www\yii\framework\web\CBaseController.php(95): ShopController->renderInternal()
#2 C:\wamp\www\yii\framework\web\CController.php(869): ShopController->renderFile()
#3 C:\wamp\www\bitbucket_publicidad\protected\views\shop\create.php(9): ShopController->renderPartial()
#4 C:\wamp\www\yii\framework\web\CBaseController.php(126): require()
#5 C:\wamp\www\yii\framework\web\CBaseController.php(95): ShopController->renderInternal()
#6 C:\wamp\www\yii\framework\web\CController.php(869): ShopController->renderFile()
#7 C:\wamp\www\yii\framework\web\CController.php(782): ShopController->renderPartial()
#8 C:\wamp\www\bitbucket_publicidad\protected\controllers\ShopController.php(145): ShopController->render()
#9 C:\wamp\www\yii\framework\web\actions\CInlineAction.php(49): ShopController->actionCreate()
#10 C:\wamp\www\yii\framework\web\CController.php(308): CInlineAction->runWithParams()
#11 C:\wamp\www\yii\framework\web\filters\CFilterChain.php(133): ShopController->runAction()
#12 C:\wamp\www\yii\framework\web\filters\CFilter.php(40): CFilterChain->run()
#13 C:\wamp\www\yii\framework\web\CController.php(1145): CAccessControlFilter->filter()
#14 C:\wamp\www\yii\framework\web\filters\CInlineFilter.php(58): ShopController->filterAccessControl()
#15 C:\wamp\www\yii\framework\web\filters\CFilterChain.php(130): CInlineFilter->filter()
#16 C:\wamp\www\yii\framework\web\CController.php(291): CFilterChain->run()
#17 C:\wamp\www\yii\framework\web\CController.php(265): ShopController->runActionWithFilters()
#18 C:\wamp\www\yii\framework\web\CWebApplication.php(282): ShopController->run()
#19 C:\wamp\www\yii\framework\web\CWebApplication.php(141): CWebApplication->runController()
#20 C:\wamp\www\yii\framework\base\CApplication.php(169): CWebApplication->processRequest()
#21 C:\wamp\www\bitbucket_publicidad\index.php(25): CWebApplication->run()
REQUEST_URI=/bitbucket_publicidad/index.php/shop/create
2014/09/28 20:23:17 [error] [php] Missing argument 1 for CModel::getError(), called in C:\wamp\www\yii\framework\base\CComponent.php on line 111 and defined (C:\wamp\www\yii\framework\base\CModel.php:370)
Stack trace:
#0 C:\wamp\www\yii\framework\web\CBaseController.php(126): require()
#1 C:\wamp\www\yii\framework\web\CBaseController.php(95): ShopController->renderInternal()
#2 C:\wamp\www\yii\framework\web\CController.php(869): ShopController->renderFile()
#3 C:\wamp\www\bitbucket_publicidad\protected\views\shop\create.php(9): ShopController->renderPartial()
#4 C:\wamp\www\yii\framework\web\CBaseController.php(126): require()
#5 C:\wamp\www\yii\framework\web\CBaseController.php(95): ShopController->renderInternal()
#6 C:\wamp\www\yii\framework\web\CController.php(869): ShopController->renderFile()
#7 C:\wamp\www\yii\framework\web\CController.php(782): ShopController->renderPartial()
#8 C:\wamp\www\bitbucket_publicidad\protected\controllers\ShopController.php(145): ShopController->render()
#9 C:\wamp\www\yii\framework\web\actions\CInlineAction.php(49): ShopController->actionCreate()
#10 C:\wamp\www\yii\framework\web\CController.php(308): CInlineAction->runWithParams()
#11 C:\wamp\www\yii\framework\web\filters\CFilterChain.php(133): ShopController->runAction()
#12 C:\wamp\www\yii\framework\web\filters\CFilter.php(40): CFilterChain->run()
#13 C:\wamp\www\yii\framework\web\CController.php(1145): CAccessControlFilter->filter()
#14 C:\wamp\www\yii\framework\web\filters\CInlineFilter.php(58): ShopController->filterAccessControl()
#15 C:\wamp\www\yii\framework\web\filters\CFilterChain.php(130): CInlineFilter->filter()
#16 C:\wamp\www\yii\framework\web\CController.php(291): CFilterChain->run()
#17 C:\wamp\www\yii\framework\web\CController.php(265): ShopController->runActionWithFilters()
#18 C:\wamp\www\yii\framework\web\CWebApplication.php(282): ShopController->run()
#19 C:\wamp\www\yii\framework\web\CWebApplication.php(141): CWebApplication->runController()
#20 C:\wamp\www\yii\framework\base\CApplication.php(169): CWebApplication->processRequest()
#21 C:\wamp\www\bitbucket_publicidad\index.php(25): CWebApplication->run()
REQUEST_URI=/bitbucket_publicidad/index.php/shop/create
2014/09/28 20:23:27 [error] [php] Missing argument 1 for CModel::getError(), called in C:\wamp\www\yii\framework\base\CComponent.php on line 111 and defined (C:\wamp\www\yii\framework\base\CModel.php:370)
Stack trace:
#0 C:\wamp\www\yii\framework\web\CBaseController.php(126): require()
#1 C:\wamp\www\yii\framework\web\CBaseController.php(95): ShopController->renderInternal()
#2 C:\wamp\www\yii\framework\web\CController.php(869): ShopController->renderFile()
#3 C:\wamp\www\bitbucket_publicidad\protected\views\shop\create.php(9): ShopController->renderPartial()
#4 C:\wamp\www\yii\framework\web\CBaseController.php(126): require()
#5 C:\wamp\www\yii\framework\web\CBaseController.php(95): ShopController->renderInternal()
#6 C:\wamp\www\yii\framework\web\CController.php(869): ShopController->renderFile()
#7 C:\wamp\www\yii\framework\web\CController.php(782): ShopController->renderPartial()
#8 C:\wamp\www\bitbucket_publicidad\protected\controllers\ShopController.php(145): ShopController->render()
#9 C:\wamp\www\yii\framework\web\actions\CInlineAction.php(49): ShopController->actionCreate()
#10 C:\wamp\www\yii\framework\web\CController.php(308): CInlineAction->runWithParams()
#11 C:\wamp\www\yii\framework\web\filters\CFilterChain.php(133): ShopController->runAction()
#12 C:\wamp\www\yii\framework\web\filters\CFilter.php(40): CFilterChain->run()
#13 C:\wamp\www\yii\framework\web\CController.php(1145): CAccessControlFilter->filter()
#14 C:\wamp\www\yii\framework\web\filters\CInlineFilter.php(58): ShopController->filterAccessControl()
#15 C:\wamp\www\yii\framework\web\filters\CFilterChain.php(130): CInlineFilter->filter()
#16 C:\wamp\www\yii\framework\web\CController.php(291): CFilterChain->run()
#17 C:\wamp\www\yii\framework\web\CController.php(265): ShopController->runActionWithFilters()
#18 C:\wamp\www\yii\framework\web\CWebApplication.php(282): ShopController->run()
#19 C:\wamp\www\yii\framework\web\CWebApplication.php(141): CWebApplication->runController()
#20 C:\wamp\www\yii\framework\base\CApplication.php(169): CWebApplication->processRequest()
#21 C:\wamp\www\bitbucket_publicidad\index.php(25): CWebApplication->run()
REQUEST_URI=/bitbucket_publicidad/index.php/shop/create
2014/09/28 20:23:35 [error] [php] Missing argument 1 for CModel::getError(), called in C:\wamp\www\yii\framework\base\CComponent.php on line 111 and defined (C:\wamp\www\yii\framework\base\CModel.php:370)
Stack trace:
#0 C:\wamp\www\yii\framework\web\CBaseController.php(126): require()
#1 C:\wamp\www\yii\framework\web\CBaseController.php(95): ShopController->renderInternal()
#2 C:\wamp\www\yii\framework\web\CController.php(869): ShopController->renderFile()
#3 C:\wamp\www\bitbucket_publicidad\protected\views\shop\create.php(9): ShopController->renderPartial()
#4 C:\wamp\www\yii\framework\web\CBaseController.php(126): require()
#5 C:\wamp\www\yii\framework\web\CBaseController.php(95): ShopController->renderInternal()
#6 C:\wamp\www\yii\framework\web\CController.php(869): ShopController->renderFile()
#7 C:\wamp\www\yii\framework\web\CController.php(782): ShopController->renderPartial()
#8 C:\wamp\www\bitbucket_publicidad\protected\controllers\ShopController.php(145): ShopController->render()
#9 C:\wamp\www\yii\framework\web\actions\CInlineAction.php(49): ShopController->actionCreate()
#10 C:\wamp\www\yii\framework\web\CController.php(308): CInlineAction->runWithParams()
#11 C:\wamp\www\yii\framework\web\filters\CFilterChain.php(133): ShopController->runAction()
#12 C:\wamp\www\yii\framework\web\filters\CFilter.php(40): CFilterChain->run()
#13 C:\wamp\www\yii\framework\web\CController.php(1145): CAccessControlFilter->filter()
#14 C:\wamp\www\yii\framework\web\filters\CInlineFilter.php(58): ShopController->filterAccessControl()
#15 C:\wamp\www\yii\framework\web\filters\CFilterChain.php(130): CInlineFilter->filter()
#16 C:\wamp\www\yii\framework\web\CController.php(291): CFilterChain->run()
#17 C:\wamp\www\yii\framework\web\CController.php(265): ShopController->runActionWithFilters()
#18 C:\wamp\www\yii\framework\web\CWebApplication.php(282): ShopController->run()
#19 C:\wamp\www\yii\framework\web\CWebApplication.php(141): CWebApplication->runController()
#20 C:\wamp\www\yii\framework\base\CApplication.php(169): CWebApplication->processRequest()
#21 C:\wamp\www\bitbucket_publicidad\index.php(25): CWebApplication->run()
REQUEST_URI=/bitbucket_publicidad/index.php/shop/create
2014/09/28 20:23:40 [error] [php] Missing argument 1 for CModel::getError(), called in C:\wamp\www\yii\framework\base\CComponent.php on line 111 and defined (C:\wamp\www\yii\framework\base\CModel.php:370)
Stack trace:
#0 C:\wamp\www\yii\framework\web\CBaseController.php(126): require()
#1 C:\wamp\www\yii\framework\web\CBaseController.php(95): ShopController->renderInternal()
#2 C:\wamp\www\yii\framework\web\CController.php(869): ShopController->renderFile()
#3 C:\wamp\www\bitbucket_publicidad\protected\views\shop\create.php(9): ShopController->renderPartial()
#4 C:\wamp\www\yii\framework\web\CBaseController.php(126): require()
#5 C:\wamp\www\yii\framework\web\CBaseController.php(95): ShopController->renderInternal()
#6 C:\wamp\www\yii\framework\web\CController.php(869): ShopController->renderFile()
#7 C:\wamp\www\yii\framework\web\CController.php(782): ShopController->renderPartial()
#8 C:\wamp\www\bitbucket_publicidad\protected\controllers\ShopController.php(145): ShopController->render()
#9 C:\wamp\www\yii\framework\web\actions\CInlineAction.php(49): ShopController->actionCreate()
#10 C:\wamp\www\yii\framework\web\CController.php(308): CInlineAction->runWithParams()
#11 C:\wamp\www\yii\framework\web\filters\CFilterChain.php(133): ShopController->runAction()
#12 C:\wamp\www\yii\framework\web\filters\CFilter.php(40): CFilterChain->run()
#13 C:\wamp\www\yii\framework\web\CController.php(1145): CAccessControlFilter->filter()
#14 C:\wamp\www\yii\framework\web\filters\CInlineFilter.php(58): ShopController->filterAccessControl()
#15 C:\wamp\www\yii\framework\web\filters\CFilterChain.php(130): CInlineFilter->filter()
#16 C:\wamp\www\yii\framework\web\CController.php(291): CFilterChain->run()
#17 C:\wamp\www\yii\framework\web\CController.php(265): ShopController->runActionWithFilters()
#18 C:\wamp\www\yii\framework\web\CWebApplication.php(282): ShopController->run()
#19 C:\wamp\www\yii\framework\web\CWebApplication.php(141): CWebApplication->runController()
#20 C:\wamp\www\yii\framework\base\CApplication.php(169): CWebApplication->processRequest()
#21 C:\wamp\www\bitbucket_publicidad\index.php(25): CWebApplication->run()
REQUEST_URI=/bitbucket_publicidad/index.php/shop/create
2014/09/28 20:25:01 [error] [php] Missing argument 1 for CModel::getError(), called in C:\wamp\www\yii\framework\base\CComponent.php on line 111 and defined (C:\wamp\www\yii\framework\base\CModel.php:370)
Stack trace:
#0 C:\wamp\www\yii\framework\web\CBaseController.php(126): require()
#1 C:\wamp\www\yii\framework\web\CBaseController.php(95): ShopController->renderInternal()
#2 C:\wamp\www\yii\framework\web\CController.php(869): ShopController->renderFile()
#3 C:\wamp\www\bitbucket_publicidad\protected\views\shop\create.php(9): ShopController->renderPartial()
#4 C:\wamp\www\yii\framework\web\CBaseController.php(126): require()
#5 C:\wamp\www\yii\framework\web\CBaseController.php(95): ShopController->renderInternal()
#6 C:\wamp\www\yii\framework\web\CController.php(869): ShopController->renderFile()
#7 C:\wamp\www\yii\framework\web\CController.php(782): ShopController->renderPartial()
#8 C:\wamp\www\bitbucket_publicidad\protected\controllers\ShopController.php(143): ShopController->render()
#9 C:\wamp\www\yii\framework\web\actions\CInlineAction.php(49): ShopController->actionCreate()
#10 C:\wamp\www\yii\framework\web\CController.php(308): CInlineAction->runWithParams()
#11 C:\wamp\www\yii\framework\web\filters\CFilterChain.php(133): ShopController->runAction()
#12 C:\wamp\www\yii\framework\web\filters\CFilter.php(40): CFilterChain->run()
#13 C:\wamp\www\yii\framework\web\CController.php(1145): CAccessControlFilter->filter()
#14 C:\wamp\www\yii\framework\web\filters\CInlineFilter.php(58): ShopController->filterAccessControl()
#15 C:\wamp\www\yii\framework\web\filters\CFilterChain.php(130): CInlineFilter->filter()
#16 C:\wamp\www\yii\framework\web\CController.php(291): CFilterChain->run()
#17 C:\wamp\www\yii\framework\web\CController.php(265): ShopController->runActionWithFilters()
#18 C:\wamp\www\yii\framework\web\CWebApplication.php(282): ShopController->run()
#19 C:\wamp\www\yii\framework\web\CWebApplication.php(141): CWebApplication->runController()
#20 C:\wamp\www\yii\framework\base\CApplication.php(169): CWebApplication->processRequest()
#21 C:\wamp\www\bitbucket_publicidad\index.php(25): CWebApplication->run()
REQUEST_URI=/bitbucket_publicidad/index.php/shop/create
2014/09/28 20:25:19 [error] [php] Missing argument 1 for CModel::getError(), called in C:\wamp\www\yii\framework\base\CComponent.php on line 111 and defined (C:\wamp\www\yii\framework\base\CModel.php:370)
Stack trace:
#0 C:\wamp\www\yii\framework\web\CBaseController.php(126): require()
#1 C:\wamp\www\yii\framework\web\CBaseController.php(95): ShopController->renderInternal()
#2 C:\wamp\www\yii\framework\web\CController.php(869): ShopController->renderFile()
#3 C:\wamp\www\bitbucket_publicidad\protected\views\shop\create.php(9): ShopController->renderPartial()
#4 C:\wamp\www\yii\framework\web\CBaseController.php(126): require()
#5 C:\wamp\www\yii\framework\web\CBaseController.php(95): ShopController->renderInternal()
#6 C:\wamp\www\yii\framework\web\CController.php(869): ShopController->renderFile()
#7 C:\wamp\www\yii\framework\web\CController.php(782): ShopController->renderPartial()
#8 C:\wamp\www\bitbucket_publicidad\protected\controllers\ShopController.php(143): ShopController->render()
#9 C:\wamp\www\yii\framework\web\actions\CInlineAction.php(49): ShopController->actionCreate()
#10 C:\wamp\www\yii\framework\web\CController.php(308): CInlineAction->runWithParams()
#11 C:\wamp\www\yii\framework\web\filters\CFilterChain.php(133): ShopController->runAction()
#12 C:\wamp\www\yii\framework\web\filters\CFilter.php(40): CFilterChain->run()
#13 C:\wamp\www\yii\framework\web\CController.php(1145): CAccessControlFilter->filter()
#14 C:\wamp\www\yii\framework\web\filters\CInlineFilter.php(58): ShopController->filterAccessControl()
#15 C:\wamp\www\yii\framework\web\filters\CFilterChain.php(130): CInlineFilter->filter()
#16 C:\wamp\www\yii\framework\web\CController.php(291): CFilterChain->run()
#17 C:\wamp\www\yii\framework\web\CController.php(265): ShopController->runActionWithFilters()
#18 C:\wamp\www\yii\framework\web\CWebApplication.php(282): ShopController->run()
#19 C:\wamp\www\yii\framework\web\CWebApplication.php(141): CWebApplication->runController()
#20 C:\wamp\www\yii\framework\base\CApplication.php(169): CWebApplication->processRequest()
#21 C:\wamp\www\bitbucket_publicidad\index.php(25): CWebApplication->run()
REQUEST_URI=/bitbucket_publicidad/index.php/shop/create
2014/09/28 20:25:48 [error] [php] Missing argument 1 for CModel::getError(), called in C:\wamp\www\yii\framework\base\CComponent.php on line 111 and defined (C:\wamp\www\yii\framework\base\CModel.php:370)
Stack trace:
#0 C:\wamp\www\yii\framework\web\CBaseController.php(126): require()
#1 C:\wamp\www\yii\framework\web\CBaseController.php(95): ShopController->renderInternal()
#2 C:\wamp\www\yii\framework\web\CController.php(869): ShopController->renderFile()
#3 C:\wamp\www\bitbucket_publicidad\protected\views\shop\create.php(9): ShopController->renderPartial()
#4 C:\wamp\www\yii\framework\web\CBaseController.php(126): require()
#5 C:\wamp\www\yii\framework\web\CBaseController.php(95): ShopController->renderInternal()
#6 C:\wamp\www\yii\framework\web\CController.php(869): ShopController->renderFile()
#7 C:\wamp\www\yii\framework\web\CController.php(782): ShopController->renderPartial()
#8 C:\wamp\www\bitbucket_publicidad\protected\controllers\ShopController.php(144): ShopController->render()
#9 C:\wamp\www\yii\framework\web\actions\CInlineAction.php(49): ShopController->actionCreate()
#10 C:\wamp\www\yii\framework\web\CController.php(308): CInlineAction->runWithParams()
#11 C:\wamp\www\yii\framework\web\filters\CFilterChain.php(133): ShopController->runAction()
#12 C:\wamp\www\yii\framework\web\filters\CFilter.php(40): CFilterChain->run()
#13 C:\wamp\www\yii\framework\web\CController.php(1145): CAccessControlFilter->filter()
#14 C:\wamp\www\yii\framework\web\filters\CInlineFilter.php(58): ShopController->filterAccessControl()
#15 C:\wamp\www\yii\framework\web\filters\CFilterChain.php(130): CInlineFilter->filter()
#16 C:\wamp\www\yii\framework\web\CController.php(291): CFilterChain->run()
#17 C:\wamp\www\yii\framework\web\CController.php(265): ShopController->runActionWithFilters()
#18 C:\wamp\www\yii\framework\web\CWebApplication.php(282): ShopController->run()
#19 C:\wamp\www\yii\framework\web\CWebApplication.php(141): CWebApplication->runController()
#20 C:\wamp\www\yii\framework\base\CApplication.php(169): CWebApplication->processRequest()
#21 C:\wamp\www\bitbucket_publicidad\index.php(25): CWebApplication->run()
REQUEST_URI=/bitbucket_publicidad/index.php/shop/create
2014/09/28 20:25:51 [error] [php] Missing argument 1 for CModel::getError(), called in C:\wamp\www\yii\framework\base\CComponent.php on line 111 and defined (C:\wamp\www\yii\framework\base\CModel.php:370)
Stack trace:
#0 C:\wamp\www\yii\framework\web\CBaseController.php(126): require()
#1 C:\wamp\www\yii\framework\web\CBaseController.php(95): ShopController->renderInternal()
#2 C:\wamp\www\yii\framework\web\CController.php(869): ShopController->renderFile()
#3 C:\wamp\www\bitbucket_publicidad\protected\views\shop\create.php(9): ShopController->renderPartial()
#4 C:\wamp\www\yii\framework\web\CBaseController.php(126): require()
#5 C:\wamp\www\yii\framework\web\CBaseController.php(95): ShopController->renderInternal()
#6 C:\wamp\www\yii\framework\web\CController.php(869): ShopController->renderFile()
#7 C:\wamp\www\yii\framework\web\CController.php(782): ShopController->renderPartial()
#8 C:\wamp\www\bitbucket_publicidad\protected\controllers\ShopController.php(144): ShopController->render()
#9 C:\wamp\www\yii\framework\web\actions\CInlineAction.php(49): ShopController->actionCreate()
#10 C:\wamp\www\yii\framework\web\CController.php(308): CInlineAction->runWithParams()
#11 C:\wamp\www\yii\framework\web\filters\CFilterChain.php(133): ShopController->runAction()
#12 C:\wamp\www\yii\framework\web\filters\CFilter.php(40): CFilterChain->run()
#13 C:\wamp\www\yii\framework\web\CController.php(1145): CAccessControlFilter->filter()
#14 C:\wamp\www\yii\framework\web\filters\CInlineFilter.php(58): ShopController->filterAccessControl()
#15 C:\wamp\www\yii\framework\web\filters\CFilterChain.php(130): CInlineFilter->filter()
#16 C:\wamp\www\yii\framework\web\CController.php(291): CFilterChain->run()
#17 C:\wamp\www\yii\framework\web\CController.php(265): ShopController->runActionWithFilters()
#18 C:\wamp\www\yii\framework\web\CWebApplication.php(282): ShopController->run()
#19 C:\wamp\www\yii\framework\web\CWebApplication.php(141): CWebApplication->runController()
#20 C:\wamp\www\yii\framework\base\CApplication.php(169): CWebApplication->processRequest()
#21 C:\wamp\www\bitbucket_publicidad\index.php(25): CWebApplication->run()
REQUEST_URI=/bitbucket_publicidad/index.php/shop/create
2014/09/28 20:26:09 [error] [php] Missing argument 1 for CModel::getError(), called in C:\wamp\www\yii\framework\base\CComponent.php on line 111 and defined (C:\wamp\www\yii\framework\base\CModel.php:370)
Stack trace:
#0 C:\wamp\www\yii\framework\web\CBaseController.php(126): require()
#1 C:\wamp\www\yii\framework\web\CBaseController.php(95): ShopController->renderInternal()
#2 C:\wamp\www\yii\framework\web\CController.php(869): ShopController->renderFile()
#3 C:\wamp\www\bitbucket_publicidad\protected\views\shop\create.php(9): ShopController->renderPartial()
#4 C:\wamp\www\yii\framework\web\CBaseController.php(126): require()
#5 C:\wamp\www\yii\framework\web\CBaseController.php(95): ShopController->renderInternal()
#6 C:\wamp\www\yii\framework\web\CController.php(869): ShopController->renderFile()
#7 C:\wamp\www\yii\framework\web\CController.php(782): ShopController->renderPartial()
#8 C:\wamp\www\bitbucket_publicidad\protected\controllers\ShopController.php(144): ShopController->render()
#9 C:\wamp\www\yii\framework\web\actions\CInlineAction.php(49): ShopController->actionCreate()
#10 C:\wamp\www\yii\framework\web\CController.php(308): CInlineAction->runWithParams()
#11 C:\wamp\www\yii\framework\web\filters\CFilterChain.php(133): ShopController->runAction()
#12 C:\wamp\www\yii\framework\web\filters\CFilter.php(40): CFilterChain->run()
#13 C:\wamp\www\yii\framework\web\CController.php(1145): CAccessControlFilter->filter()
#14 C:\wamp\www\yii\framework\web\filters\CInlineFilter.php(58): ShopController->filterAccessControl()
#15 C:\wamp\www\yii\framework\web\filters\CFilterChain.php(130): CInlineFilter->filter()
#16 C:\wamp\www\yii\framework\web\CController.php(291): CFilterChain->run()
#17 C:\wamp\www\yii\framework\web\CController.php(265): ShopController->runActionWithFilters()
#18 C:\wamp\www\yii\framework\web\CWebApplication.php(282): ShopController->run()
#19 C:\wamp\www\yii\framework\web\CWebApplication.php(141): CWebApplication->runController()
#20 C:\wamp\www\yii\framework\base\CApplication.php(169): CWebApplication->processRequest()
#21 C:\wamp\www\bitbucket_publicidad\index.php(25): CWebApplication->run()
REQUEST_URI=/bitbucket_publicidad/index.php/shop/create
2014/09/28 20:26:38 [error] [php] Missing argument 1 for CModel::getError(), called in C:\wamp\www\yii\framework\base\CComponent.php on line 111 and defined (C:\wamp\www\yii\framework\base\CModel.php:370)
Stack trace:
#0 C:\wamp\www\yii\framework\web\CBaseController.php(126): require()
#1 C:\wamp\www\yii\framework\web\CBaseController.php(95): ShopController->renderInternal()
#2 C:\wamp\www\yii\framework\web\CController.php(869): ShopController->renderFile()
#3 C:\wamp\www\bitbucket_publicidad\protected\views\shop\create.php(9): ShopController->renderPartial()
#4 C:\wamp\www\yii\framework\web\CBaseController.php(126): require()
#5 C:\wamp\www\yii\framework\web\CBaseController.php(95): ShopController->renderInternal()
#6 C:\wamp\www\yii\framework\web\CController.php(869): ShopController->renderFile()
#7 C:\wamp\www\yii\framework\web\CController.php(782): ShopController->renderPartial()
#8 C:\wamp\www\bitbucket_publicidad\protected\controllers\ShopController.php(144): ShopController->render()
#9 C:\wamp\www\yii\framework\web\actions\CInlineAction.php(49): ShopController->actionCreate()
#10 C:\wamp\www\yii\framework\web\CController.php(308): CInlineAction->runWithParams()
#11 C:\wamp\www\yii\framework\web\filters\CFilterChain.php(133): ShopController->runAction()
#12 C:\wamp\www\yii\framework\web\filters\CFilter.php(40): CFilterChain->run()
#13 C:\wamp\www\yii\framework\web\CController.php(1145): CAccessControlFilter->filter()
#14 C:\wamp\www\yii\framework\web\filters\CInlineFilter.php(58): ShopController->filterAccessControl()
#15 C:\wamp\www\yii\framework\web\filters\CFilterChain.php(130): CInlineFilter->filter()
#16 C:\wamp\www\yii\framework\web\CController.php(291): CFilterChain->run()
#17 C:\wamp\www\yii\framework\web\CController.php(265): ShopController->runActionWithFilters()
#18 C:\wamp\www\yii\framework\web\CWebApplication.php(282): ShopController->run()
#19 C:\wamp\www\yii\framework\web\CWebApplication.php(141): CWebApplication->runController()
#20 C:\wamp\www\yii\framework\base\CApplication.php(169): CWebApplication->processRequest()
#21 C:\wamp\www\bitbucket_publicidad\index.php(25): CWebApplication->run()
REQUEST_URI=/bitbucket_publicidad/index.php/shop/create
2014/09/28 20:29:41 [error] [php] Undefined variable: errors (C:\wamp\www\bitbucket_publicidad\protected\views\shop\create.php:9)
Stack trace:
#0 C:\wamp\www\yii\framework\web\CController.php(869): ShopController->renderFile()
#1 C:\wamp\www\yii\framework\web\CController.php(782): ShopController->renderPartial()
#2 C:\wamp\www\bitbucket_publicidad\protected\controllers\ShopController.php(78): ShopController->render()
#3 C:\wamp\www\yii\framework\web\actions\CInlineAction.php(49): ShopController->actionCreate()
#4 C:\wamp\www\yii\framework\web\CController.php(308): CInlineAction->runWithParams()
#5 C:\wamp\www\yii\framework\web\filters\CFilterChain.php(133): ShopController->runAction()
#6 C:\wamp\www\yii\framework\web\filters\CFilter.php(40): CFilterChain->run()
#7 C:\wamp\www\yii\framework\web\CController.php(1145): CAccessControlFilter->filter()
#8 C:\wamp\www\yii\framework\web\filters\CInlineFilter.php(58): ShopController->filterAccessControl()
#9 C:\wamp\www\yii\framework\web\filters\CFilterChain.php(130): CInlineFilter->filter()
#10 C:\wamp\www\yii\framework\web\CController.php(291): CFilterChain->run()
#11 C:\wamp\www\yii\framework\web\CController.php(265): ShopController->runActionWithFilters()
#12 C:\wamp\www\yii\framework\web\CWebApplication.php(282): ShopController->run()
#13 C:\wamp\www\yii\framework\web\CWebApplication.php(141): CWebApplication->runController()
#14 C:\wamp\www\yii\framework\base\CApplication.php(169): CWebApplication->processRequest()
#15 C:\wamp\www\bitbucket_publicidad\index.php(25): CWebApplication->run()
REQUEST_URI=/bitbucket_publicidad/index.php/shop/create
2014/09/28 20:30:19 [error] [php] Undefined variable: errors (C:\wamp\www\bitbucket_publicidad\protected\views\shop\create.php:9)
Stack trace:
#0 C:\wamp\www\yii\framework\web\CController.php(869): ShopController->renderFile()
#1 C:\wamp\www\yii\framework\web\CController.php(782): ShopController->renderPartial()
#2 C:\wamp\www\bitbucket_publicidad\protected\controllers\ShopController.php(78): ShopController->render()
#3 C:\wamp\www\yii\framework\web\actions\CInlineAction.php(49): ShopController->actionCreate()
#4 C:\wamp\www\yii\framework\web\CController.php(308): CInlineAction->runWithParams()
#5 C:\wamp\www\yii\framework\web\filters\CFilterChain.php(133): ShopController->runAction()
#6 C:\wamp\www\yii\framework\web\filters\CFilter.php(40): CFilterChain->run()
#7 C:\wamp\www\yii\framework\web\CController.php(1145): CAccessControlFilter->filter()
#8 C:\wamp\www\yii\framework\web\filters\CInlineFilter.php(58): ShopController->filterAccessControl()
#9 C:\wamp\www\yii\framework\web\filters\CFilterChain.php(130): CInlineFilter->filter()
#10 C:\wamp\www\yii\framework\web\CController.php(291): CFilterChain->run()
#11 C:\wamp\www\yii\framework\web\CController.php(265): ShopController->runActionWithFilters()
#12 C:\wamp\www\yii\framework\web\CWebApplication.php(282): ShopController->run()
#13 C:\wamp\www\yii\framework\web\CWebApplication.php(141): CWebApplication->runController()
#14 C:\wamp\www\yii\framework\base\CApplication.php(169): CWebApplication->processRequest()
#15 C:\wamp\www\bitbucket_publicidad\index.php(25): CWebApplication->run()
REQUEST_URI=/bitbucket_publicidad/index.php/shop/create
2014/09/28 20:30:54 [error] [php] Undefined variable: errors (C:\wamp\www\bitbucket_publicidad\protected\views\shop\create.php:9)
Stack trace:
#0 C:\wamp\www\yii\framework\web\CController.php(869): ShopController->renderFile()
#1 C:\wamp\www\yii\framework\web\CController.php(782): ShopController->renderPartial()
#2 C:\wamp\www\bitbucket_publicidad\protected\controllers\ShopController.php(78): ShopController->render()
#3 C:\wamp\www\yii\framework\web\actions\CInlineAction.php(49): ShopController->actionCreate()
#4 C:\wamp\www\yii\framework\web\CController.php(308): CInlineAction->runWithParams()
#5 C:\wamp\www\yii\framework\web\filters\CFilterChain.php(133): ShopController->runAction()
#6 C:\wamp\www\yii\framework\web\filters\CFilter.php(40): CFilterChain->run()
#7 C:\wamp\www\yii\framework\web\CController.php(1145): CAccessControlFilter->filter()
#8 C:\wamp\www\yii\framework\web\filters\CInlineFilter.php(58): ShopController->filterAccessControl()
#9 C:\wamp\www\yii\framework\web\filters\CFilterChain.php(130): CInlineFilter->filter()
#10 C:\wamp\www\yii\framework\web\CController.php(291): CFilterChain->run()
#11 C:\wamp\www\yii\framework\web\CController.php(265): ShopController->runActionWithFilters()
#12 C:\wamp\www\yii\framework\web\CWebApplication.php(282): ShopController->run()
#13 C:\wamp\www\yii\framework\web\CWebApplication.php(141): CWebApplication->runController()
#14 C:\wamp\www\yii\framework\base\CApplication.php(169): CWebApplication->processRequest()
#15 C:\wamp\www\bitbucket_publicidad\index.php(25): CWebApplication->run()
REQUEST_URI=/bitbucket_publicidad/index.php/shop/create
2014/09/28 20:31:14 [error] [php] Undefined variable: errors (C:\wamp\www\bitbucket_publicidad\protected\views\shop\create.php:9)
Stack trace:
#0 C:\wamp\www\yii\framework\web\CController.php(869): ShopController->renderFile()
#1 C:\wamp\www\yii\framework\web\CController.php(782): ShopController->renderPartial()
#2 C:\wamp\www\bitbucket_publicidad\protected\controllers\ShopController.php(78): ShopController->render()
#3 C:\wamp\www\yii\framework\web\actions\CInlineAction.php(49): ShopController->actionCreate()
#4 C:\wamp\www\yii\framework\web\CController.php(308): CInlineAction->runWithParams()
#5 C:\wamp\www\yii\framework\web\filters\CFilterChain.php(133): ShopController->runAction()
#6 C:\wamp\www\yii\framework\web\filters\CFilter.php(40): CFilterChain->run()
#7 C:\wamp\www\yii\framework\web\CController.php(1145): CAccessControlFilter->filter()
#8 C:\wamp\www\yii\framework\web\filters\CInlineFilter.php(58): ShopController->filterAccessControl()
#9 C:\wamp\www\yii\framework\web\filters\CFilterChain.php(130): CInlineFilter->filter()
#10 C:\wamp\www\yii\framework\web\CController.php(291): CFilterChain->run()
#11 C:\wamp\www\yii\framework\web\CController.php(265): ShopController->runActionWithFilters()
#12 C:\wamp\www\yii\framework\web\CWebApplication.php(282): ShopController->run()
#13 C:\wamp\www\yii\framework\web\CWebApplication.php(141): CWebApplication->runController()
#14 C:\wamp\www\yii\framework\base\CApplication.php(169): CWebApplication->processRequest()
#15 C:\wamp\www\bitbucket_publicidad\index.php(25): CWebApplication->run()
REQUEST_URI=/bitbucket_publicidad/index.php/shop/create
2014/09/28 20:35:04 [error] [exception.CHttpException.403] exception 'CHttpException' with message 'Access denied.' in C:\wamp\www\bitbucket_publicidad\protected\controllers\SiteController.php:97
Stack trace:
#0 C:\wamp\www\yii\framework\web\actions\CInlineAction.php(49): SiteController->actionAdmin()
#1 C:\wamp\www\yii\framework\web\CController.php(308): CInlineAction->runWithParams(Array)
#2 C:\wamp\www\yii\framework\web\filters\CFilterChain.php(133): CController->runAction(Object(CInlineAction))
#3 C:\wamp\www\yii\framework\web\filters\CFilter.php(40): CFilterChain->run()
#4 C:\wamp\www\yii\framework\web\CController.php(1145): CFilter->filter(Object(CFilterChain))
#5 C:\wamp\www\yii\framework\web\filters\CInlineFilter.php(58): CController->filterAccessControl(Object(CFilterChain))
#6 C:\wamp\www\yii\framework\web\filters\CFilterChain.php(130): CInlineFilter->filter(Object(CFilterChain))
#7 C:\wamp\www\yii\framework\web\CController.php(291): CFilterChain->run()
#8 C:\wamp\www\yii\framework\web\CController.php(265): CController->runActionWithFilters(Object(CInlineAction), Array)
#9 C:\wamp\www\yii\framework\web\CWebApplication.php(282): CController->run('admin')
#10 C:\wamp\www\yii\framework\web\CWebApplication.php(141): CWebApplication->runController('site/admin')
#11 C:\wamp\www\yii\framework\base\CApplication.php(169): CWebApplication->processRequest()
#12 C:\wamp\www\bitbucket_publicidad\index.php(25): CApplication->run()
#13 {main}
REQUEST_URI=/bitbucket_publicidad/index.php/site/admin
HTTP_REFERER=http://localhost/bitbucket_publicidad/index.php/site/login
---
2014/09/28 20:45:43 [error] [php] Undefined variable: auth (C:\wamp\www\bitbucket_publicidad\themes\bootstrap\views\site\index.php:55)
Stack trace:
#0 C:\wamp\www\yii\framework\web\CController.php(869): SiteController->renderFile()
#1 C:\wamp\www\yii\framework\web\CController.php(782): SiteController->renderPartial()
#2 C:\wamp\www\bitbucket_publicidad\protected\controllers\SiteController.php(74): SiteController->render()
#3 C:\wamp\www\yii\framework\web\actions\CInlineAction.php(49): SiteController->actionIndex()
#4 C:\wamp\www\yii\framework\web\CController.php(308): CInlineAction->runWithParams()
#5 C:\wamp\www\yii\framework\web\filters\CFilterChain.php(133): SiteController->runAction()
#6 C:\wamp\www\yii\framework\web\filters\CFilter.php(40): CFilterChain->run()
#7 C:\wamp\www\yii\framework\web\CController.php(1145): CAccessControlFilter->filter()
#8 C:\wamp\www\yii\framework\web\filters\CInlineFilter.php(58): SiteController->filterAccessControl()
#9 C:\wamp\www\yii\framework\web\filters\CFilterChain.php(130): CInlineFilter->filter()
#10 C:\wamp\www\yii\framework\web\CController.php(291): CFilterChain->run()
#11 C:\wamp\www\yii\framework\web\CController.php(265): SiteController->runActionWithFilters()
#12 C:\wamp\www\yii\framework\web\CWebApplication.php(282): SiteController->run()
#13 C:\wamp\www\yii\framework\web\CWebApplication.php(141): CWebApplication->runController()
#14 C:\wamp\www\yii\framework\base\CApplication.php(169): CWebApplication->processRequest()
#15 C:\wamp\www\bitbucket_publicidad\index.php(25): CWebApplication->run()
REQUEST_URI=/bitbucket_publicidad/index.php
2014/09/28 20:51:46 [error] [php] rmdir(C:/wamp/www//volante): Directory not empty (C:\wamp\www\bitbucket_publicidad\protected\controllers\ShopController.php:164)
Stack trace:
#0 C:\wamp\www\yii\framework\web\CController.php(308): CInlineAction->runWithParams()
#1 C:\wamp\www\yii\framework\web\filters\CFilterChain.php(133): ShopController->runAction()
#2 C:\wamp\www\yii\framework\web\filters\CFilter.php(40): CFilterChain->run()
#3 C:\wamp\www\yii\framework\web\CController.php(1145): CAccessControlFilter->filter()
#4 C:\wamp\www\yii\framework\web\filters\CInlineFilter.php(58): ShopController->filterAccessControl()
#5 C:\wamp\www\yii\framework\web\filters\CFilterChain.php(130): CInlineFilter->filter()
#6 C:\wamp\www\yii\framework\web\CController.php(291): CFilterChain->run()
#7 C:\wamp\www\yii\framework\web\CController.php(265): ShopController->runActionWithFilters()
#8 C:\wamp\www\yii\framework\web\CWebApplication.php(282): ShopController->run()
#9 C:\wamp\www\yii\framework\web\CWebApplication.php(141): CWebApplication->runController()
#10 C:\wamp\www\yii\framework\base\CApplication.php(169): CWebApplication->processRequest()
#11 C:\wamp\www\bitbucket_publicidad\index.php(25): CWebApplication->run()
REQUEST_URI=/bitbucket_publicidad/index.php/shop/create
2014/09/28 20:53:16 [error] [php] rmdir(C:/wamp/www//volante): Directory not empty (C:\wamp\www\bitbucket_publicidad\protected\controllers\ShopController.php:166)
Stack trace:
#0 C:\wamp\www\yii\framework\web\CController.php(308): CInlineAction->runWithParams()
#1 C:\wamp\www\yii\framework\web\filters\CFilterChain.php(133): ShopController->runAction()
#2 C:\wamp\www\yii\framework\web\filters\CFilter.php(40): CFilterChain->run()
#3 C:\wamp\www\yii\framework\web\CController.php(1145): CAccessControlFilter->filter()
#4 C:\wamp\www\yii\framework\web\filters\CInlineFilter.php(58): ShopController->filterAccessControl()
#5 C:\wamp\www\yii\framework\web\filters\CFilterChain.php(130): CInlineFilter->filter()
#6 C:\wamp\www\yii\framework\web\CController.php(291): CFilterChain->run()
#7 C:\wamp\www\yii\framework\web\CController.php(265): ShopController->runActionWithFilters()
#8 C:\wamp\www\yii\framework\web\CWebApplication.php(282): ShopController->run()
#9 C:\wamp\www\yii\framework\web\CWebApplication.php(141): CWebApplication->runController()
#10 C:\wamp\www\yii\framework\base\CApplication.php(169): CWebApplication->processRequest()
#11 C:\wamp\www\bitbucket_publicidad\index.php(25): CWebApplication->run()
REQUEST_URI=/bitbucket_publicidad/index.php/shop/create
2014/09/28 22:55:47 [error] [exception.CHttpException.404] exception 'CHttpException' with message 'No es posible resolver la solicitud "login"' in C:\wamp\www\yii\framework\web\CWebApplication.php:286
Stack trace:
#0 C:\wamp\www\yii\framework\web\CWebApplication.php(141): CWebApplication->runController('login')
#1 C:\wamp\www\yii\framework\base\CApplication.php(169): CWebApplication->processRequest()
#2 C:\wamp\www\bitbucket_publicidad\index.php(25): CApplication->run()
#3 {main}
REQUEST_URI=/bitbucket_publicidad/index.php/login
---
2014/09/28 22:56:53 [error] [php] Undefined variable: transaction (C:\wamp\www\bitbucket_publicidad\protected\controllers\ShopController.php:177)
Stack trace:
#0 C:\wamp\www\yii\framework\web\filters\CFilterChain.php(133): ShopController->runAction()
#1 C:\wamp\www\yii\framework\web\filters\CFilter.php(40): CFilterChain->run()
#2 C:\wamp\www\yii\framework\web\CController.php(1145): CAccessControlFilter->filter()
#3 C:\wamp\www\yii\framework\web\filters\CInlineFilter.php(58): ShopController->filterAccessControl()
#4 C:\wamp\www\yii\framework\web\filters\CFilterChain.php(130): CInlineFilter->filter()
#5 C:\wamp\www\yii\framework\web\CController.php(291): CFilterChain->run()
#6 C:\wamp\www\yii\framework\web\CController.php(265): ShopController->runActionWithFilters()
#7 C:\wamp\www\yii\framework\web\CWebApplication.php(282): ShopController->run()
#8 C:\wamp\www\yii\framework\web\CWebApplication.php(141): CWebApplication->runController()
#9 C:\wamp\www\yii\framework\base\CApplication.php(169): CWebApplication->processRequest()
#10 C:\wamp\www\bitbucket_publicidad\index.php(25): CWebApplication->run()
REQUEST_URI=/bitbucket_publicidad/index.php/shop/create
2014/09/28 22:59:31 [error] [php] rmdir(C:/wamp/www//volante/ckeditor/plugins/pbckcode): Directory not empty (C:\wamp\www\bitbucket_publicidad\themes\bootstrap\views\site\index.php:65)
Stack trace:
#0 C:\wamp\www\bitbucket_publicidad\themes\bootstrap\views\site\index.php(57): removeDir()
#1 C:\wamp\www\bitbucket_publicidad\themes\bootstrap\views\site\index.php(57): removeDir()
#2 C:\wamp\www\bitbucket_publicidad\themes\bootstrap\views\site\index.php(68): removeDir()
#3 C:\wamp\www\yii\framework\web\CBaseController.php(126): require()
#4 C:\wamp\www\yii\framework\web\CBaseController.php(95): SiteController->renderInternal()
#5 C:\wamp\www\yii\framework\web\CController.php(869): SiteController->renderFile()
#6 C:\wamp\www\yii\framework\web\CController.php(782): SiteController->renderPartial()
#7 C:\wamp\www\bitbucket_publicidad\protected\controllers\SiteController.php(74): SiteController->render()
#8 C:\wamp\www\yii\framework\web\actions\CInlineAction.php(49): SiteController->actionIndex()
#9 C:\wamp\www\yii\framework\web\CController.php(308): CInlineAction->runWithParams()
#10 C:\wamp\www\yii\framework\web\filters\CFilterChain.php(133): SiteController->runAction()
#11 C:\wamp\www\yii\framework\web\filters\CFilter.php(40): CFilterChain->run()
#12 C:\wamp\www\yii\framework\web\CController.php(1145): CAccessControlFilter->filter()
#13 C:\wamp\www\yii\framework\web\filters\CInlineFilter.php(58): SiteController->filterAccessControl()
#14 C:\wamp\www\yii\framework\web\filters\CFilterChain.php(130): CInlineFilter->filter()
#15 C:\wamp\www\yii\framework\web\CController.php(291): CFilterChain->run()
#16 C:\wamp\www\yii\framework\web\CController.php(265): SiteController->runActionWithFilters()
#17 C:\wamp\www\yii\framework\web\CWebApplication.php(282): SiteController->run()
#18 C:\wamp\www\yii\framework\web\CWebApplication.php(141): CWebApplication->runController()
#19 C:\wamp\www\yii\framework\base\CApplication.php(169): CWebApplication->processRequest()
#20 C:\wamp\www\bitbucket_publicidad\index.php(25): CWebApplication->run()
REQUEST_URI=/bitbucket_publicidad/
2014/09/28 23:01:25 [error] [php] rmdir(C:/wamp/www//volante/ckeditor/plugins/pbckcode): Directory not empty (C:\wamp\www\bitbucket_publicidad\themes\bootstrap\views\site\index.php:65)
Stack trace:
#0 C:\wamp\www\bitbucket_publicidad\themes\bootstrap\views\site\index.php(57): removeDir()
#1 C:\wamp\www\bitbucket_publicidad\themes\bootstrap\views\site\index.php(57): removeDir()
#2 C:\wamp\www\bitbucket_publicidad\themes\bootstrap\views\site\index.php(68): removeDir()
#3 C:\wamp\www\yii\framework\web\CBaseController.php(126): require()
#4 C:\wamp\www\yii\framework\web\CBaseController.php(95): SiteController->renderInternal()
#5 C:\wamp\www\yii\framework\web\CController.php(869): SiteController->renderFile()
#6 C:\wamp\www\yii\framework\web\CController.php(782): SiteController->renderPartial()
#7 C:\wamp\www\bitbucket_publicidad\protected\controllers\SiteController.php(74): SiteController->render()
#8 C:\wamp\www\yii\framework\web\actions\CInlineAction.php(49): SiteController->actionIndex()
#9 C:\wamp\www\yii\framework\web\CController.php(308): CInlineAction->runWithParams()
#10 C:\wamp\www\yii\framework\web\filters\CFilterChain.php(133): SiteController->runAction()
#11 C:\wamp\www\yii\framework\web\filters\CFilter.php(40): CFilterChain->run()
#12 C:\wamp\www\yii\framework\web\CController.php(1145): CAccessControlFilter->filter()
#13 C:\wamp\www\yii\framework\web\filters\CInlineFilter.php(58): SiteController->filterAccessControl()
#14 C:\wamp\www\yii\framework\web\filters\CFilterChain.php(130): CInlineFilter->filter()
#15 C:\wamp\www\yii\framework\web\CController.php(291): CFilterChain->run()
#16 C:\wamp\www\yii\framework\web\CController.php(265): SiteController->runActionWithFilters()
#17 C:\wamp\www\yii\framework\web\CWebApplication.php(282): SiteController->run()
#18 C:\wamp\www\yii\framework\web\CWebApplication.php(141): CWebApplication->runController()
#19 C:\wamp\www\yii\framework\base\CApplication.php(169): CWebApplication->processRequest()
#20 C:\wamp\www\bitbucket_publicidad\index.php(25): CWebApplication->run()
REQUEST_URI=/bitbucket_publicidad/
2014/09/28 23:01:39 [error] [php] rmdir(C:/wamp/www//volante/ckeditor/plugins/pbckcode): Directory not empty (C:\wamp\www\bitbucket_publicidad\themes\bootstrap\views\site\index.php:65)
Stack trace:
#0 C:\wamp\www\bitbucket_publicidad\themes\bootstrap\views\site\index.php(57): removeDir()
#1 C:\wamp\www\bitbucket_publicidad\themes\bootstrap\views\site\index.php(57): removeDir()
#2 C:\wamp\www\bitbucket_publicidad\themes\bootstrap\views\site\index.php(68): removeDir()
#3 C:\wamp\www\yii\framework\web\CBaseController.php(126): require()
#4 C:\wamp\www\yii\framework\web\CBaseController.php(95): SiteController->renderInternal()
#5 C:\wamp\www\yii\framework\web\CController.php(869): SiteController->renderFile()
#6 C:\wamp\www\yii\framework\web\CController.php(782): SiteController->renderPartial()
#7 C:\wamp\www\bitbucket_publicidad\protected\controllers\SiteController.php(74): SiteController->render()
#8 C:\wamp\www\yii\framework\web\actions\CInlineAction.php(49): SiteController->actionIndex()
#9 C:\wamp\www\yii\framework\web\CController.php(308): CInlineAction->runWithParams()
#10 C:\wamp\www\yii\framework\web\filters\CFilterChain.php(133): SiteController->runAction()
#11 C:\wamp\www\yii\framework\web\filters\CFilter.php(40): CFilterChain->run()
#12 C:\wamp\www\yii\framework\web\CController.php(1145): CAccessControlFilter->filter()
#13 C:\wamp\www\yii\framework\web\filters\CInlineFilter.php(58): SiteController->filterAccessControl()
#14 C:\wamp\www\yii\framework\web\filters\CFilterChain.php(130): CInlineFilter->filter()
#15 C:\wamp\www\yii\framework\web\CController.php(291): CFilterChain->run()
#16 C:\wamp\www\yii\framework\web\CController.php(265): SiteController->runActionWithFilters()
#17 C:\wamp\www\yii\framework\web\CWebApplication.php(282): SiteController->run()
#18 C:\wamp\www\yii\framework\web\CWebApplication.php(141): CWebApplication->runController()
#19 C:\wamp\www\yii\framework\base\CApplication.php(169): CWebApplication->processRequest()
#20 C:\wamp\www\bitbucket_publicidad\index.php(25): CWebApplication->run()
REQUEST_URI=/bitbucket_publicidad/
2014/09/28 23:04:05 [error] [php] rmdir(C:/wamp/www//volante/ckeditor/plugins/pbckcode): No such file or directory (C:\wamp\www\bitbucket_publicidad\themes\bootstrap\views\site\index.php:58)
Stack trace:
#0 C:\wamp\www\bitbucket_publicidad\themes\bootstrap\views\site\index.php(57): borraDirectorio()
#1 C:\wamp\www\bitbucket_publicidad\themes\bootstrap\views\site\index.php(68): borraDirectorio()
#2 C:\wamp\www\yii\framework\web\CBaseController.php(126): require()
#3 C:\wamp\www\yii\framework\web\CBaseController.php(95): SiteController->renderInternal()
#4 C:\wamp\www\yii\framework\web\CController.php(869): SiteController->renderFile()
#5 C:\wamp\www\yii\framework\web\CController.php(782): SiteController->renderPartial()
#6 C:\wamp\www\bitbucket_publicidad\protected\controllers\SiteController.php(74): SiteController->render()
#7 C:\wamp\www\yii\framework\web\actions\CInlineAction.php(49): SiteController->actionIndex()
#8 C:\wamp\www\yii\framework\web\CController.php(308): CInlineAction->runWithParams()
#9 C:\wamp\www\yii\framework\web\filters\CFilterChain.php(133): SiteController->runAction()
#10 C:\wamp\www\yii\framework\web\filters\CFilter.php(40): CFilterChain->run()
#11 C:\wamp\www\yii\framework\web\CController.php(1145): CAccessControlFilter->filter()
#12 C:\wamp\www\yii\framework\web\filters\CInlineFilter.php(58): SiteController->filterAccessControl()
#13 C:\wamp\www\yii\framework\web\filters\CFilterChain.php(130): CInlineFilter->filter()
#14 C:\wamp\www\yii\framework\web\CController.php(291): CFilterChain->run()
#15 C:\wamp\www\yii\framework\web\CController.php(265): SiteController->runActionWithFilters()
#16 C:\wamp\www\yii\framework\web\CWebApplication.php(282): SiteController->run()
#17 C:\wamp\www\yii\framework\web\CWebApplication.php(141): CWebApplication->runController()
#18 C:\wamp\www\yii\framework\base\CApplication.php(169): CWebApplication->processRequest()
#19 C:\wamp\www\bitbucket_publicidad\index.php(25): CWebApplication->run()
REQUEST_URI=/bitbucket_publicidad/
2014/09/28 23:04:09 [error] [php] rmdir(C:/wamp/www//volante/ckeditor/plugins/preformat/image): No such file or directory (C:\wamp\www\bitbucket_publicidad\themes\bootstrap\views\site\index.php:58)
Stack trace:
#0 C:\wamp\www\bitbucket_publicidad\themes\bootstrap\views\site\index.php(57): borraDirectorio()
#1 C:\wamp\www\bitbucket_publicidad\themes\bootstrap\views\site\index.php(57): borraDirectorio()
#2 C:\wamp\www\bitbucket_publicidad\themes\bootstrap\views\site\index.php(68): borraDirectorio()
#3 C:\wamp\www\yii\framework\web\CBaseController.php(126): require()
#4 C:\wamp\www\yii\framework\web\CBaseController.php(95): SiteController->renderInternal()
#5 C:\wamp\www\yii\framework\web\CController.php(869): SiteController->renderFile()
#6 C:\wamp\www\yii\framework\web\CController.php(782): SiteController->renderPartial()
#7 C:\wamp\www\bitbucket_publicidad\protected\controllers\SiteController.php(74): SiteController->render()
#8 C:\wamp\www\yii\framework\web\actions\CInlineAction.php(49): SiteController->actionIndex()
#9 C:\wamp\www\yii\framework\web\CController.php(308): CInlineAction->runWithParams()
#10 C:\wamp\www\yii\framework\web\filters\CFilterChain.php(133): SiteController->runAction()
#11 C:\wamp\www\yii\framework\web\filters\CFilter.php(40): CFilterChain->run()
#12 C:\wamp\www\yii\framework\web\CController.php(1145): CAccessControlFilter->filter()
#13 C:\wamp\www\yii\framework\web\filters\CInlineFilter.php(58): SiteController->filterAccessControl()
#14 C:\wamp\www\yii\framework\web\filters\CFilterChain.php(130): CInlineFilter->filter()
#15 C:\wamp\www\yii\framework\web\CController.php(291): CFilterChain->run()
#16 C:\wamp\www\yii\framework\web\CController.php(265): SiteController->runActionWithFilters()
#17 C:\wamp\www\yii\framework\web\CWebApplication.php(282): SiteController->run()
#18 C:\wamp\www\yii\framework\web\CWebApplication.php(141): CWebApplication->runController()
#19 C:\wamp\www\yii\framework\base\CApplication.php(169): CWebApplication->processRequest()
#20 C:\wamp\www\bitbucket_publicidad\index.php(25): CWebApplication->run()
REQUEST_URI=/bitbucket_publicidad/
2014/09/28 23:04:40 [error] [php] rmdir(C:/wamp/www//volante/ckeditor/plugins/preformat): Permission denied (C:\wamp\www\bitbucket_publicidad\themes\bootstrap\views\site\index.php:58)
Stack trace:
#0 C:\wamp\www\bitbucket_publicidad\themes\bootstrap\views\site\index.php(57): borraDirectorio()
#1 C:\wamp\www\bitbucket_publicidad\themes\bootstrap\views\site\index.php(68): borraDirectorio()
#2 C:\wamp\www\yii\framework\web\CBaseController.php(126): require()
#3 C:\wamp\www\yii\framework\web\CBaseController.php(95): SiteController->renderInternal()
#4 C:\wamp\www\yii\framework\web\CController.php(869): SiteController->renderFile()
#5 C:\wamp\www\yii\framework\web\CController.php(782): SiteController->renderPartial()
#6 C:\wamp\www\bitbucket_publicidad\protected\controllers\SiteController.php(74): SiteController->render()
#7 C:\wamp\www\yii\framework\web\actions\CInlineAction.php(49): SiteController->actionIndex()
#8 C:\wamp\www\yii\framework\web\CController.php(308): CInlineAction->runWithParams()
#9 C:\wamp\www\yii\framework\web\filters\CFilterChain.php(133): SiteController->runAction()
#10 C:\wamp\www\yii\framework\web\filters\CFilter.php(40): CFilterChain->run()
#11 C:\wamp\www\yii\framework\web\CController.php(1145): CAccessControlFilter->filter()
#12 C:\wamp\www\yii\framework\web\filters\CInlineFilter.php(58): SiteController->filterAccessControl()
#13 C:\wamp\www\yii\framework\web\filters\CFilterChain.php(130): CInlineFilter->filter()
#14 C:\wamp\www\yii\framework\web\CController.php(291): CFilterChain->run()
#15 C:\wamp\www\yii\framework\web\CController.php(265): SiteController->runActionWithFilters()
#16 C:\wamp\www\yii\framework\web\CWebApplication.php(282): SiteController->run()
#17 C:\wamp\www\yii\framework\web\CWebApplication.php(141): CWebApplication->runController()
#18 C:\wamp\www\yii\framework\base\CApplication.php(169): CWebApplication->processRequest()
#19 C:\wamp\www\bitbucket_publicidad\index.php(25): CWebApplication->run()
REQUEST_URI=/bitbucket_publicidad/
2014/09/28 23:04:43 [error] [php] rmdir(C:/wamp/www//volante/ckeditor/plugins/preview): Permission denied (C:\wamp\www\bitbucket_publicidad\themes\bootstrap\views\site\index.php:58)
Stack trace:
#0 C:\wamp\www\bitbucket_publicidad\themes\bootstrap\views\site\index.php(57): borraDirectorio()
#1 C:\wamp\www\bitbucket_publicidad\themes\bootstrap\views\site\index.php(68): borraDirectorio()
#2 C:\wamp\www\yii\framework\web\CBaseController.php(126): require()
#3 C:\wamp\www\yii\framework\web\CBaseController.php(95): SiteController->renderInternal()
#4 C:\wamp\www\yii\framework\web\CController.php(869): SiteController->renderFile()
#5 C:\wamp\www\yii\framework\web\CController.php(782): SiteController->renderPartial()
#6 C:\wamp\www\bitbucket_publicidad\protected\controllers\SiteController.php(74): SiteController->render()
#7 C:\wamp\www\yii\framework\web\actions\CInlineAction.php(49): SiteController->actionIndex()
#8 C:\wamp\www\yii\framework\web\CController.php(308): CInlineAction->runWithParams()
#9 C:\wamp\www\yii\framework\web\filters\CFilterChain.php(133): SiteController->runAction()
#10 C:\wamp\www\yii\framework\web\filters\CFilter.php(40): CFilterChain->run()
#11 C:\wamp\www\yii\framework\web\CController.php(1145): CAccessControlFilter->filter()
#12 C:\wamp\www\yii\framework\web\filters\CInlineFilter.php(58): SiteController->filterAccessControl()
#13 C:\wamp\www\yii\framework\web\filters\CFilterChain.php(130): CInlineFilter->filter()
#14 C:\wamp\www\yii\framework\web\CController.php(291): CFilterChain->run()
#15 C:\wamp\www\yii\framework\web\CController.php(265): SiteController->runActionWithFilters()
#16 C:\wamp\www\yii\framework\web\CWebApplication.php(282): SiteController->run()
#17 C:\wamp\www\yii\framework\web\CWebApplication.php(141): CWebApplication->runController()
#18 C:\wamp\www\yii\framework\base\CApplication.php(169): CWebApplication->processRequest()
#19 C:\wamp\www\bitbucket_publicidad\index.php(25): CWebApplication->run()
REQUEST_URI=/bitbucket_publicidad/
2014/09/28 23:04:47 [error] [php] rmdir(C:/wamp/www//volante/ckeditor/plugins/scayt/dialogs): No such file or directory (C:\wamp\www\bitbucket_publicidad\themes\bootstrap\views\site\index.php:58)
Stack trace:
#0 C:\wamp\www\bitbucket_publicidad\themes\bootstrap\views\site\index.php(57): borraDirectorio()
#1 C:\wamp\www\bitbucket_publicidad\themes\bootstrap\views\site\index.php(57): borraDirectorio()
#2 C:\wamp\www\bitbucket_publicidad\themes\bootstrap\views\site\index.php(68): borraDirectorio()
#3 C:\wamp\www\yii\framework\web\CBaseController.php(126): require()
#4 C:\wamp\www\yii\framework\web\CBaseController.php(95): SiteController->renderInternal()
#5 C:\wamp\www\yii\framework\web\CController.php(869): SiteController->renderFile()
#6 C:\wamp\www\yii\framework\web\CController.php(782): SiteController->renderPartial()
#7 C:\wamp\www\bitbucket_publicidad\protected\controllers\SiteController.php(74): SiteController->render()
#8 C:\wamp\www\yii\framework\web\actions\CInlineAction.php(49): SiteController->actionIndex()
#9 C:\wamp\www\yii\framework\web\CController.php(308): CInlineAction->runWithParams()
#10 C:\wamp\www\yii\framework\web\filters\CFilterChain.php(133): SiteController->runAction()
#11 C:\wamp\www\yii\framework\web\filters\CFilter.php(40): CFilterChain->run()
#12 C:\wamp\www\yii\framework\web\CController.php(1145): CAccessControlFilter->filter()
#13 C:\wamp\www\yii\framework\web\filters\CInlineFilter.php(58): SiteController->filterAccessControl()
#14 C:\wamp\www\yii\framework\web\filters\CFilterChain.php(130): CInlineFilter->filter()
#15 C:\wamp\www\yii\framework\web\CController.php(291): CFilterChain->run()
#16 C:\wamp\www\yii\framework\web\CController.php(265): SiteController->runActionWithFilters()
#17 C:\wamp\www\yii\framework\web\CWebApplication.php(282): SiteController->run()
#18 C:\wamp\www\yii\framework\web\CWebApplication.php(141): CWebApplication->runController()
#19 C:\wamp\www\yii\framework\base\CApplication.php(169): CWebApplication->processRequest()
#20 C:\wamp\www\bitbucket_publicidad\index.php(25): CWebApplication->run()
REQUEST_URI=/bitbucket_publicidad/
2014/09/28 23:06:40 [error] [php] unlink(C:/wamp/www//volante/./././././././././././././././././././././././././././././././././././././././././././././././././././././././././././././././././././././././././././././././././././././././././././././././././././././././././././././././././././././././.): Invalid argument (C:\wamp\www\bitbucket_publicidad\themes\bootstrap\views\site\index.php:59)
Stack trace:
#0 C:\wamp\www\bitbucket_publicidad\themes\bootstrap\views\site\index.php(56): borraDirectorio()
#1 C:\wamp\www\bitbucket_publicidad\themes\bootstrap\views\site\index.php(56): borraDirectorio()
#2 C:\wamp\www\bitbucket_publicidad\themes\bootstrap\views\site\index.php(56): borraDirectorio()
#3 C:\wamp\www\bitbucket_publicidad\themes\bootstrap\views\site\index.php(56): borraDirectorio()
#4 C:\wamp\www\bitbucket_publicidad\themes\bootstrap\views\site\index.php(56): borraDirectorio()
#5 C:\wamp\www\bitbucket_publicidad\themes\bootstrap\views\site\index.php(56): borraDirectorio()
#6 C:\wamp\www\bitbucket_publicidad\themes\bootstrap\views\site\index.php(56): borraDirectorio()
#7 C:\wamp\www\bitbucket_publicidad\themes\bootstrap\views\site\index.php(56): borraDirectorio()
#8 C:\wamp\www\bitbucket_publicidad\themes\bootstrap\views\site\index.php(56): borraDirectorio()
#9 C:\wamp\www\bitbucket_publicidad\themes\bootstrap\views\site\index.php(56): borraDirectorio()
#10 C:\wamp\www\bitbucket_publicidad\themes\bootstrap\views\site\index.php(56): borraDirectorio()
#11 C:\wamp\www\bitbucket_publicidad\themes\bootstrap\views\site\index.php(56): borraDirectorio()
#12 C:\wamp\www\bitbucket_publicidad\themes\bootstrap\views\site\index.php(56): borraDirectorio()
#13 C:\wamp\www\bitbucket_publicidad\themes\bootstrap\views\site\index.php(56): borraDirectorio()
#14 C:\wamp\www\bitbucket_publicidad\themes\bootstrap\views\site\index.php(56): borraDirectorio()
#15 C:\wamp\www\bitbucket_publicidad\themes\bootstrap\views\site\index.php(56): borraDirectorio()
#16 C:\wamp\www\bitbucket_publicidad\themes\bootstrap\views\site\index.php(56): borraDirectorio()
#17 C:\wamp\www\bitbucket_publicidad\themes\bootstrap\views\site\index.php(56): borraDirectorio()
#18 C:\wamp\www\bitbucket_publicidad\themes\bootstrap\views\site\index.php(56): borraDirectorio()
#19 C:\wamp\www\bitbucket_publicidad\themes\bootstrap\views\site\index.php(56): borraDirectorio()
#20 C:\wamp\www\bitbucket_publicidad\themes\bootstrap\views\site\index.php(56): borraDirectorio()
#21 C:\wamp\www\bitbucket_publicidad\themes\bootstrap\views\site\index.php(56): borraDirectorio()
#22 C:\wamp\www\bitbucket_publicidad\themes\bootstrap\views\site\index.php(56): borraDirectorio()
#23 C:\wamp\www\bitbucket_publicidad\themes\bootstrap\views\site\index.php(56): borraDirectorio()
#24 C:\wamp\www\bitbucket_publicidad\themes\bootstrap\views\site\index.php(56): borraDirectorio()
#25 C:\wamp\www\bitbucket_publicidad\themes\bootstrap\views\site\index.php(56): borraDirectorio()
#26 C:\wamp\www\bitbucket_publicidad\themes\bootstrap\views\site\index.php(56): borraDirectorio()
#27 C:\wamp\www\bitbucket_publicidad\themes\bootstrap\views\site\index.php(56): borraDirectorio()
#28 C:\wamp\www\bitbucket_publicidad\themes\bootstrap\views\site\index.php(56): borraDirectorio()
#29 C:\wamp\www\bitbucket_publicidad\themes\bootstrap\views\site\index.php(56): borraDirectorio()
#30 C:\wamp\www\bitbucket_publicidad\themes\bootstrap\views\site\index.php(56): borraDirectorio()
#31 C:\wamp\www\bitbucket_publicidad\themes\bootstrap\views\site\index.php(56): borraDirectorio()
#32 C:\wamp\www\bitbucket_publicidad\themes\bootstrap\views\site\index.php(56): borraDirectorio()
#33 C:\wamp\www\bitbucket_publicidad\themes\bootstrap\views\site\index.php(56): borraDirectorio()
#34 C:\wamp\www\bitbucket_publicidad\themes\bootstrap\views\site\index.php(56): borraDirectorio()
#35 C:\wamp\www\bitbucket_publicidad\themes\bootstrap\views\site\index.php(56): borraDirectorio()
#36 C:\wamp\www\bitbucket_publicidad\themes\bootstrap\views\site\index.php(56): borraDirectorio()
#37 C:\wamp\www\bitbucket_publicidad\themes\bootstrap\views\site\index.php(56): borraDirectorio()
#38 C:\wamp\www\bitbucket_publicidad\themes\bootstrap\views\site\index.php(56): borraDirectorio()
#39 C:\wamp\www\bitbucket_publicidad\themes\bootstrap\views\site\index.php(56): borraDirectorio()
#40 C:\wamp\www\bitbucket_publicidad\themes\bootstrap\views\site\index.php(56): borraDirectorio()
#41 C:\wamp\www\bitbucket_publicidad\themes\bootstrap\views\site\index.php(56): borraDirectorio()
#42 C:\wamp\www\bitbucket_publicidad\themes\bootstrap\views\site\index.php(56): borraDirectorio()
#43 C:\wamp\www\bitbucket_publicidad\themes\bootstrap\views\site\index.php(56): borraDirectorio()
#44 C:\wamp\www\bitbucket_publicidad\themes\bootstrap\views\site\index.php(56): borraDirectorio()
#45 C:\wamp\www\bitbucket_publicidad\themes\bootstrap\views\site\index.php(56): borraDirectorio()
#46 C:\wamp\www\bitbucket_publicidad\themes\bootstrap\views\site\index.php(56): borraDirectorio()
#47 C:\wamp\www\bitbucket_publicidad\themes\bootstrap\views\site\index.php(56): borraDirectorio()
#48 C:\wamp\www\bitbucket_publicidad\themes\bootstrap\views\site\index.php(56): borraDirectorio()
#49 C:\wamp\www\bitbucket_publicidad\themes\bootstrap\views\site\index.php(56): borraDirectorio()
#50 C:\wamp\www\bitbucket_publicidad\themes\bootstrap\views\site\index.php(56): borraDirectorio()
#51 C:\wamp\www\bitbucket_publicidad\themes\bootstrap\views\site\index.php(56): borraDirectorio()
#52 C:\wamp\www\bitbucket_publicidad\themes\bootstrap\views\site\index.php(56): borraDirectorio()
#53 C:\wamp\www\bitbucket_publicidad\themes\bootstrap\views\site\index.php(56): borraDirectorio()
#54 C:\wamp\www\bitbucket_publicidad\themes\bootstrap\views\site\index.php(56): borraDirectorio()
#55 C:\wamp\www\bitbucket_publicidad\themes\bootstrap\views\site\index.php(56): borraDirectorio()
#56 C:\wamp\www\bitbucket_publicidad\themes\bootstrap\views\site\index.php(56): borraDirectorio()
#57 C:\wamp\www\bitbucket_publicidad\themes\bootstrap\views\site\index.php(56): borraDirectorio()
#58 C:\wamp\www\bitbucket_publicidad\themes\bootstrap\views\site\index.php(56): borraDirectorio()
#59 C:\wamp\www\bitbucket_publicidad\themes\bootstrap\views\site\index.php(56): borraDirectorio()
#60 C:\wamp\www\bitbucket_publicidad\themes\bootstrap\views\site\index.php(56): borraDirectorio()
#61 C:\wamp\www\bitbucket_publicidad\themes\bootstrap\views\site\index.php(56): borraDirectorio()
#62 C:\wamp\www\bitbucket_publicidad\themes\bootstrap\views\site\index.php(56): borraDirectorio()
#63 C:\wamp\www\bitbucket_publicidad\themes\bootstrap\views\site\index.php(56): borraDirectorio()
#64 C:\wamp\www\bitbucket_publicidad\themes\bootstrap\views\site\index.php(56): borraDirectorio()
#65 C:\wamp\www\bitbucket_publicidad\themes\bootstrap\views\site\index.php(56): borraDirectorio()
#66 C:\wamp\www\bitbucket_publicidad\themes\bootstrap\views\site\index.php(56): borraDirectorio()
#67 C:\wamp\www\bitbucket_publicidad\themes\bootstrap\views\site\index.php(56): borraDirectorio()
#68 C:\wamp\www\bitbucket_publicidad\themes\bootstrap\views\site\index.php(56): borraDirectorio()
#69 C:\wamp\www\bitbucket_publicidad\themes\bootstrap\views\site\index.php(56): borraDirectorio()
#70 C:\wamp\www\bitbucket_publicidad\themes\bootstrap\views\site\index.php(56): borraDirectorio()
#71 C:\wamp\www\bitbucket_publicidad\themes\bootstrap\views\site\index.php(56): borraDirectorio()
#72 C:\wamp\www\bitbucket_publicidad\themes\bootstrap\views\site\index.php(56): borraDirectorio()
#73 C:\wamp\www\bitbucket_publicidad\themes\bootstrap\views\site\index.php(56): borraDirectorio()
#74 C:\wamp\www\bitbucket_publicidad\themes\bootstrap\views\site\index.php(56): borraDirectorio()
#75 C:\wamp\www\bitbucket_publicidad\themes\bootstrap\views\site\index.php(56): borraDirectorio()
#76 C:\wamp\www\bitbucket_publicidad\themes\bootstrap\views\site\index.php(56): borraDirectorio()
#77 C:\wamp\www\bitbucket_publicidad\themes\bootstrap\views\site\index.php(56): borraDirectorio()
#78 C:\wamp\www\bitbucket_publicidad\themes\bootstrap\views\site\index.php(56): borraDirectorio()
#79 C:\wamp\www\bitbucket_publicidad\themes\bootstrap\views\site\index.php(56): borraDirectorio()
#80 C:\wamp\www\bitbucket_publicidad\themes\bootstrap\views\site\index.php(56): borraDirectorio()
#81 C:\wamp\www\bitbucket_publicidad\themes\bootstrap\views\site\index.php(56): borraDirectorio()
#82 C:\wamp\www\bitbucket_publicidad\themes\bootstrap\views\site\index.php(56): borraDirectorio()
#83 C:\wamp\www\bitbucket_publicidad\themes\bootstrap\views\site\index.php(56): borraDirectorio()
#84 C:\wamp\www\bitbucket_publicidad\themes\bootstrap\views\site\index.php(56): borraDirectorio()
#85 C:\wamp\www\bitbucket_publicidad\themes\bootstrap\views\site\index.php(56): borraDirectorio()
#86 C:\wamp\www\bitbucket_publicidad\themes\bootstrap\views\site\index.php(56): borraDirectorio()
#87 C:\wamp\www\bitbucket_publicidad\themes\bootstrap\views\site\index.php(56): borraDirectorio()
#88 C:\wamp\www\bitbucket_publicidad\themes\bootstrap\views\site\index.php(56): borraDirectorio()
#89 C:\wamp\www\bitbucket_publicidad\themes\bootstrap\views\site\index.php(56): borraDirectorio()
#90 C:\wamp\www\bitbucket_publicidad\themes\bootstrap\views\site\index.php(56): borraDirectorio()
#91 C:\wamp\www\bitbucket_publicidad\themes\bootstrap\views\site\index.php(56): borraDirectorio()
#92 C:\wamp\www\bitbucket_publicidad\themes\bootstrap\views\site\index.php(56): borraDirectorio()
#93 C:\wamp\www\bitbucket_publicidad\themes\bootstrap\views\site\index.php(56): borraDirectorio()
#94 C:\wamp\www\bitbucket_publicidad\themes\bootstrap\views\site\index.php(56): borraDirectorio()
#95 C:\wamp\www\bitbucket_publicidad\themes\bootstrap\views\site\index.php(56): borraDirectorio()
#96 C:\wamp\www\bitbucket_publicidad\themes\bootstrap\views\site\index.php(56): borraDirectorio()
#97 C:\wamp\www\bitbucket_publicidad\themes\bootstrap\views\site\index.php(56): borraDirectorio()
#98 C:\wamp\www\bitbucket_publicidad\themes\bootstrap\views\site\index.php(56): borraDirectorio()
#99 C:\wamp\www\bitbucket_publicidad\themes\bootstrap\views\site\index.php(56): borraDirectorio()
#100 C:\wamp\www\bitbucket_publicidad\themes\bootstrap\views\site\index.php(56): borraDirectorio()
#101 C:\wamp\www\bitbucket_publicidad\themes\bootstrap\views\site\index.php(56): borraDirectorio()
#102 C:\wamp\www\bitbucket_publicidad\themes\bootstrap\views\site\index.php(56): borraDirectorio()
#103 C:\wamp\www\bitbucket_publicidad\themes\bootstrap\views\site\index.php(56): borraDirectorio()
#104 C:\wamp\www\bitbucket_publicidad\themes\bootstrap\views\site\index.php(56): borraDirectorio()
#105 C:\wamp\www\bitbucket_publicidad\themes\bootstrap\views\site\index.php(56): borraDirectorio()
#106 C:\wamp\www\bitbucket_publicidad\themes\bootstrap\views\site\index.php(56): borraDirectorio()
#107 C:\wamp\www\bitbucket_publicidad\themes\bootstrap\views\site\index.php(56): borraDirectorio()
#108 C:\wamp\www\bitbucket_publicidad\themes\bootstrap\views\site\index.php(56): borraDirectorio()
#109 C:\wamp\www\bitbucket_publicidad\themes\bootstrap\views\site\index.php(56): borraDirectorio()
#110 C:\wamp\www\bitbucket_publicidad\themes\bootstrap\views\site\index.php(56): borraDirectorio()
#111 C:\wamp\www\bitbucket_publicidad\themes\bootstrap\views\site\index.php(56): borraDirectorio()
#112 C:\wamp\www\bitbucket_publicidad\themes\bootstrap\views\site\index.php(56): borraDirectorio()
#113 C:\wamp\www\bitbucket_publicidad\themes\bootstrap\views\site\index.php(56): borraDirectorio()
#114 C:\wamp\www\bitbucket_publicidad\themes\bootstrap\views\site\index.php(56): borraDirectorio()
#115 C:\wamp\www\bitbucket_publicidad\themes\bootstrap\views\site\index.php(56): borraDirectorio()
#116 C:\wamp\www\bitbucket_publicidad\themes\bootstrap\views\site\index.php(56): borraDirectorio()
#117 C:\wamp\www\bitbucket_publicidad\themes\bootstrap\views\site\index.php(56): borraDirectorio()
#118 C:\wamp\www\bitbucket_publicidad\themes\bootstrap\views\site\index.php(66): borraDirectorio()
#119 C:\wamp\www\yii\framework\web\CBaseController.php(126): require()
#120 C:\wamp\www\yii\framework\web\CBaseController.php(95): SiteController->renderInternal()
#121 C:\wamp\www\yii\framework\web\CController.php(869): SiteController->renderFile()
#122 C:\wamp\www\yii\framework\web\CController.php(782): SiteController->renderPartial()
#123 C:\wamp\www\bitbucket_publicidad\protected\controllers\SiteController.php(74): SiteController->render()
#124 C:\wamp\www\yii\framework\web\actions\CInlineAction.php(49): SiteController->actionIndex()
#125 C:\wamp\www\yii\framework\web\CController.php(308): CInlineAction->runWithParams()
#126 C:\wamp\www\yii\framework\web\filters\CFilterChain.php(133): SiteController->runAction()
#127 C:\wamp\www\yii\framework\web\filters\CFilter.php(40): CFilterChain->run()
#128 C:\wamp\www\yii\framework\web\CController.php(1145): CAccessControlFilter->filter()
#129 C:\wamp\www\yii\framework\web\filters\CInlineFilter.php(58): SiteController->filterAccessControl()
#130 C:\wamp\www\yii\framework\web\filters\CFilterChain.php(130): CInlineFilter->filter()
#131 C:\wamp\www\yii\framework\web\CController.php(291): CFilterChain->run()
#132 C:\wamp\www\yii\framework\web\CController.php(265): SiteController->runActionWithFilters()
#133 C:\wamp\www\yii\framework\web\CWebApplication.php(282): SiteController->run()
#134 C:\wamp\www\yii\framework\web\CWebApplication.php(141): CWebApplication->runController()
#135 C:\wamp\www\yii\framework\base\CApplication.php(169): CWebApplication->processRequest()
#136 C:\wamp\www\bitbucket_publicidad\index.php(25): CWebApplication->run()
REQUEST_URI=/bitbucket_publicidad/
2014/09/28 23:07:50 [error] [php] rmdir(C:/wamp/www//volante/ckeditor): Directory not empty (C:\wamp\www\bitbucket_publicidad\themes\bootstrap\views\site\index.php:64)
Stack trace:
#0 C:\wamp\www\bitbucket_publicidad\themes\bootstrap\views\site\index.php(69): rm_recursive()
#1 C:\wamp\www\yii\framework\web\CBaseController.php(126): require()
#2 C:\wamp\www\yii\framework\web\CBaseController.php(95): SiteController->renderInternal()
#3 C:\wamp\www\yii\framework\web\CController.php(869): SiteController->renderFile()
#4 C:\wamp\www\yii\framework\web\CController.php(782): SiteController->renderPartial()
#5 C:\wamp\www\bitbucket_publicidad\protected\controllers\SiteController.php(74): SiteController->render()
#6 C:\wamp\www\yii\framework\web\actions\CInlineAction.php(49): SiteController->actionIndex()
#7 C:\wamp\www\yii\framework\web\CController.php(308): CInlineAction->runWithParams()
#8 C:\wamp\www\yii\framework\web\filters\CFilterChain.php(133): SiteController->runAction()
#9 C:\wamp\www\yii\framework\web\filters\CFilter.php(40): CFilterChain->run()
#10 C:\wamp\www\yii\framework\web\CController.php(1145): CAccessControlFilter->filter()
#11 C:\wamp\www\yii\framework\web\filters\CInlineFilter.php(58): SiteController->filterAccessControl()
#12 C:\wamp\www\yii\framework\web\filters\CFilterChain.php(130): CInlineFilter->filter()
#13 C:\wamp\www\yii\framework\web\CController.php(291): CFilterChain->run()
#14 C:\wamp\www\yii\framework\web\CController.php(265): SiteController->runActionWithFilters()
#15 C:\wamp\www\yii\framework\web\CWebApplication.php(282): SiteController->run()
#16 C:\wamp\www\yii\framework\web\CWebApplication.php(141): CWebApplication->runController()
#17 C:\wamp\www\yii\framework\base\CApplication.php(169): CWebApplication->processRequest()
#18 C:\wamp\www\bitbucket_publicidad\index.php(25): CWebApplication->run()
REQUEST_URI=/bitbucket_publicidad/
2014/09/28 23:13:49 [error] [php] Undefined variable: transaction (C:\wamp\www\bitbucket_publicidad\protected\controllers\ShopController.php:177)
Stack trace:
#0 C:\wamp\www\yii\framework\web\filters\CFilterChain.php(133): ShopController->runAction()
#1 C:\wamp\www\yii\framework\web\filters\CFilter.php(40): CFilterChain->run()
#2 C:\wamp\www\yii\framework\web\CController.php(1145): CAccessControlFilter->filter()
#3 C:\wamp\www\yii\framework\web\filters\CInlineFilter.php(58): ShopController->filterAccessControl()
#4 C:\wamp\www\yii\framework\web\filters\CFilterChain.php(130): CInlineFilter->filter()
#5 C:\wamp\www\yii\framework\web\CController.php(291): CFilterChain->run()
#6 C:\wamp\www\yii\framework\web\CController.php(265): ShopController->runActionWithFilters()
#7 C:\wamp\www\yii\framework\web\CWebApplication.php(282): ShopController->run()
#8 C:\wamp\www\yii\framework\web\CWebApplication.php(141): CWebApplication->runController()
#9 C:\wamp\www\yii\framework\base\CApplication.php(169): CWebApplication->processRequest()
#10 C:\wamp\www\bitbucket_publicidad\index.php(25): CWebApplication->run()
REQUEST_URI=/bitbucket_publicidad/index.php/shop/create
2014/09/28 23:16:36 [error] [exception.CException] exception 'CException' with message 'Propiedad "Shop"."dbConnection" no se encuentra definida.' in C:\wamp\www\yii\framework\base\CComponent.php:130
Stack trace:
#0 C:\wamp\www\bitbucket_publicidad\protected\controllers\ShopController.php(79): CComponent->__get('dbConnection')
#1 C:\wamp\www\yii\framework\web\actions\CInlineAction.php(49): ShopController->actionCreate()
#2 C:\wamp\www\yii\framework\web\CController.php(308): CInlineAction->runWithParams(Array)
#3 C:\wamp\www\yii\framework\web\filters\CFilterChain.php(133): CController->runAction(Object(CInlineAction))
#4 C:\wamp\www\yii\framework\web\filters\CFilter.php(40): CFilterChain->run()
#5 C:\wamp\www\yii\framework\web\CController.php(1145): CFilter->filter(Object(CFilterChain))
#6 C:\wamp\www\yii\framework\web\filters\CInlineFilter.php(58): CController->filterAccessControl(Object(CFilterChain))
#7 C:\wamp\www\yii\framework\web\filters\CFilterChain.php(130): CInlineFilter->filter(Object(CFilterChain))
#8 C:\wamp\www\yii\framework\web\CController.php(291): CFilterChain->run()
#9 C:\wamp\www\yii\framework\web\CController.php(265): CController->runActionWithFilters(Object(CInlineAction), Array)
#10 C:\wamp\www\yii\framework\web\CWebApplication.php(282): CController->run('create')
#11 C:\wamp\www\yii\framework\web\CWebApplication.php(141): CWebApplication->runController('shop/create')
#12 C:\wamp\www\yii\framework\base\CApplication.php(169): CWebApplication->processRequest()
#13 C:\wamp\www\bitbucket_publicidad\index.php(25): CApplication->run()
#14 {main}
REQUEST_URI=/bitbucket_publicidad/index.php/shop/create
---
2014/09/28 23:17:52 [error] [php] Undefined variable: model (C:\wamp\www\bitbucket_publicidad\protected\views\shop\view.php:6)
Stack trace:
#0 C:\wamp\www\yii\framework\web\CController.php(869): ShopController->renderFile()
#1 C:\wamp\www\yii\framework\web\CController.php(782): ShopController->renderPartial()
#2 C:\wamp\www\bitbucket_publicidad\protected\controllers\ShopController.php(160): ShopController->render()
#3 C:\wamp\www\yii\framework\web\actions\CInlineAction.php(49): ShopController->actionCreate()
#4 C:\wamp\www\yii\framework\web\CController.php(308): CInlineAction->runWithParams()
#5 C:\wamp\www\yii\framework\web\filters\CFilterChain.php(133): ShopController->runAction()
#6 C:\wamp\www\yii\framework\web\filters\CFilter.php(40): CFilterChain->run()
#7 C:\wamp\www\yii\framework\web\CController.php(1145): CAccessControlFilter->filter()
#8 C:\wamp\www\yii\framework\web\filters\CInlineFilter.php(58): ShopController->filterAccessControl()
#9 C:\wamp\www\yii\framework\web\filters\CFilterChain.php(130): CInlineFilter->filter()
#10 C:\wamp\www\yii\framework\web\CController.php(291): CFilterChain->run()
#11 C:\wamp\www\yii\framework\web\CController.php(265): ShopController->runActionWithFilters()
#12 C:\wamp\www\yii\framework\web\CWebApplication.php(282): ShopController->run()
#13 C:\wamp\www\yii\framework\web\CWebApplication.php(141): CWebApplication->runController()
#14 C:\wamp\www\yii\framework\base\CApplication.php(169): CWebApplication->processRequest()
#15 C:\wamp\www\bitbucket_publicidad\index.php(25): CWebApplication->run()
REQUEST_URI=/bitbucket_publicidad/index.php/shop/create
2014/09/28 23:19:22 [error] [php] Undefined variable: model (C:\wamp\www\bitbucket_publicidad\protected\views\shop\view.php:6)
Stack trace:
#0 C:\wamp\www\yii\framework\web\CController.php(869): ShopController->renderFile()
#1 C:\wamp\www\yii\framework\web\CController.php(782): ShopController->renderPartial()
#2 C:\wamp\www\bitbucket_publicidad\protected\controllers\ShopController.php(160): ShopController->render()
#3 C:\wamp\www\yii\framework\web\actions\CInlineAction.php(49): ShopController->actionCreate()
#4 C:\wamp\www\yii\framework\web\CController.php(308): CInlineAction->runWithParams()
#5 C:\wamp\www\yii\framework\web\filters\CFilterChain.php(133): ShopController->runAction()
#6 C:\wamp\www\yii\framework\web\filters\CFilter.php(40): CFilterChain->run()
#7 C:\wamp\www\yii\framework\web\CController.php(1145): CAccessControlFilter->filter()
#8 C:\wamp\www\yii\framework\web\filters\CInlineFilter.php(58): ShopController->filterAccessControl()
#9 C:\wamp\www\yii\framework\web\filters\CFilterChain.php(130): CInlineFilter->filter()
#10 C:\wamp\www\yii\framework\web\CController.php(291): CFilterChain->run()
#11 C:\wamp\www\yii\framework\web\CController.php(265): ShopController->runActionWithFilters()
#12 C:\wamp\www\yii\framework\web\CWebApplication.php(282): ShopController->run()
#13 C:\wamp\www\yii\framework\web\CWebApplication.php(141): CWebApplication->runController()
#14 C:\wamp\www\yii\framework\base\CApplication.php(169): CWebApplication->processRequest()
#15 C:\wamp\www\bitbucket_publicidad\index.php(25): CWebApplication->run()
REQUEST_URI=/bitbucket_publicidad/index.php/shop/create
2014/09/29 04:18:08 [error] [php] Undefined variable: model (C:\wamp\www\bitbucket_publicidad\protected\views\shop\view.php:6)
Stack trace:
#0 C:\wamp\www\yii\framework\web\CController.php(869): ShopController->renderFile()
#1 C:\wamp\www\yii\framework\web\CController.php(782): ShopController->renderPartial()
#2 C:\wamp\www\bitbucket_publicidad\protected\controllers\ShopController.php(161): ShopController->render()
#3 C:\wamp\www\yii\framework\web\actions\CInlineAction.php(49): ShopController->actionCreate()
#4 C:\wamp\www\yii\framework\web\CController.php(308): CInlineAction->runWithParams()
#5 C:\wamp\www\yii\framework\web\filters\CFilterChain.php(133): ShopController->runAction()
#6 C:\wamp\www\yii\framework\web\filters\CFilter.php(40): CFilterChain->run()
#7 C:\wamp\www\yii\framework\web\CController.php(1145): CAccessControlFilter->filter()
#8 C:\wamp\www\yii\framework\web\filters\CInlineFilter.php(58): ShopController->filterAccessControl()
#9 C:\wamp\www\yii\framework\web\filters\CFilterChain.php(130): CInlineFilter->filter()
#10 C:\wamp\www\yii\framework\web\CController.php(291): CFilterChain->run()
#11 C:\wamp\www\yii\framework\web\CController.php(265): ShopController->runActionWithFilters()
#12 C:\wamp\www\yii\framework\web\CWebApplication.php(282): ShopController->run()
#13 C:\wamp\www\yii\framework\web\CWebApplication.php(141): CWebApplication->runController()
#14 C:\wamp\www\yii\framework\base\CApplication.php(169): CWebApplication->processRequest()
#15 C:\wamp\www\bitbucket_publicidad\index.php(25): CWebApplication->run()
REQUEST_URI=/bitbucket_publicidad/index.php/shop/create
2014/09/29 04:27:01 [error] [php] rmdir(C:/wamp/www//volante): Directory not empty (C:\wamp\www\bitbucket_publicidad\protected\controllers\ShopController.php:179)
Stack trace:
#0 C:\wamp\www\yii\framework\web\CController.php(308): CInlineAction->runWithParams()
#1 C:\wamp\www\yii\framework\web\filters\CFilterChain.php(133): ShopController->runAction()
#2 C:\wamp\www\yii\framework\web\filters\CFilter.php(40): CFilterChain->run()
#3 C:\wamp\www\yii\framework\web\CController.php(1145): CAccessControlFilter->filter()
#4 C:\wamp\www\yii\framework\web\filters\CInlineFilter.php(58): ShopController->filterAccessControl()
#5 C:\wamp\www\yii\framework\web\filters\CFilterChain.php(130): CInlineFilter->filter()
#6 C:\wamp\www\yii\framework\web\CController.php(291): CFilterChain->run()
#7 C:\wamp\www\yii\framework\web\CController.php(265): ShopController->runActionWithFilters()
#8 C:\wamp\www\yii\framework\web\CWebApplication.php(282): ShopController->run()
#9 C:\wamp\www\yii\framework\web\CWebApplication.php(141): CWebApplication->runController()
#10 C:\wamp\www\yii\framework\base\CApplication.php(169): CWebApplication->processRequest()
#11 C:\wamp\www\bitbucket_publicidad\index.php(25): CWebApplication->run()
REQUEST_URI=/bitbucket_publicidad/index.php/shop/create
2014/09/29 04:31:00 [error] [php] rmdir(C:/wamp/www//volante): Directory not empty (C:\wamp\www\bitbucket_publicidad\protected\controllers\ShopController.php:171)
Stack trace:
#0 C:\wamp\www\yii\framework\web\CController.php(308): CInlineAction->runWithParams()
#1 C:\wamp\www\yii\framework\web\filters\CFilterChain.php(133): ShopController->runAction()
#2 C:\wamp\www\yii\framework\web\filters\CFilter.php(40): CFilterChain->run()
#3 C:\wamp\www\yii\framework\web\CController.php(1145): CAccessControlFilter->filter()
#4 C:\wamp\www\yii\framework\web\filters\CInlineFilter.php(58): ShopController->filterAccessControl()
#5 C:\wamp\www\yii\framework\web\filters\CFilterChain.php(130): CInlineFilter->filter()
#6 C:\wamp\www\yii\framework\web\CController.php(291): CFilterChain->run()
#7 C:\wamp\www\yii\framework\web\CController.php(265): ShopController->runActionWithFilters()
#8 C:\wamp\www\yii\framework\web\CWebApplication.php(282): ShopController->run()
#9 C:\wamp\www\yii\framework\web\CWebApplication.php(141): CWebApplication->runController()
#10 C:\wamp\www\yii\framework\base\CApplication.php(169): CWebApplication->processRequest()
#11 C:\wamp\www\bitbucket_publicidad\index.php(25): CWebApplication->run()
REQUEST_URI=/bitbucket_publicidad/index.php/shop/create
2014/09/29 04:31:41 [error] [php] rmdir(C:/wamp/www//volante): Directory not empty (C:\wamp\www\bitbucket_publicidad\protected\controllers\ShopController.php:171)
Stack trace:
#0 C:\wamp\www\yii\framework\web\CController.php(308): CInlineAction->runWithParams()
#1 C:\wamp\www\yii\framework\web\filters\CFilterChain.php(133): ShopController->runAction()
#2 C:\wamp\www\yii\framework\web\filters\CFilter.php(40): CFilterChain->run()
#3 C:\wamp\www\yii\framework\web\CController.php(1145): CAccessControlFilter->filter()
#4 C:\wamp\www\yii\framework\web\filters\CInlineFilter.php(58): ShopController->filterAccessControl()
#5 C:\wamp\www\yii\framework\web\filters\CFilterChain.php(130): CInlineFilter->filter()
#6 C:\wamp\www\yii\framework\web\CController.php(291): CFilterChain->run()
#7 C:\wamp\www\yii\framework\web\CController.php(265): ShopController->runActionWithFilters()
#8 C:\wamp\www\yii\framework\web\CWebApplication.php(282): ShopController->run()
#9 C:\wamp\www\yii\framework\web\CWebApplication.php(141): CWebApplication->runController()
#10 C:\wamp\www\yii\framework\base\CApplication.php(169): CWebApplication->processRequest()
#11 C:\wamp\www\bitbucket_publicidad\index.php(25): CWebApplication->run()
REQUEST_URI=/bitbucket_publicidad/index.php/shop/create
2014/09/29 04:32:48 [error] [php] rmdir(C:/wamp/www//volante): Directory not empty (C:\wamp\www\bitbucket_publicidad\protected\controllers\ShopController.php:172)
Stack trace:
#0 C:\wamp\www\yii\framework\web\CController.php(308): CInlineAction->runWithParams()
#1 C:\wamp\www\yii\framework\web\filters\CFilterChain.php(133): ShopController->runAction()
#2 C:\wamp\www\yii\framework\web\filters\CFilter.php(40): CFilterChain->run()
#3 C:\wamp\www\yii\framework\web\CController.php(1145): CAccessControlFilter->filter()
#4 C:\wamp\www\yii\framework\web\filters\CInlineFilter.php(58): ShopController->filterAccessControl()
#5 C:\wamp\www\yii\framework\web\filters\CFilterChain.php(130): CInlineFilter->filter()
#6 C:\wamp\www\yii\framework\web\CController.php(291): CFilterChain->run()
#7 C:\wamp\www\yii\framework\web\CController.php(265): ShopController->runActionWithFilters()
#8 C:\wamp\www\yii\framework\web\CWebApplication.php(282): ShopController->run()
#9 C:\wamp\www\yii\framework\web\CWebApplication.php(141): CWebApplication->runController()
#10 C:\wamp\www\yii\framework\base\CApplication.php(169): CWebApplication->processRequest()
#11 C:\wamp\www\bitbucket_publicidad\index.php(25): CWebApplication->run()
REQUEST_URI=/bitbucket_publicidad/index.php/shop/create
2014/09/29 04:46:11 [error] [php] Undefined variable: model (C:\wamp\www\bitbucket_publicidad\protected\views\shop\view.php:6)
Stack trace:
#0 C:\wamp\www\yii\framework\web\CController.php(869): ShopController->renderFile()
#1 C:\wamp\www\yii\framework\web\CController.php(782): ShopController->renderPartial()
#2 C:\wamp\www\bitbucket_publicidad\protected\controllers\ShopController.php(165): ShopController->render()
#3 C:\wamp\www\yii\framework\web\actions\CInlineAction.php(49): ShopController->actionCreate()
#4 C:\wamp\www\yii\framework\web\CController.php(308): CInlineAction->runWithParams()
#5 C:\wamp\www\yii\framework\web\filters\CFilterChain.php(133): ShopController->runAction()
#6 C:\wamp\www\yii\framework\web\filters\CFilter.php(40): CFilterChain->run()
#7 C:\wamp\www\yii\framework\web\CController.php(1145): CAccessControlFilter->filter()
#8 C:\wamp\www\yii\framework\web\filters\CInlineFilter.php(58): ShopController->filterAccessControl()
#9 C:\wamp\www\yii\framework\web\filters\CFilterChain.php(130): CInlineFilter->filter()
#10 C:\wamp\www\yii\framework\web\CController.php(291): CFilterChain->run()
#11 C:\wamp\www\yii\framework\web\CController.php(265): ShopController->runActionWithFilters()
#12 C:\wamp\www\yii\framework\web\CWebApplication.php(282): ShopController->run()
#13 C:\wamp\www\yii\framework\web\CWebApplication.php(141): CWebApplication->runController()
#14 C:\wamp\www\yii\framework\base\CApplication.php(169): CWebApplication->processRequest()
#15 C:\wamp\www\bitbucket_publicidad\index.php(25): CWebApplication->run()
REQUEST_URI=/bitbucket_publicidad/index.php/shop/create
2014/09/29 04:47:19 [error] [php] Array to string conversion (C:\wamp\www\bitbucket_publicidad\protected\views\shop\view.php:11)
Stack trace:
#0 C:\wamp\www\yii\framework\web\CController.php(869): ShopController->renderFile()
#1 C:\wamp\www\yii\framework\web\CController.php(782): ShopController->renderPartial()
#2 C:\wamp\www\bitbucket_publicidad\protected\controllers\ShopController.php(167): ShopController->render()
#3 C:\wamp\www\yii\framework\web\actions\CInlineAction.php(49): ShopController->actionCreate()
#4 C:\wamp\www\yii\framework\web\CController.php(308): CInlineAction->runWithParams()
#5 C:\wamp\www\yii\framework\web\filters\CFilterChain.php(133): ShopController->runAction()
#6 C:\wamp\www\yii\framework\web\filters\CFilter.php(40): CFilterChain->run()
#7 C:\wamp\www\yii\framework\web\CController.php(1145): CAccessControlFilter->filter()
#8 C:\wamp\www\yii\framework\web\filters\CInlineFilter.php(58): ShopController->filterAccessControl()
#9 C:\wamp\www\yii\framework\web\filters\CFilterChain.php(130): CInlineFilter->filter()
#10 C:\wamp\www\yii\framework\web\CController.php(291): CFilterChain->run()
#11 C:\wamp\www\yii\framework\web\CController.php(265): ShopController->runActionWithFilters()
#12 C:\wamp\www\yii\framework\web\CWebApplication.php(282): ShopController->run()
#13 C:\wamp\www\yii\framework\web\CWebApplication.php(141): CWebApplication->runController()
#14 C:\wamp\www\yii\framework\base\CApplication.php(169): CWebApplication->processRequest()
#15 C:\wamp\www\bitbucket_publicidad\index.php(25): CWebApplication->run()
REQUEST_URI=/bitbucket_publicidad/index.php/shop/create
2014/09/29 04:55:47 [error] [php] Array to string conversion (C:\wamp\www\bitbucket_publicidad\protected\views\shop\view.php:11)
Stack trace:
#0 C:\wamp\www\yii\framework\web\CController.php(869): ShopController->renderFile()
#1 C:\wamp\www\yii\framework\web\CController.php(782): ShopController->renderPartial()
#2 C:\wamp\www\bitbucket_publicidad\protected\controllers\ShopController.php(163): ShopController->render()
#3 C:\wamp\www\yii\framework\web\actions\CInlineAction.php(49): ShopController->actionCreate()
#4 C:\wamp\www\yii\framework\web\CController.php(308): CInlineAction->runWithParams()
#5 C:\wamp\www\yii\framework\web\filters\CFilterChain.php(133): ShopController->runAction()
#6 C:\wamp\www\yii\framework\web\filters\CFilter.php(40): CFilterChain->run()
#7 C:\wamp\www\yii\framework\web\CController.php(1145): CAccessControlFilter->filter()
#8 C:\wamp\www\yii\framework\web\filters\CInlineFilter.php(58): ShopController->filterAccessControl()
#9 C:\wamp\www\yii\framework\web\filters\CFilterChain.php(130): CInlineFilter->filter()
#10 C:\wamp\www\yii\framework\web\CController.php(291): CFilterChain->run()
#11 C:\wamp\www\yii\framework\web\CController.php(265): ShopController->runActionWithFilters()
#12 C:\wamp\www\yii\framework\web\CWebApplication.php(282): ShopController->run()
#13 C:\wamp\www\yii\framework\web\CWebApplication.php(141): CWebApplication->runController()
#14 C:\wamp\www\yii\framework\base\CApplication.php(169): CWebApplication->processRequest()
#15 C:\wamp\www\bitbucket_publicidad\index.php(25): CWebApplication->run()
REQUEST_URI=/bitbucket_publicidad/index.php/shop/create
2014/09/29 04:57:00 [error] [php] Array to string conversion (C:\wamp\www\bitbucket_publicidad\protected\views\shop\view.php:11)
Stack trace:
#0 C:\wamp\www\yii\framework\web\CController.php(869): ShopController->renderFile()
#1 C:\wamp\www\yii\framework\web\CController.php(782): ShopController->renderPartial()
#2 C:\wamp\www\bitbucket_publicidad\protected\controllers\ShopController.php(164): ShopController->render()
#3 C:\wamp\www\yii\framework\web\actions\CInlineAction.php(49): ShopController->actionCreate()
#4 C:\wamp\www\yii\framework\web\CController.php(308): CInlineAction->runWithParams()
#5 C:\wamp\www\yii\framework\web\filters\CFilterChain.php(133): ShopController->runAction()
#6 C:\wamp\www\yii\framework\web\filters\CFilter.php(40): CFilterChain->run()
#7 C:\wamp\www\yii\framework\web\CController.php(1145): CAccessControlFilter->filter()
#8 C:\wamp\www\yii\framework\web\filters\CInlineFilter.php(58): ShopController->filterAccessControl()
#9 C:\wamp\www\yii\framework\web\filters\CFilterChain.php(130): CInlineFilter->filter()
#10 C:\wamp\www\yii\framework\web\CController.php(291): CFilterChain->run()
#11 C:\wamp\www\yii\framework\web\CController.php(265): ShopController->runActionWithFilters()
#12 C:\wamp\www\yii\framework\web\CWebApplication.php(282): ShopController->run()
#13 C:\wamp\www\yii\framework\web\CWebApplication.php(141): CWebApplication->runController()
#14 C:\wamp\www\yii\framework\base\CApplication.php(169): CWebApplication->processRequest()
#15 C:\wamp\www\bitbucket_publicidad\index.php(25): CWebApplication->run()
REQUEST_URI=/bitbucket_publicidad/index.php/shop/create
2014/09/29 04:57:34 [error] [php] Array to string conversion (C:\wamp\www\bitbucket_publicidad\protected\views\shop\view.php:11)
Stack trace:
#0 C:\wamp\www\yii\framework\web\CController.php(869): ShopController->renderFile()
#1 C:\wamp\www\yii\framework\web\CController.php(782): ShopController->renderPartial()
#2 C:\wamp\www\bitbucket_publicidad\protected\controllers\ShopController.php(164): ShopController->render()
#3 C:\wamp\www\yii\framework\web\actions\CInlineAction.php(49): ShopController->actionCreate()
#4 C:\wamp\www\yii\framework\web\CController.php(308): CInlineAction->runWithParams()
#5 C:\wamp\www\yii\framework\web\filters\CFilterChain.php(133): ShopController->runAction()
#6 C:\wamp\www\yii\framework\web\filters\CFilter.php(40): CFilterChain->run()
#7 C:\wamp\www\yii\framework\web\CController.php(1145): CAccessControlFilter->filter()
#8 C:\wamp\www\yii\framework\web\filters\CInlineFilter.php(58): ShopController->filterAccessControl()
#9 C:\wamp\www\yii\framework\web\filters\CFilterChain.php(130): CInlineFilter->filter()
#10 C:\wamp\www\yii\framework\web\CController.php(291): CFilterChain->run()
#11 C:\wamp\www\yii\framework\web\CController.php(265): ShopController->runActionWithFilters()
#12 C:\wamp\www\yii\framework\web\CWebApplication.php(282): ShopController->run()
#13 C:\wamp\www\yii\framework\web\CWebApplication.php(141): CWebApplication->runController()
#14 C:\wamp\www\yii\framework\base\CApplication.php(169): CWebApplication->processRequest()
#15 C:\wamp\www\bitbucket_publicidad\index.php(25): CWebApplication->run()
REQUEST_URI=/bitbucket_publicidad/index.php/shop/create
2014/09/29 04:59:22 [error] [php] Missing argument 1 for CModel::getError(), called in C:\wamp\www\yii\framework\base\CComponent.php on line 111 and defined (C:\wamp\www\yii\framework\base\CModel.php:370)
Stack trace:
#0 C:\wamp\www\yii\framework\web\CBaseController.php(126): require()
#1 C:\wamp\www\yii\framework\web\CBaseController.php(95): ShopController->renderInternal()
#2 C:\wamp\www\yii\framework\web\CController.php(869): ShopController->renderFile()
#3 C:\wamp\www\yii\framework\web\CController.php(782): ShopController->renderPartial()
#4 C:\wamp\www\bitbucket_publicidad\protected\controllers\ShopController.php(163): ShopController->render()
#5 C:\wamp\www\yii\framework\web\actions\CInlineAction.php(49): ShopController->actionCreate()
#6 C:\wamp\www\yii\framework\web\CController.php(308): CInlineAction->runWithParams()
#7 C:\wamp\www\yii\framework\web\filters\CFilterChain.php(133): ShopController->runAction()
#8 C:\wamp\www\yii\framework\web\filters\CFilter.php(40): CFilterChain->run()
#9 C:\wamp\www\yii\framework\web\CController.php(1145): CAccessControlFilter->filter()
#10 C:\wamp\www\yii\framework\web\filters\CInlineFilter.php(58): ShopController->filterAccessControl()
#11 C:\wamp\www\yii\framework\web\filters\CFilterChain.php(130): CInlineFilter->filter()
#12 C:\wamp\www\yii\framework\web\CController.php(291): CFilterChain->run()
#13 C:\wamp\www\yii\framework\web\CController.php(265): ShopController->runActionWithFilters()
#14 C:\wamp\www\yii\framework\web\CWebApplication.php(282): ShopController->run()
#15 C:\wamp\www\yii\framework\web\CWebApplication.php(141): CWebApplication->runController()
#16 C:\wamp\www\yii\framework\base\CApplication.php(169): CWebApplication->processRequest()
#17 C:\wamp\www\bitbucket_publicidad\index.php(24): CWebApplication->run()
REQUEST_URI=/bitbucket_publicidad/index.php/shop/create
2014/09/29 05:00:04 [error] [exception.CException] exception 'CException' with message 'Propiedad "Shop"."errores" no se encuentra definida.' in C:\wamp\www\yii\framework\base\CComponent.php:130
Stack trace:
#0 C:\wamp\www\bitbucket_publicidad\protected\views\shop\view.php(11): CComponent->__get('errores')
#1 C:\wamp\www\yii\framework\web\CBaseController.php(126): require('C:\wamp\www\bit...')
#2 C:\wamp\www\yii\framework\web\CBaseController.php(95): CBaseController->renderInternal('C:\wamp\www\bit...', Array, true)
#3 C:\wamp\www\yii\framework\web\CController.php(869): CBaseController->renderFile('C:\wamp\www\bit...', Array, true)
#4 C:\wamp\www\yii\framework\web\CController.php(782): CController->renderPartial('view', Array, true)
#5 C:\wamp\www\bitbucket_publicidad\protected\controllers\ShopController.php(163): CController->render('view', Array)
#6 C:\wamp\www\yii\framework\web\actions\CInlineAction.php(49): ShopController->actionCreate()
#7 C:\wamp\www\yii\framework\web\CController.php(308): CInlineAction->runWithParams(Array)
#8 C:\wamp\www\yii\framework\web\filters\CFilterChain.php(133): CController->runAction(Object(CInlineAction))
#9 C:\wamp\www\yii\framework\web\filters\CFilter.php(40): CFilterChain->run()
#10 C:\wamp\www\yii\framework\web\CController.php(1145): CFilter->filter(Object(CFilterChain))
#11 C:\wamp\www\yii\framework\web\filters\CInlineFilter.php(58): CController->filterAccessControl(Object(CFilterChain))
#12 C:\wamp\www\yii\framework\web\filters\CFilterChain.php(130): CInlineFilter->filter(Object(CFilterChain))
#13 C:\wamp\www\yii\framework\web\CController.php(291): CFilterChain->run()
#14 C:\wamp\www\yii\framework\web\CController.php(265): CController->runActionWithFilters(Object(CInlineAction), Array)
#15 C:\wamp\www\yii\framework\web\CWebApplication.php(282): CController->run('create')
#16 C:\wamp\www\yii\framework\web\CWebApplication.php(141): CWebApplication->runController('shop/create')
#17 C:\wamp\www\yii\framework\base\CApplication.php(169): CWebApplication->processRequest()
#18 C:\wamp\www\bitbucket_publicidad\index.php(24): CApplication->run()
#19 {main}
REQUEST_URI=/bitbucket_publicidad/index.php/shop/create
HTTP_REFERER=http://localhost/bitbucket_publicidad/index.php/shop/create
---
2014/09/29 05:02:06 [error] [exception.CException] exception 'CException' with message 'Propiedad "Shop"."errors" es de solo lectura..' in C:\wamp\www\yii\framework\base\CComponent.php:170
Stack trace:
#0 C:\wamp\www\bitbucket_publicidad\protected\controllers\ShopController.php(157): CComponent->__set('errors', Object(CException))
#1 C:\wamp\www\yii\framework\web\actions\CInlineAction.php(49): ShopController->actionCreate()
#2 C:\wamp\www\yii\framework\web\CController.php(308): CInlineAction->runWithParams(Array)
#3 C:\wamp\www\yii\framework\web\filters\CFilterChain.php(133): CController->runAction(Object(CInlineAction))
#4 C:\wamp\www\yii\framework\web\filters\CFilter.php(40): CFilterChain->run()
#5 C:\wamp\www\yii\framework\web\CController.php(1145): CFilter->filter(Object(CFilterChain))
#6 C:\wamp\www\yii\framework\web\filters\CInlineFilter.php(58): CController->filterAccessControl(Object(CFilterChain))
#7 C:\wamp\www\yii\framework\web\filters\CFilterChain.php(130): CInlineFilter->filter(Object(CFilterChain))
#8 C:\wamp\www\yii\framework\web\CController.php(291): CFilterChain->run()
#9 C:\wamp\www\yii\framework\web\CController.php(265): CController->runActionWithFilters(Object(CInlineAction), Array)
#10 C:\wamp\www\yii\framework\web\CWebApplication.php(282): CController->run('create')
#11 C:\wamp\www\yii\framework\web\CWebApplication.php(141): CWebApplication->runController('shop/create')
#12 C:\wamp\www\yii\framework\base\CApplication.php(169): CWebApplication->processRequest()
#13 C:\wamp\www\bitbucket_publicidad\index.php(24): CApplication->run()
#14 {main}
REQUEST_URI=/bitbucket_publicidad/index.php/shop/create
HTTP_REFERER=http://localhost/bitbucket_publicidad/index.php/shop/create
---
2014/09/29 05:06:32 [error] [php] Undefined variable: errores (C:\wamp\www\bitbucket_publicidad\protected\views\shop\_form.php:18)
Stack trace:
#0 C:\wamp\www\yii\framework\web\CController.php(869): ShopController->renderFile()
#1 C:\wamp\www\bitbucket_publicidad\protected\views\shop\create.php(9): ShopController->renderPartial()
#2 C:\wamp\www\yii\framework\web\CBaseController.php(126): require()
#3 C:\wamp\www\yii\framework\web\CBaseController.php(95): ShopController->renderInternal()
#4 C:\wamp\www\yii\framework\web\CController.php(869): ShopController->renderFile()
#5 C:\wamp\www\yii\framework\web\CController.php(782): ShopController->renderPartial()
#6 C:\wamp\www\bitbucket_publicidad\protected\controllers\ShopController.php(149): ShopController->render()
#7 C:\wamp\www\yii\framework\web\actions\CInlineAction.php(49): ShopController->actionCreate()
#8 C:\wamp\www\yii\framework\web\CController.php(308): CInlineAction->runWithParams()
#9 C:\wamp\www\yii\framework\web\filters\CFilterChain.php(133): ShopController->runAction()
#10 C:\wamp\www\yii\framework\web\filters\CFilter.php(40): CFilterChain->run()
#11 C:\wamp\www\yii\framework\web\CController.php(1145): CAccessControlFilter->filter()
#12 C:\wamp\www\yii\framework\web\filters\CInlineFilter.php(58): ShopController->filterAccessControl()
#13 C:\wamp\www\yii\framework\web\filters\CFilterChain.php(130): CInlineFilter->filter()
#14 C:\wamp\www\yii\framework\web\CController.php(291): CFilterChain->run()
#15 C:\wamp\www\yii\framework\web\CController.php(265): ShopController->runActionWithFilters()
#16 C:\wamp\www\yii\framework\web\CWebApplication.php(282): ShopController->run()
#17 C:\wamp\www\yii\framework\web\CWebApplication.php(141): CWebApplication->runController()
#18 C:\wamp\www\yii\framework\base\CApplication.php(169): CWebApplication->processRequest()
#19 C:\wamp\www\bitbucket_publicidad\index.php(24): CWebApplication->run()
REQUEST_URI=/bitbucket_publicidad/index.php/shop/create
2014/09/29 05:07:32 [error] [php] Undefined variable: errores (C:\wamp\www\bitbucket_publicidad\protected\views\shop\create.php:12)
Stack trace:
#0 C:\wamp\www\yii\framework\web\CController.php(869): ShopController->renderFile()
#1 C:\wamp\www\yii\framework\web\CController.php(782): ShopController->renderPartial()
#2 C:\wamp\www\bitbucket_publicidad\protected\controllers\ShopController.php(149): ShopController->render()
#3 C:\wamp\www\yii\framework\web\actions\CInlineAction.php(49): ShopController->actionCreate()
#4 C:\wamp\www\yii\framework\web\CController.php(308): CInlineAction->runWithParams()
#5 C:\wamp\www\yii\framework\web\filters\CFilterChain.php(133): ShopController->runAction()
#6 C:\wamp\www\yii\framework\web\filters\CFilter.php(40): CFilterChain->run()
#7 C:\wamp\www\yii\framework\web\CController.php(1145): CAccessControlFilter->filter()
#8 C:\wamp\www\yii\framework\web\filters\CInlineFilter.php(58): ShopController->filterAccessControl()
#9 C:\wamp\www\yii\framework\web\filters\CFilterChain.php(130): CInlineFilter->filter()
#10 C:\wamp\www\yii\framework\web\CController.php(291): CFilterChain->run()
#11 C:\wamp\www\yii\framework\web\CController.php(265): ShopController->runActionWithFilters()
#12 C:\wamp\www\yii\framework\web\CWebApplication.php(282): ShopController->run()
#13 C:\wamp\www\yii\framework\web\CWebApplication.php(141): CWebApplication->runController()
#14 C:\wamp\www\yii\framework\base\CApplication.php(169): CWebApplication->processRequest()
#15 C:\wamp\www\bitbucket_publicidad\index.php(24): CWebApplication->run()
REQUEST_URI=/bitbucket_publicidad/index.php/shop/create
2014/09/29 05:07:38 [error] [php] Undefined variable: errores (C:\wamp\www\bitbucket_publicidad\protected\views\shop\create.php:12)
Stack trace:
#0 C:\wamp\www\yii\framework\web\CController.php(869): ShopController->renderFile()
#1 C:\wamp\www\yii\framework\web\CController.php(782): ShopController->renderPartial()
#2 C:\wamp\www\bitbucket_publicidad\protected\controllers\ShopController.php(149): ShopController->render()
#3 C:\wamp\www\yii\framework\web\actions\CInlineAction.php(49): ShopController->actionCreate()
#4 C:\wamp\www\yii\framework\web\CController.php(308): CInlineAction->runWithParams()
#5 C:\wamp\www\yii\framework\web\filters\CFilterChain.php(133): ShopController->runAction()
#6 C:\wamp\www\yii\framework\web\filters\CFilter.php(40): CFilterChain->run()
#7 C:\wamp\www\yii\framework\web\CController.php(1145): CAccessControlFilter->filter()
#8 C:\wamp\www\yii\framework\web\filters\CInlineFilter.php(58): ShopController->filterAccessControl()
#9 C:\wamp\www\yii\framework\web\filters\CFilterChain.php(130): CInlineFilter->filter()
#10 C:\wamp\www\yii\framework\web\CController.php(291): CFilterChain->run()
#11 C:\wamp\www\yii\framework\web\CController.php(265): ShopController->runActionWithFilters()
#12 C:\wamp\www\yii\framework\web\CWebApplication.php(282): ShopController->run()
#13 C:\wamp\www\yii\framework\web\CWebApplication.php(141): CWebApplication->runController()
#14 C:\wamp\www\yii\framework\base\CApplication.php(169): CWebApplication->processRequest()
#15 C:\wamp\www\bitbucket_publicidad\index.php(24): CWebApplication->run()
REQUEST_URI=/bitbucket_publicidad/index.php/shop/create
2014/09/29 05:10:19 [error] [php] Undefined variable: errores (C:\wamp\www\bitbucket_publicidad\protected\views\shop\create.php:12)
Stack trace:
#0 C:\wamp\www\yii\framework\web\CController.php(869): ShopController->renderFile()
#1 C:\wamp\www\yii\framework\web\CController.php(782): ShopController->renderPartial()
#2 C:\wamp\www\bitbucket_publicidad\protected\controllers\ShopController.php(71): ShopController->render()
#3 C:\wamp\www\yii\framework\web\actions\CInlineAction.php(49): ShopController->actionCreate()
#4 C:\wamp\www\yii\framework\web\CController.php(308): CInlineAction->runWithParams()
#5 C:\wamp\www\yii\framework\web\filters\CFilterChain.php(133): ShopController->runAction()
#6 C:\wamp\www\yii\framework\web\filters\CFilter.php(40): CFilterChain->run()
#7 C:\wamp\www\yii\framework\web\CController.php(1145): CAccessControlFilter->filter()
#8 C:\wamp\www\yii\framework\web\filters\CInlineFilter.php(58): ShopController->filterAccessControl()
#9 C:\wamp\www\yii\framework\web\filters\CFilterChain.php(130): CInlineFilter->filter()
#10 C:\wamp\www\yii\framework\web\CController.php(291): CFilterChain->run()
#11 C:\wamp\www\yii\framework\web\CController.php(265): ShopController->runActionWithFilters()
#12 C:\wamp\www\yii\framework\web\CWebApplication.php(282): ShopController->run()
#13 C:\wamp\www\yii\framework\web\CWebApplication.php(141): CWebApplication->runController()
#14 C:\wamp\www\yii\framework\base\CApplication.php(169): CWebApplication->processRequest()
#15 C:\wamp\www\bitbucket_publicidad\index.php(24): CWebApplication->run()
REQUEST_URI=/bitbucket_publicidad/index.php/shop/create
2014/09/29 05:33:58 [error] [exception.CException] exception 'CException' with message 'Propiedad "CWebApplication"."urlBase" no se encuentra definida.' in C:\wamp\www\yii\framework\base\CComponent.php:130
Stack trace:
#0 C:\wamp\www\yii\framework\base\CModule.php(105): CComponent->__get('urlBase')
#1 C:\wamp\www\bitbucket_publicidad\protected\views\shop\view.php(23): CModule->__get('urlBase')
#2 C:\wamp\www\yii\framework\web\CBaseController.php(126): require('C:\wamp\www\bit...')
#3 C:\wamp\www\yii\framework\web\CBaseController.php(95): CBaseController->renderInternal('C:\wamp\www\bit...', NULL, true)
#4 C:\wamp\www\yii\framework\web\CController.php(869): CBaseController->renderFile('C:\wamp\www\bit...', NULL, true)
#5 C:\wamp\www\yii\framework\web\CController.php(782): CController->renderPartial('view', NULL, true)
#6 C:\wamp\www\bitbucket_publicidad\protected\controllers\ShopController.php(51): CController->render('view')
#7 C:\wamp\www\yii\framework\web\actions\CInlineAction.php(49): ShopController->actionView()
#8 C:\wamp\www\yii\framework\web\CController.php(308): CInlineAction->runWithParams(Array)
#9 C:\wamp\www\yii\framework\web\filters\CFilterChain.php(133): CController->runAction(Object(CInlineAction))
#10 C:\wamp\www\yii\framework\web\filters\CFilter.php(40): CFilterChain->run()
#11 C:\wamp\www\yii\framework\web\CController.php(1145): CFilter->filter(Object(CFilterChain))
#12 C:\wamp\www\yii\framework\web\filters\CInlineFilter.php(58): CController->filterAccessControl(Object(CFilterChain))
#13 C:\wamp\www\yii\framework\web\filters\CFilterChain.php(130): CInlineFilter->filter(Object(CFilterChain))
#14 C:\wamp\www\yii\framework\web\CController.php(291): CFilterChain->run()
#15 C:\wamp\www\yii\framework\web\CController.php(265): CController->runActionWithFilters(Object(CInlineAction), Array)
#16 C:\wamp\www\yii\framework\web\CWebApplication.php(282): CController->run('view')
#17 C:\wamp\www\yii\framework\web\CWebApplication.php(141): CWebApplication->runController('shop/view')
#18 C:\wamp\www\yii\framework\base\CApplication.php(169): CWebApplication->processRequest()
#19 C:\wamp\www\bitbucket_publicidad\index.php(24): CApplication->run()
#20 {main}
REQUEST_URI=/bitbucket_publicidad/index.php/shop/view
---
2014/09/29 05:34:35 [error] [exception.CException] exception 'CException' with message 'Propiedad "CWebApplication"."webRoot" no se encuentra definida.' in C:\wamp\www\yii\framework\base\CComponent.php:130
Stack trace:
#0 C:\wamp\www\yii\framework\base\CModule.php(105): CComponent->__get('webRoot')
#1 C:\wamp\www\bitbucket_publicidad\protected\views\shop\view.php(23): CModule->__get('webRoot')
#2 C:\wamp\www\yii\framework\web\CBaseController.php(126): require('C:\wamp\www\bit...')
#3 C:\wamp\www\yii\framework\web\CBaseController.php(95): CBaseController->renderInternal('C:\wamp\www\bit...', NULL, true)
#4 C:\wamp\www\yii\framework\web\CController.php(869): CBaseController->renderFile('C:\wamp\www\bit...', NULL, true)
#5 C:\wamp\www\yii\framework\web\CController.php(782): CController->renderPartial('view', NULL, true)
#6 C:\wamp\www\bitbucket_publicidad\protected\controllers\ShopController.php(51): CController->render('view')
#7 C:\wamp\www\yii\framework\web\actions\CInlineAction.php(49): ShopController->actionView()
#8 C:\wamp\www\yii\framework\web\CController.php(308): CInlineAction->runWithParams(Array)
#9 C:\wamp\www\yii\framework\web\filters\CFilterChain.php(133): CController->runAction(Object(CInlineAction))
#10 C:\wamp\www\yii\framework\web\filters\CFilter.php(40): CFilterChain->run()
#11 C:\wamp\www\yii\framework\web\CController.php(1145): CFilter->filter(Object(CFilterChain))
#12 C:\wamp\www\yii\framework\web\filters\CInlineFilter.php(58): CController->filterAccessControl(Object(CFilterChain))
#13 C:\wamp\www\yii\framework\web\filters\CFilterChain.php(130): CInlineFilter->filter(Object(CFilterChain))
#14 C:\wamp\www\yii\framework\web\CController.php(291): CFilterChain->run()
#15 C:\wamp\www\yii\framework\web\CController.php(265): CController->runActionWithFilters(Object(CInlineAction), Array)
#16 C:\wamp\www\yii\framework\web\CWebApplication.php(282): CController->run('view')
#17 C:\wamp\www\yii\framework\web\CWebApplication.php(141): CWebApplication->runController('shop/view')
#18 C:\wamp\www\yii\framework\base\CApplication.php(169): CWebApplication->processRequest()
#19 C:\wamp\www\bitbucket_publicidad\index.php(24): CApplication->run()
#20 {main}
REQUEST_URI=/bitbucket_publicidad/index.php/shop/view
---
2014/09/29 06:02:51 [error] [php] Undefined variable: model (C:\wamp\www\bitbucket_publicidad\themes\bootstrap\views\site\index.php:53)
Stack trace:
#0 C:\wamp\www\yii\framework\web\CController.php(869): SiteController->renderFile()
#1 C:\wamp\www\yii\framework\web\CController.php(782): SiteController->renderPartial()
#2 C:\wamp\www\bitbucket_publicidad\protected\controllers\SiteController.php(74): SiteController->render()
#3 C:\wamp\www\yii\framework\web\actions\CInlineAction.php(49): SiteController->actionIndex()
#4 C:\wamp\www\yii\framework\web\CController.php(308): CInlineAction->runWithParams()
#5 C:\wamp\www\yii\framework\web\filters\CFilterChain.php(133): SiteController->runAction()
#6 C:\wamp\www\yii\framework\web\filters\CFilter.php(40): CFilterChain->run()
#7 C:\wamp\www\yii\framework\web\CController.php(1145): CAccessControlFilter->filter()
#8 C:\wamp\www\yii\framework\web\filters\CInlineFilter.php(58): SiteController->filterAccessControl()
#9 C:\wamp\www\yii\framework\web\filters\CFilterChain.php(130): CInlineFilter->filter()
#10 C:\wamp\www\yii\framework\web\CController.php(291): CFilterChain->run()
#11 C:\wamp\www\yii\framework\web\CController.php(265): SiteController->runActionWithFilters()
#12 C:\wamp\www\yii\framework\web\CWebApplication.php(282): SiteController->run()
#13 C:\wamp\www\yii\framework\web\CWebApplication.php(141): CWebApplication->runController()
#14 C:\wamp\www\yii\framework\base\CApplication.php(169): CWebApplication->processRequest()
#15 C:\wamp\www\bitbucket_publicidad\index.php(24): CWebApplication->run()
REQUEST_URI=/bitbucket_publicidad/
2014/09/29 06:11:46 [error] [php] Undefined variable: model (C:\wamp\www\bitbucket_publicidad\themes\bootstrap\views\site\index.php:53)
Stack trace:
#0 C:\wamp\www\yii\framework\web\CController.php(869): SiteController->renderFile()
#1 C:\wamp\www\yii\framework\web\CController.php(782): SiteController->renderPartial()
#2 C:\wamp\www\bitbucket_publicidad\protected\controllers\SiteController.php(74): SiteController->render()
#3 C:\wamp\www\yii\framework\web\actions\CInlineAction.php(49): SiteController->actionIndex()
#4 C:\wamp\www\yii\framework\web\CController.php(308): CInlineAction->runWithParams()
#5 C:\wamp\www\yii\framework\web\filters\CFilterChain.php(133): SiteController->runAction()
#6 C:\wamp\www\yii\framework\web\filters\CFilter.php(40): CFilterChain->run()
#7 C:\wamp\www\yii\framework\web\CController.php(1145): CAccessControlFilter->filter()
#8 C:\wamp\www\yii\framework\web\filters\CInlineFilter.php(58): SiteController->filterAccessControl()
#9 C:\wamp\www\yii\framework\web\filters\CFilterChain.php(130): CInlineFilter->filter()
#10 C:\wamp\www\yii\framework\web\CController.php(291): CFilterChain->run()
#11 C:\wamp\www\yii\framework\web\CController.php(265): SiteController->runActionWithFilters()
#12 C:\wamp\www\yii\framework\web\CWebApplication.php(282): SiteController->run()
#13 C:\wamp\www\yii\framework\web\CWebApplication.php(141): CWebApplication->runController()
#14 C:\wamp\www\yii\framework\base\CApplication.php(169): CWebApplication->processRequest()
#15 C:\wamp\www\bitbucket_publicidad\index.php(24): CWebApplication->run()
REQUEST_URI=/bitbucket_publicidad/
2014/09/29 06:12:17 [error] [php] file_get_contents(C:/wamp/www/bitbucket_publicidad/nueva_tienda_datos_prefix.sql): failed to open stream: No such file or directory (C:\wamp\www\bitbucket_publicidad\themes\bootstrap\views\site\index.php:59)
Stack trace:
#0 C:\wamp\www\yii\framework\web\CBaseController.php(95): SiteController->renderInternal()
#1 C:\wamp\www\yii\framework\web\CController.php(869): SiteController->renderFile()
#2 C:\wamp\www\yii\framework\web\CController.php(782): SiteController->renderPartial()
#3 C:\wamp\www\bitbucket_publicidad\protected\controllers\SiteController.php(74): SiteController->render()
#4 C:\wamp\www\yii\framework\web\actions\CInlineAction.php(49): SiteController->actionIndex()
#5 C:\wamp\www\yii\framework\web\CController.php(308): CInlineAction->runWithParams()
#6 C:\wamp\www\yii\framework\web\filters\CFilterChain.php(133): SiteController->runAction()
#7 C:\wamp\www\yii\framework\web\filters\CFilter.php(40): CFilterChain->run()
#8 C:\wamp\www\yii\framework\web\CController.php(1145): CAccessControlFilter->filter()
#9 C:\wamp\www\yii\framework\web\filters\CInlineFilter.php(58): SiteController->filterAccessControl()
#10 C:\wamp\www\yii\framework\web\filters\CFilterChain.php(130): CInlineFilter->filter()
#11 C:\wamp\www\yii\framework\web\CController.php(291): CFilterChain->run()
#12 C:\wamp\www\yii\framework\web\CController.php(265): SiteController->runActionWithFilters()
#13 C:\wamp\www\yii\framework\web\CWebApplication.php(282): SiteController->run()
#14 C:\wamp\www\yii\framework\web\CWebApplication.php(141): CWebApplication->runController()
#15 C:\wamp\www\yii\framework\base\CApplication.php(169): CWebApplication->processRequest()
#16 C:\wamp\www\bitbucket_publicidad\index.php(24): CWebApplication->run()
REQUEST_URI=/bitbucket_publicidad/
2014/09/29 06:15:54 [error] [system.db.CDbCommand] CDbCommand::execute() falló: SQLSTATE[42000]: Syntax error or access violation: 1064 You have an error in your SQL syntax; check the manual that corresponds to your MySQL server version for the right syntax to use near '' at line 1. La sentencia SQL ejecutada fue: INSERT INTO `vol_slide` (`id`, `image`, `alt`, `comment`, `position`, `width`, `height`, `active`) VALUES (190, 'highlights_holbi.png', '', '', 0, '', '', 0), (191, 'senz-culiacan-3.jpg', '', '', 0, '', '', 0), (192, 'cortina_p1.jpg', '', '', 1, '1516px', '338px', 0), (193, 'senz-culiacan.jpg', 'Hola yar', 'yui', 3, '100%', '100%', 0), (194, 'highlights_addons.jpg', '&lt;h1 style=&quot;color:#FFFFFF;&quot;&gt;caption 1st banner.&lt;/h1&gt;', '&lt;h2 style=&quot;color:#FFFF00;&quot;&gt;This is the First banner..&lt;/h2&gt;', 2, '100%', '100%', 1), .
2014/09/29 06:15:54 [error] [exception.CDbException] exception 'CDbException' with message 'CDbCommand falló al ejecutar la sentencia SQL: SQLSTATE[42000]: Syntax error or access violation: 1064 You have an error in your SQL syntax; check the manual that corresponds to your MySQL server version for the right syntax to use near '' at line 1' in C:\wamp\www\yii\framework\db\CDbCommand.php:357
Stack trace:
#0 C:\wamp\www\bitbucket_publicidad\protected\components\TXDbMigration\TXDbMigration.php(41): CDbCommand->execute()
#1 C:\wamp\www\bitbucket_publicidad\themes\bootstrap\views\site\index.php(63): TXDbMigration->executeFile('C:/wamp/www/bit...')
#2 C:\wamp\www\yii\framework\web\CBaseController.php(126): require('C:\wamp\www\bit...')
#3 C:\wamp\www\yii\framework\web\CBaseController.php(95): CBaseController->renderInternal('C:\wamp\www\bit...', Array, true)
#4 C:\wamp\www\yii\framework\web\CController.php(869): CBaseController->renderFile('C:\wamp\www\bit...', Array, true)
#5 C:\wamp\www\yii\framework\web\CController.php(782): CController->renderPartial('index', Array, true)
#6 C:\wamp\www\bitbucket_publicidad\protected\controllers\SiteController.php(74): CController->render('index', Array)
#7 C:\wamp\www\yii\framework\web\actions\CInlineAction.php(49): SiteController->actionIndex()
#8 C:\wamp\www\yii\framework\web\CController.php(308): CInlineAction->runWithParams(Array)
#9 C:\wamp\www\yii\framework\web\filters\CFilterChain.php(133): CController->runAction(Object(CInlineAction))
#10 C:\wamp\www\yii\framework\web\filters\CFilter.php(40): CFilterChain->run()
#11 C:\wamp\www\yii\framework\web\CController.php(1145): CFilter->filter(Object(CFilterChain))
#12 C:\wamp\www\yii\framework\web\filters\CInlineFilter.php(58): CController->filterAccessControl(Object(CFilterChain))
#13 C:\wamp\www\yii\framework\web\filters\CFilterChain.php(130): CInlineFilter->filter(Object(CFilterChain))
#14 C:\wamp\www\yii\framework\web\CController.php(291): CFilterChain->run()
#15 C:\wamp\www\yii\framework\web\CController.php(265): CController->runActionWithFilters(Object(CInlineAction), Array)
#16 C:\wamp\www\yii\framework\web\CWebApplication.php(282): CController->run('')
#17 C:\wamp\www\yii\framework\web\CWebApplication.php(141): CWebApplication->runController('')
#18 C:\wamp\www\yii\framework\base\CApplication.php(169): CWebApplication->processRequest()
#19 C:\wamp\www\bitbucket_publicidad\index.php(24): CApplication->run()
#20 {main}
REQUEST_URI=/bitbucket_publicidad/
---
2014/09/29 06:21:19 [error] [system.db.CDbCommand] CDbCommand::execute() falló: SQLSTATE[42000]: Syntax error or access violation: 1064 You have an error in your SQL syntax; check the manual that corresponds to your MySQL server version for the right syntax to use near '' at line 1. La sentencia SQL ejecutada fue: INSERT INTO `vol_slide` (`id`, `image`, `alt`, `comment`, `position`, `width`, `height`, `active`) VALUES (190, 'highlights_holbi.png', '', '', 0, '', '', 0), (191, 'senz-culiacan-3.jpg', '', '', 0, '', '', 0), (192, 'cortina_p1.jpg', '', '', 1, '1516px', '338px', 0), (193, 'senz-culiacan.jpg', 'Hola yar', 'yui', 3, '100%', '100%', 0), (194, 'highlights_addons.jpg', '&lt;h1 style=&quot;color:#FFFFFF;&quot;&gt;caption 1st banner.&lt;/h1&gt;', '&lt;h2 style=&quot;color:#FFFF00;&quot;&gt;This is the First banner..&lt;/h2&gt;', 2, '100%', '100%', 1), .
2014/09/29 06:21:19 [error] [exception.CDbException] exception 'CDbException' with message 'CDbCommand falló al ejecutar la sentencia SQL: SQLSTATE[42000]: Syntax error or access violation: 1064 You have an error in your SQL syntax; check the manual that corresponds to your MySQL server version for the right syntax to use near '' at line 1' in C:\wamp\www\yii\framework\db\CDbCommand.php:357
Stack trace:
#0 C:\wamp\www\bitbucket_publicidad\protected\components\TXDbMigration\TXDbMigration.php(41): CDbCommand->execute()
#1 C:\wamp\www\bitbucket_publicidad\themes\bootstrap\views\site\index.php(63): TXDbMigration->executeFile('C:/wamp/www/bit...')
#2 C:\wamp\www\yii\framework\web\CBaseController.php(126): require('C:\wamp\www\bit...')
#3 C:\wamp\www\yii\framework\web\CBaseController.php(95): CBaseController->renderInternal('C:\wamp\www\bit...', Array, true)
#4 C:\wamp\www\yii\framework\web\CController.php(869): CBaseController->renderFile('C:\wamp\www\bit...', Array, true)
#5 C:\wamp\www\yii\framework\web\CController.php(782): CController->renderPartial('index', Array, true)
#6 C:\wamp\www\bitbucket_publicidad\protected\controllers\SiteController.php(74): CController->render('index', Array)
#7 C:\wamp\www\yii\framework\web\actions\CInlineAction.php(49): SiteController->actionIndex()
#8 C:\wamp\www\yii\framework\web\CController.php(308): CInlineAction->runWithParams(Array)
#9 C:\wamp\www\yii\framework\web\filters\CFilterChain.php(133): CController->runAction(Object(CInlineAction))
#10 C:\wamp\www\yii\framework\web\filters\CFilter.php(40): CFilterChain->run()
#11 C:\wamp\www\yii\framework\web\CController.php(1145): CFilter->filter(Object(CFilterChain))
#12 C:\wamp\www\yii\framework\web\filters\CInlineFilter.php(58): CController->filterAccessControl(Object(CFilterChain))
#13 C:\wamp\www\yii\framework\web\filters\CFilterChain.php(130): CInlineFilter->filter(Object(CFilterChain))
#14 C:\wamp\www\yii\framework\web\CController.php(291): CFilterChain->run()
#15 C:\wamp\www\yii\framework\web\CController.php(265): CController->runActionWithFilters(Object(CInlineAction), Array)
#16 C:\wamp\www\yii\framework\web\CWebApplication.php(282): CController->run('')
#17 C:\wamp\www\yii\framework\web\CWebApplication.php(141): CWebApplication->runController('')
#18 C:\wamp\www\yii\framework\base\CApplication.php(169): CWebApplication->processRequest()
#19 C:\wamp\www\bitbucket_publicidad\index.php(24): CApplication->run()
#20 {main}
REQUEST_URI=/bitbucket_publicidad/
---
2014/09/29 06:26:21 [error] [system.db.CDbCommand] CDbCommand::execute() falló: SQLSTATE[42000]: Syntax error or access violation: 1064 You have an error in your SQL syntax; check the manual that corresponds to your MySQL server version for the right syntax to use near '' at line 1. La sentencia SQL ejecutada fue: INSERT INTO `vol_slide` (`id`, `image`, `alt`, `comment`, `position`, `width`, `height`, `active`) VALUES (190, 'highlights_holbi.png', '', '', 0, '', '', 0), (191, 'senz-culiacan-3.jpg', '', '', 0, '', '', 0), (192, 'cortina_p1.jpg', '', '', 1, '1516px', '338px', 0), (193, 'senz-culiacan.jpg', 'Hola yar', 'yui', 3, '100%', '100%', 0), (194, 'highlights_addons.jpg', '&lt;h1 style=&quot;color:#FFFFFF;&quot;&gt;caption 1st banner.&lt;/h1&gt;', '&lt;h2 style=&quot;color:#FFFF00;&quot;&gt;This is the First banner..&lt;/h2&gt;', 2, '100%', '100%', 1), .
2014/09/29 06:26:21 [error] [exception.CDbException] exception 'CDbException' with message 'CDbCommand falló al ejecutar la sentencia SQL: SQLSTATE[42000]: Syntax error or access violation: 1064 You have an error in your SQL syntax; check the manual that corresponds to your MySQL server version for the right syntax to use near '' at line 1' in C:\wamp\www\yii\framework\db\CDbCommand.php:357
Stack trace:
#0 C:\wamp\www\bitbucket_publicidad\protected\components\TXDbMigration\TXDbMigration.php(41): CDbCommand->execute()
#1 C:\wamp\www\bitbucket_publicidad\themes\bootstrap\views\site\index.php(63): TXDbMigration->executeFile('C:/wamp/www/bit...')
#2 C:\wamp\www\yii\framework\web\CBaseController.php(126): require('C:\wamp\www\bit...')
#3 C:\wamp\www\yii\framework\web\CBaseController.php(95): CBaseController->renderInternal('C:\wamp\www\bit...', Array, true)
#4 C:\wamp\www\yii\framework\web\CController.php(869): CBaseController->renderFile('C:\wamp\www\bit...', Array, true)
#5 C:\wamp\www\yii\framework\web\CController.php(782): CController->renderPartial('index', Array, true)
#6 C:\wamp\www\bitbucket_publicidad\protected\controllers\SiteController.php(74): CController->render('index', Array)
#7 C:\wamp\www\yii\framework\web\actions\CInlineAction.php(49): SiteController->actionIndex()
#8 C:\wamp\www\yii\framework\web\CController.php(308): CInlineAction->runWithParams(Array)
#9 C:\wamp\www\yii\framework\web\filters\CFilterChain.php(133): CController->runAction(Object(CInlineAction))
#10 C:\wamp\www\yii\framework\web\filters\CFilter.php(40): CFilterChain->run()
#11 C:\wamp\www\yii\framework\web\CController.php(1145): CFilter->filter(Object(CFilterChain))
#12 C:\wamp\www\yii\framework\web\filters\CInlineFilter.php(58): CController->filterAccessControl(Object(CFilterChain))
#13 C:\wamp\www\yii\framework\web\filters\CFilterChain.php(130): CInlineFilter->filter(Object(CFilterChain))
#14 C:\wamp\www\yii\framework\web\CController.php(291): CFilterChain->run()
#15 C:\wamp\www\yii\framework\web\CController.php(265): CController->runActionWithFilters(Object(CInlineAction), Array)
#16 C:\wamp\www\yii\framework\web\CWebApplication.php(282): CController->run('')
#17 C:\wamp\www\yii\framework\web\CWebApplication.php(141): CWebApplication->runController('')
#18 C:\wamp\www\yii\framework\base\CApplication.php(169): CWebApplication->processRequest()
#19 C:\wamp\www\bitbucket_publicidad\index.php(24): CApplication->run()
#20 {main}
REQUEST_URI=/bitbucket_publicidad/
---
2014/09/29 06:26:36 [error] [system.db.CDbCommand] CDbCommand::execute() falló: SQLSTATE[23000]: Integrity constraint violation: 1062 Duplicate entry '8' for key 'PRIMARY'. La sentencia SQL ejecutada fue: INSERT INTO `vol_brand` (`id`, `name`, `description`, `image`, `active`) VALUES (8, 'generica', 'generica', 'noimage.jpg', b'10000000'); .
2014/09/29 06:26:36 [error] [exception.CDbException] exception 'CDbException' with message 'CDbCommand falló al ejecutar la sentencia SQL: SQLSTATE[23000]: Integrity constraint violation: 1062 Duplicate entry '8' for key 'PRIMARY'' in C:\wamp\www\yii\framework\db\CDbCommand.php:357
Stack trace:
#0 C:\wamp\www\bitbucket_publicidad\protected\components\TXDbMigration\TXDbMigration.php(41): CDbCommand->execute()
#1 C:\wamp\www\bitbucket_publicidad\themes\bootstrap\views\site\index.php(63): TXDbMigration->executeFile('C:/wamp/www/bit...')
#2 C:\wamp\www\yii\framework\web\CBaseController.php(126): require('C:\wamp\www\bit...')
#3 C:\wamp\www\yii\framework\web\CBaseController.php(95): CBaseController->renderInternal('C:\wamp\www\bit...', Array, true)
#4 C:\wamp\www\yii\framework\web\CController.php(869): CBaseController->renderFile('C:\wamp\www\bit...', Array, true)
#5 C:\wamp\www\yii\framework\web\CController.php(782): CController->renderPartial('index', Array, true)
#6 C:\wamp\www\bitbucket_publicidad\protected\controllers\SiteController.php(74): CController->render('index', Array)
#7 C:\wamp\www\yii\framework\web\actions\CInlineAction.php(49): SiteController->actionIndex()
#8 C:\wamp\www\yii\framework\web\CController.php(308): CInlineAction->runWithParams(Array)
#9 C:\wamp\www\yii\framework\web\filters\CFilterChain.php(133): CController->runAction(Object(CInlineAction))
#10 C:\wamp\www\yii\framework\web\filters\CFilter.php(40): CFilterChain->run()
#11 C:\wamp\www\yii\framework\web\CController.php(1145): CFilter->filter(Object(CFilterChain))
#12 C:\wamp\www\yii\framework\web\filters\CInlineFilter.php(58): CController->filterAccessControl(Object(CFilterChain))
#13 C:\wamp\www\yii\framework\web\filters\CFilterChain.php(130): CInlineFilter->filter(Object(CFilterChain))
#14 C:\wamp\www\yii\framework\web\CController.php(291): CFilterChain->run()
#15 C:\wamp\www\yii\framework\web\CController.php(265): CController->runActionWithFilters(Object(CInlineAction), Array)
#16 C:\wamp\www\yii\framework\web\CWebApplication.php(282): CController->run('')
#17 C:\wamp\www\yii\framework\web\CWebApplication.php(141): CWebApplication->runController('')
#18 C:\wamp\www\yii\framework\base\CApplication.php(169): CWebApplication->processRequest()
#19 C:\wamp\www\bitbucket_publicidad\index.php(24): CApplication->run()
#20 {main}
REQUEST_URI=/bitbucket_publicidad/
---
2014/09/29 06:29:06 [error] [system.db.CDbCommand] CDbCommand::execute() falló: SQLSTATE[42000]: Syntax error or access violation: 1064 You have an error in your SQL syntax; check the manual that corresponds to your MySQL server version for the right syntax to use near '' at line 1. La sentencia SQL ejecutada fue: INSERT INTO `vol_slide` (`id`, `image`, `alt`, `comment`, `position`, `width`, `height`, `active`) VALUES (190, 'highlights_holbi.png', '', '', 0, '', '', 0), (191, 'senz-culiacan-3.jpg', '', '', 0, '', '', 0), (192, 'cortina_p1.jpg', '', '', 1, '1516px', '338px', 0), (193, 'senz-culiacan.jpg', 'Hola yar', 'yui', 3, '100%', '100%', 0), (194, 'highlights_addons.jpg', '&lt;h1 style=&quot;color:#FFFFFF;&quot;&gt;caption 1st banner.&lt;/h1&gt;', '&lt;h2 style=&quot;color:#FFFF00;&quot;&gt;This is the First banner..&lt;/h2&gt;', 2, '100%', '100%', 1), .
2014/09/29 06:29:06 [error] [exception.CDbException] exception 'CDbException' with message 'CDbCommand falló al ejecutar la sentencia SQL: SQLSTATE[42000]: Syntax error or access violation: 1064 You have an error in your SQL syntax; check the manual that corresponds to your MySQL server version for the right syntax to use near '' at line 1' in C:\wamp\www\yii\framework\db\CDbCommand.php:357
Stack trace:
#0 C:\wamp\www\bitbucket_publicidad\protected\components\TXDbMigration\TXDbMigration.php(41): CDbCommand->execute()
#1 C:\wamp\www\bitbucket_publicidad\themes\bootstrap\views\site\index.php(63): TXDbMigration->executeFile('C:/wamp/www/bit...')
#2 C:\wamp\www\yii\framework\web\CBaseController.php(126): require('C:\wamp\www\bit...')
#3 C:\wamp\www\yii\framework\web\CBaseController.php(95): CBaseController->renderInternal('C:\wamp\www\bit...', Array, true)
#4 C:\wamp\www\yii\framework\web\CController.php(869): CBaseController->renderFile('C:\wamp\www\bit...', Array, true)
#5 C:\wamp\www\yii\framework\web\CController.php(782): CController->renderPartial('index', Array, true)
#6 C:\wamp\www\bitbucket_publicidad\protected\controllers\SiteController.php(74): CController->render('index', Array)
#7 C:\wamp\www\yii\framework\web\actions\CInlineAction.php(49): SiteController->actionIndex()
#8 C:\wamp\www\yii\framework\web\CController.php(308): CInlineAction->runWithParams(Array)
#9 C:\wamp\www\yii\framework\web\filters\CFilterChain.php(133): CController->runAction(Object(CInlineAction))
#10 C:\wamp\www\yii\framework\web\filters\CFilter.php(40): CFilterChain->run()
#11 C:\wamp\www\yii\framework\web\CController.php(1145): CFilter->filter(Object(CFilterChain))
#12 C:\wamp\www\yii\framework\web\filters\CInlineFilter.php(58): CController->filterAccessControl(Object(CFilterChain))
#13 C:\wamp\www\yii\framework\web\filters\CFilterChain.php(130): CInlineFilter->filter(Object(CFilterChain))
#14 C:\wamp\www\yii\framework\web\CController.php(291): CFilterChain->run()
#15 C:\wamp\www\yii\framework\web\CController.php(265): CController->runActionWithFilters(Object(CInlineAction), Array)
#16 C:\wamp\www\yii\framework\web\CWebApplication.php(282): CController->run('')
#17 C:\wamp\www\yii\framework\web\CWebApplication.php(141): CWebApplication->runController('')
#18 C:\wamp\www\yii\framework\base\CApplication.php(169): CWebApplication->processRequest()
#19 C:\wamp\www\bitbucket_publicidad\index.php(24): CApplication->run()
#20 {main}
REQUEST_URI=/bitbucket_publicidad/
---
2014/09/29 06:32:01 [error] [system.db.CDbCommand] CDbCommand::execute() falló: SQLSTATE[21S01]: Insert value list does not match column list: 1136 Column count doesn't match value count at row 1. La sentencia SQL ejecutada fue: INSERT INTO `vol_store` (`id`, `name`, `address`, `image`, `image_hq`, `active`) VALUES (1, 'Tres rios', 'Cras justo odio, dapibus ac facilisis in'); .
2014/09/29 06:32:01 [error] [exception.CDbException] exception 'CDbException' with message 'CDbCommand falló al ejecutar la sentencia SQL: SQLSTATE[21S01]: Insert value list does not match column list: 1136 Column count doesn't match value count at row 1' in C:\wamp\www\yii\framework\db\CDbCommand.php:357
Stack trace:
#0 C:\wamp\www\bitbucket_publicidad\protected\components\TXDbMigration\TXDbMigration.php(41): CDbCommand->execute()
#1 C:\wamp\www\bitbucket_publicidad\themes\bootstrap\views\site\index.php(63): TXDbMigration->executeFile('C:/wamp/www/bit...')
#2 C:\wamp\www\yii\framework\web\CBaseController.php(126): require('C:\wamp\www\bit...')
#3 C:\wamp\www\yii\framework\web\CBaseController.php(95): CBaseController->renderInternal('C:\wamp\www\bit...', Array, true)
#4 C:\wamp\www\yii\framework\web\CController.php(869): CBaseController->renderFile('C:\wamp\www\bit...', Array, true)
#5 C:\wamp\www\yii\framework\web\CController.php(782): CController->renderPartial('index', Array, true)
#6 C:\wamp\www\bitbucket_publicidad\protected\controllers\SiteController.php(74): CController->render('index', Array)
#7 C:\wamp\www\yii\framework\web\actions\CInlineAction.php(49): SiteController->actionIndex()
#8 C:\wamp\www\yii\framework\web\CController.php(308): CInlineAction->runWithParams(Array)
#9 C:\wamp\www\yii\framework\web\filters\CFilterChain.php(133): CController->runAction(Object(CInlineAction))
#10 C:\wamp\www\yii\framework\web\filters\CFilter.php(40): CFilterChain->run()
#11 C:\wamp\www\yii\framework\web\CController.php(1145): CFilter->filter(Object(CFilterChain))
#12 C:\wamp\www\yii\framework\web\filters\CInlineFilter.php(58): CController->filterAccessControl(Object(CFilterChain))
#13 C:\wamp\www\yii\framework\web\filters\CFilterChain.php(130): CInlineFilter->filter(Object(CFilterChain))
#14 C:\wamp\www\yii\framework\web\CController.php(291): CFilterChain->run()
#15 C:\wamp\www\yii\framework\web\CController.php(265): CController->runActionWithFilters(Object(CInlineAction), Array)
#16 C:\wamp\www\yii\framework\web\CWebApplication.php(282): CController->run('')
#17 C:\wamp\www\yii\framework\web\CWebApplication.php(141): CWebApplication->runController('')
#18 C:\wamp\www\yii\framework\base\CApplication.php(169): CWebApplication->processRequest()
#19 C:\wamp\www\bitbucket_publicidad\index.php(24): CApplication->run()
#20 {main}
REQUEST_URI=/bitbucket_publicidad/
---
2014/09/29 07:47:12 [error] [php] Undefined variable: prefix (C:\wamp\www\bitbucket_publicidad\themes\bootstrap\views\site\index.php:51)
Stack trace:
#0 C:\wamp\www\yii\framework\yiilite.php(3655): SiteController->renderFile()
#1 C:\wamp\www\yii\framework\yiilite.php(3623): SiteController->renderPartial()
#2 C:\wamp\www\bitbucket_publicidad\protected\controllers\SiteController.php(74): SiteController->render()
#3 C:\wamp\www\yii\framework\yiilite.php(3891): SiteController->actionIndex()
#4 C:\wamp\www\yii\framework\yiilite.php(3403): CInlineAction->runWithParams()
#5 C:\wamp\www\yii\framework\yiilite.php(6405): SiteController->runAction()
#6 C:\wamp\www\yii\framework\yiilite.php(6414): CFilterChain->run()
#7 C:\wamp\www\yii\framework\yiilite.php(3781): CAccessControlFilter->filter()
#8 C:\wamp\www\yii\framework\yiilite.php(6447): SiteController->filterAccessControl()
#9 C:\wamp\www\yii\framework\yiilite.php(6402): CInlineFilter->filter()
#10 C:\wamp\www\yii\framework\yiilite.php(3393): CFilterChain->run()
#11 C:\wamp\www\yii\framework\yiilite.php(3378): SiteController->runActionWithFilters()
#12 C:\wamp\www\yii\framework\yiilite.php(1725): SiteController->run()
#13 C:\wamp\www\yii\framework\yiilite.php(1645): CWebApplication->runController()
#14 C:\wamp\www\yii\framework\yiilite.php(1170): CWebApplication->processRequest()
#15 C:\wamp\www\bitbucket_publicidad\index.php(24): CWebApplication->run()
REQUEST_URI=/bitbucket_publicidad/
2014/09/29 07:48:55 [error] [php] Creating default object from empty value (C:\wamp\www\bitbucket_publicidad\themes\bootstrap\views\site\index.php:51)
Stack trace:
#0 C:\wamp\www\yii\framework\yiilite.php(3655): SiteController->renderFile()
#1 C:\wamp\www\yii\framework\yiilite.php(3623): SiteController->renderPartial()
#2 C:\wamp\www\bitbucket_publicidad\protected\controllers\SiteController.php(74): SiteController->render()
#3 C:\wamp\www\yii\framework\yiilite.php(3891): SiteController->actionIndex()
#4 C:\wamp\www\yii\framework\yiilite.php(3403): CInlineAction->runWithParams()
#5 C:\wamp\www\yii\framework\yiilite.php(6405): SiteController->runAction()
#6 C:\wamp\www\yii\framework\yiilite.php(6414): CFilterChain->run()
#7 C:\wamp\www\yii\framework\yiilite.php(3781): CAccessControlFilter->filter()
#8 C:\wamp\www\yii\framework\yiilite.php(6447): SiteController->filterAccessControl()
#9 C:\wamp\www\yii\framework\yiilite.php(6402): CInlineFilter->filter()
#10 C:\wamp\www\yii\framework\yiilite.php(3393): CFilterChain->run()
#11 C:\wamp\www\yii\framework\yiilite.php(3378): SiteController->runActionWithFilters()
#12 C:\wamp\www\yii\framework\yiilite.php(1725): SiteController->run()
#13 C:\wamp\www\yii\framework\yiilite.php(1645): CWebApplication->runController()
#14 C:\wamp\www\yii\framework\yiilite.php(1170): CWebApplication->processRequest()
#15 C:\wamp\www\bitbucket_publicidad\index.php(24): CWebApplication->run()
REQUEST_URI=/bitbucket_publicidad/
2014/09/29 07:50:53 [error] [system.db.CDbCommand] CDbCommand::execute() falló: SQLSTATE[21S01]: Insert value list does not match column list: 1136 Column count doesn't match value count at row 1. La sentencia SQL ejecutada fue: INSERT INTO user
			 SELECT 'ulisest',
							'5c996e2c925acaf9fd4275662d5614ac5658e233',
							'ulises@gmail.com',
							'admin'.
2014/09/29 07:50:53 [error] [exception.CDbException] exception 'CDbException' with message 'CDbCommand falló al ejecutar la sentencia SQL: SQLSTATE[21S01]: Insert value list does not match column list: 1136 Column count doesn't match value count at row 1' in C:\wamp\www\yii\framework\yiilite.php:8893
Stack trace:
#0 C:\wamp\www\bitbucket_publicidad\themes\bootstrap\views\site\index.php(61): CDbCommand->execute()
#1 C:\wamp\www\yii\framework\yiilite.php(3252): require('C:\wamp\www\bit...')
#2 C:\wamp\www\yii\framework\yiilite.php(3231): CBaseController->renderInternal('C:\wamp\www\bit...', Array, true)
#3 C:\wamp\www\yii\framework\yiilite.php(3655): CBaseController->renderFile('C:\wamp\www\bit...', Array, true)
#4 C:\wamp\www\yii\framework\yiilite.php(3623): CController->renderPartial('index', Array, true)
#5 C:\wamp\www\bitbucket_publicidad\protected\controllers\SiteController.php(74): CController->render('index', Array)
#6 C:\wamp\www\yii\framework\yiilite.php(3891): SiteController->actionIndex()
#7 C:\wamp\www\yii\framework\yiilite.php(3403): CInlineAction->runWithParams(Array)
#8 C:\wamp\www\yii\framework\yiilite.php(6405): CController->runAction(Object(CInlineAction))
#9 C:\wamp\www\yii\framework\yiilite.php(6414): CFilterChain->run()
#10 C:\wamp\www\yii\framework\yiilite.php(3781): CFilter->filter(Object(CFilterChain))
#11 C:\wamp\www\yii\framework\yiilite.php(6447): CController->filterAccessControl(Object(CFilterChain))
#12 C:\wamp\www\yii\framework\yiilite.php(6402): CInlineFilter->filter(Object(CFilterChain))
#13 C:\wamp\www\yii\framework\yiilite.php(3393): CFilterChain->run()
#14 C:\wamp\www\yii\framework\yiilite.php(3378): CController->runActionWithFilters(Object(CInlineAction), Array)
#15 C:\wamp\www\yii\framework\yiilite.php(1725): CController->run('')
#16 C:\wamp\www\yii\framework\yiilite.php(1645): CWebApplication->runController('')
#17 C:\wamp\www\yii\framework\yiilite.php(1170): CWebApplication->processRequest()
#18 C:\wamp\www\bitbucket_publicidad\index.php(24): CApplication->run()
#19 {main}
REQUEST_URI=/bitbucket_publicidad/
---
2014/09/29 07:51:44 [error] [system.db.CDbCommand] CDbCommand::execute() falló: SQLSTATE[21S01]: Insert value list does not match column list: 1136 Column count doesn't match value count at row 1. La sentencia SQL ejecutada fue: INSERT INTO user
			 SELECT 'ulisest',
							'5c996e2c925acaf9fd4275662d5614ac5658e233',
							'ulises@gmail.com',
							'admin'.
2014/09/29 07:51:44 [error] [exception.CDbException] exception 'CDbException' with message 'CDbCommand falló al ejecutar la sentencia SQL: SQLSTATE[21S01]: Insert value list does not match column list: 1136 Column count doesn't match value count at row 1' in C:\wamp\www\yii\framework\yiilite.php:8893
Stack trace:
#0 C:\wamp\www\bitbucket_publicidad\themes\bootstrap\views\site\index.php(61): CDbCommand->execute()
#1 C:\wamp\www\yii\framework\yiilite.php(3252): require('C:\wamp\www\bit...')
#2 C:\wamp\www\yii\framework\yiilite.php(3231): CBaseController->renderInternal('C:\wamp\www\bit...', Array, true)
#3 C:\wamp\www\yii\framework\yiilite.php(3655): CBaseController->renderFile('C:\wamp\www\bit...', Array, true)
#4 C:\wamp\www\yii\framework\yiilite.php(3623): CController->renderPartial('index', Array, true)
#5 C:\wamp\www\bitbucket_publicidad\protected\controllers\SiteController.php(74): CController->render('index', Array)
#6 C:\wamp\www\yii\framework\yiilite.php(3891): SiteController->actionIndex()
#7 C:\wamp\www\yii\framework\yiilite.php(3403): CInlineAction->runWithParams(Array)
#8 C:\wamp\www\yii\framework\yiilite.php(6405): CController->runAction(Object(CInlineAction))
#9 C:\wamp\www\yii\framework\yiilite.php(6414): CFilterChain->run()
#10 C:\wamp\www\yii\framework\yiilite.php(3781): CFilter->filter(Object(CFilterChain))
#11 C:\wamp\www\yii\framework\yiilite.php(6447): CController->filterAccessControl(Object(CFilterChain))
#12 C:\wamp\www\yii\framework\yiilite.php(6402): CInlineFilter->filter(Object(CFilterChain))
#13 C:\wamp\www\yii\framework\yiilite.php(3393): CFilterChain->run()
#14 C:\wamp\www\yii\framework\yiilite.php(3378): CController->runActionWithFilters(Object(CInlineAction), Array)
#15 C:\wamp\www\yii\framework\yiilite.php(1725): CController->run('')
#16 C:\wamp\www\yii\framework\yiilite.php(1645): CWebApplication->runController('')
#17 C:\wamp\www\yii\framework\yiilite.php(1170): CWebApplication->processRequest()
#18 C:\wamp\www\bitbucket_publicidad\index.php(24): CApplication->run()
#19 {main}
REQUEST_URI=/bitbucket_publicidad/
---
2014/09/29 07:57:00 [error] [system.db.CDbCommand] CDbCommand::execute() falló: SQLSTATE[42S02]: Base table or view not found: 1146 Table 'publicidad.vol_user' doesn't exist. La sentencia SQL ejecutada fue: INSERT INTO vol_user(username, password, email, profile)
						 SELECT 'daniel',
										'f700a6934e78cd908cb5665cd84f89318bfa2d43',
										'daniel@gmail.com',
										'admin'.
2014/09/29 08:11:50 [error] [system.db.CDbCommand] CDbCommand::execute() falló: SQLSTATE[23000]: Integrity constraint violation: 1048 Column 'userid' cannot be null. La sentencia SQL ejecutada fue: INSERT INTO `AuthAssignment` (`itemname`, `userid`, `bizrule`, `data`) VALUES (:itemname, :userid, :bizrule, :data).
2014/09/29 08:13:05 [error] [system.db.CDbCommand] CDbCommand::execute() falló: SQLSTATE[23000]: Integrity constraint violation: 1048 Column 'userid' cannot be null. La sentencia SQL ejecutada fue: INSERT INTO `AuthAssignment` (`itemname`, `userid`, `bizrule`, `data`) VALUES (:itemname, :userid, :bizrule, :data).
2014/09/29 08:18:57 [error] [system.db.CDbCommand] CDbCommand::fetchAll() falló: SQLSTATE[42000]: Syntax error or access violation: 1064 You have an error in your SQL syntax; check the manual that corresponds to your MySQL server version for the right syntax to use near 'DESC LIMIT 1' at line 2. La sentencia SQL ejecutada fue: SELECT * FROM `user` `t` WHERE username='super'
			and email='super@mail.com' ORDER BY DESC LIMIT 1.
2014/09/29 08:18:57 [error] [exception.CDbException] exception 'CDbException' with message 'CDbCommand falló al ejecutar la sentencia SQL: SQLSTATE[42000]: Syntax error or access violation: 1064 You have an error in your SQL syntax; check the manual that corresponds to your MySQL server version for the right syntax to use near 'DESC LIMIT 1' at line 2' in C:\wamp\www\yii\framework\yiilite.php:8980
Stack trace:
#0 C:\wamp\www\yii\framework\yiilite.php(8903): CDbCommand->queryInternal('fetchAll', Array, Array)
#1 C:\wamp\www\yii\framework\yiilite.php(7461): CDbCommand->queryAll()
#2 C:\wamp\www\yii\framework\yiilite.php(7530): CActiveRecord->query(Object(CDbCriteria), true)
#3 C:\wamp\www\bitbucket_publicidad\themes\bootstrap\views\site\index.php(57): CActiveRecord->findAll(Array)
#4 C:\wamp\www\yii\framework\yiilite.php(3252): require('C:\wamp\www\bit...')
#5 C:\wamp\www\yii\framework\yiilite.php(3231): CBaseController->renderInternal('C:\wamp\www\bit...', Array, true)
#6 C:\wamp\www\yii\framework\yiilite.php(3655): CBaseController->renderFile('C:\wamp\www\bit...', Array, true)
#7 C:\wamp\www\yii\framework\yiilite.php(3623): CController->renderPartial('index', Array, true)
#8 C:\wamp\www\bitbucket_publicidad\protected\controllers\SiteController.php(74): CController->render('index', Array)
#9 C:\wamp\www\yii\framework\yiilite.php(3891): SiteController->actionIndex()
#10 C:\wamp\www\yii\framework\yiilite.php(3403): CInlineAction->runWithParams(Array)
#11 C:\wamp\www\yii\framework\yiilite.php(6405): CController->runAction(Object(CInlineAction))
#12 C:\wamp\www\yii\framework\yiilite.php(6414): CFilterChain->run()
#13 C:\wamp\www\yii\framework\yiilite.php(3781): CFilter->filter(Object(CFilterChain))
#14 C:\wamp\www\yii\framework\yiilite.php(6447): CController->filterAccessControl(Object(CFilterChain))
#15 C:\wamp\www\yii\framework\yiilite.php(6402): CInlineFilter->filter(Object(CFilterChain))
#16 C:\wamp\www\yii\framework\yiilite.php(3393): CFilterChain->run()
#17 C:\wamp\www\yii\framework\yiilite.php(3378): CController->runActionWithFilters(Object(CInlineAction), Array)
#18 C:\wamp\www\yii\framework\yiilite.php(1725): CController->run('')
#19 C:\wamp\www\yii\framework\yiilite.php(1645): CWebApplication->runController('')
#20 C:\wamp\www\yii\framework\yiilite.php(1170): CWebApplication->processRequest()
#21 C:\wamp\www\bitbucket_publicidad\index.php(24): CApplication->run()
#22 {main}
REQUEST_URI=/bitbucket_publicidad/
---
2014/09/29 08:19:37 [error] [php] Trying to get property of non-object (C:\wamp\www\bitbucket_publicidad\themes\bootstrap\views\site\index.php:58)
Stack trace:
#0 C:\wamp\www\yii\framework\yiilite.php(3655): SiteController->renderFile()
#1 C:\wamp\www\yii\framework\yiilite.php(3623): SiteController->renderPartial()
#2 C:\wamp\www\bitbucket_publicidad\protected\controllers\SiteController.php(74): SiteController->render()
#3 C:\wamp\www\yii\framework\yiilite.php(3891): SiteController->actionIndex()
#4 C:\wamp\www\yii\framework\yiilite.php(3403): CInlineAction->runWithParams()
#5 C:\wamp\www\yii\framework\yiilite.php(6405): SiteController->runAction()
#6 C:\wamp\www\yii\framework\yiilite.php(6414): CFilterChain->run()
#7 C:\wamp\www\yii\framework\yiilite.php(3781): CAccessControlFilter->filter()
#8 C:\wamp\www\yii\framework\yiilite.php(6447): SiteController->filterAccessControl()
#9 C:\wamp\www\yii\framework\yiilite.php(6402): CInlineFilter->filter()
#10 C:\wamp\www\yii\framework\yiilite.php(3393): CFilterChain->run()
#11 C:\wamp\www\yii\framework\yiilite.php(3378): SiteController->runActionWithFilters()
#12 C:\wamp\www\yii\framework\yiilite.php(1725): SiteController->run()
#13 C:\wamp\www\yii\framework\yiilite.php(1645): CWebApplication->runController()
#14 C:\wamp\www\yii\framework\yiilite.php(1170): CWebApplication->processRequest()
#15 C:\wamp\www\bitbucket_publicidad\index.php(24): CWebApplication->run()
REQUEST_URI=/bitbucket_publicidad/
2014/09/29 08:19:47 [error] [php] Undefined index: id (C:\wamp\www\bitbucket_publicidad\themes\bootstrap\views\site\index.php:58)
Stack trace:
#0 C:\wamp\www\yii\framework\yiilite.php(3655): SiteController->renderFile()
#1 C:\wamp\www\yii\framework\yiilite.php(3623): SiteController->renderPartial()
#2 C:\wamp\www\bitbucket_publicidad\protected\controllers\SiteController.php(74): SiteController->render()
#3 C:\wamp\www\yii\framework\yiilite.php(3891): SiteController->actionIndex()
#4 C:\wamp\www\yii\framework\yiilite.php(3403): CInlineAction->runWithParams()
#5 C:\wamp\www\yii\framework\yiilite.php(6405): SiteController->runAction()
#6 C:\wamp\www\yii\framework\yiilite.php(6414): CFilterChain->run()
#7 C:\wamp\www\yii\framework\yiilite.php(3781): CAccessControlFilter->filter()
#8 C:\wamp\www\yii\framework\yiilite.php(6447): SiteController->filterAccessControl()
#9 C:\wamp\www\yii\framework\yiilite.php(6402): CInlineFilter->filter()
#10 C:\wamp\www\yii\framework\yiilite.php(3393): CFilterChain->run()
#11 C:\wamp\www\yii\framework\yiilite.php(3378): SiteController->runActionWithFilters()
#12 C:\wamp\www\yii\framework\yiilite.php(1725): SiteController->run()
#13 C:\wamp\www\yii\framework\yiilite.php(1645): CWebApplication->runController()
#14 C:\wamp\www\yii\framework\yiilite.php(1170): CWebApplication->processRequest()
#15 C:\wamp\www\bitbucket_publicidad\index.php(24): CWebApplication->run()
REQUEST_URI=/bitbucket_publicidad/
2014/09/29 08:20:16 [error] [system.db.CDbCommand] CDbCommand::fetchAll() falló: SQLSTATE[42000]: Syntax error or access violation: 1064 You have an error in your SQL syntax; check the manual that corresponds to your MySQL server version for the right syntax to use near 'DESC LIMIT 1' at line 1. La sentencia SQL ejecutada fue: SELECT * FROM `user` `t` WHERE username='super' and email='super@mail.com' ORDER BY DESC LIMIT 1.
2014/09/29 08:20:16 [error] [exception.CDbException] exception 'CDbException' with message 'CDbCommand falló al ejecutar la sentencia SQL: SQLSTATE[42000]: Syntax error or access violation: 1064 You have an error in your SQL syntax; check the manual that corresponds to your MySQL server version for the right syntax to use near 'DESC LIMIT 1' at line 1' in C:\wamp\www\yii\framework\yiilite.php:8980
Stack trace:
#0 C:\wamp\www\yii\framework\yiilite.php(8903): CDbCommand->queryInternal('fetchAll', Array, Array)
#1 C:\wamp\www\yii\framework\yiilite.php(7461): CDbCommand->queryAll()
#2 C:\wamp\www\yii\framework\yiilite.php(7530): CActiveRecord->query(Object(CDbCriteria), true)
#3 C:\wamp\www\bitbucket_publicidad\themes\bootstrap\views\site\index.php(56): CActiveRecord->findAll(Array)
#4 C:\wamp\www\yii\framework\yiilite.php(3252): require('C:\wamp\www\bit...')
#5 C:\wamp\www\yii\framework\yiilite.php(3231): CBaseController->renderInternal('C:\wamp\www\bit...', Array, true)
#6 C:\wamp\www\yii\framework\yiilite.php(3655): CBaseController->renderFile('C:\wamp\www\bit...', Array, true)
#7 C:\wamp\www\yii\framework\yiilite.php(3623): CController->renderPartial('index', Array, true)
#8 C:\wamp\www\bitbucket_publicidad\protected\controllers\SiteController.php(74): CController->render('index', Array)
#9 C:\wamp\www\yii\framework\yiilite.php(3891): SiteController->actionIndex()
#10 C:\wamp\www\yii\framework\yiilite.php(3403): CInlineAction->runWithParams(Array)
#11 C:\wamp\www\yii\framework\yiilite.php(6405): CController->runAction(Object(CInlineAction))
#12 C:\wamp\www\yii\framework\yiilite.php(6414): CFilterChain->run()
#13 C:\wamp\www\yii\framework\yiilite.php(3781): CFilter->filter(Object(CFilterChain))
#14 C:\wamp\www\yii\framework\yiilite.php(6447): CController->filterAccessControl(Object(CFilterChain))
#15 C:\wamp\www\yii\framework\yiilite.php(6402): CInlineFilter->filter(Object(CFilterChain))
#16 C:\wamp\www\yii\framework\yiilite.php(3393): CFilterChain->run()
#17 C:\wamp\www\yii\framework\yiilite.php(3378): CController->runActionWithFilters(Object(CInlineAction), Array)
#18 C:\wamp\www\yii\framework\yiilite.php(1725): CController->run('')
#19 C:\wamp\www\yii\framework\yiilite.php(1645): CWebApplication->runController('')
#20 C:\wamp\www\yii\framework\yiilite.php(1170): CWebApplication->processRequest()
#21 C:\wamp\www\bitbucket_publicidad\index.php(24): CApplication->run()
#22 {main}
REQUEST_URI=/bitbucket_publicidad/
---
2014/09/29 08:20:23 [error] [exception.CException] exception 'CException' with message 'Propiedad "CDbCriteria"."sort" no se encuentra definida.' in C:\wamp\www\yii\framework\yiilite.php:628
Stack trace:
#0 C:\wamp\www\yii\framework\db\schema\CDbCriteria.php(160): CComponent->__set('sort', 'DESC')
#1 C:\wamp\www\yii\framework\db\schema\CDbCommandBuilder.php(483): CDbCriteria->__construct(Array)
#2 C:\wamp\www\yii\framework\yiilite.php(7529): CDbCommandBuilder->createCriteria(Array, Array)
#3 C:\wamp\www\bitbucket_publicidad\themes\bootstrap\views\site\index.php(56): CActiveRecord->findAll(Array)
#4 C:\wamp\www\yii\framework\yiilite.php(3252): require('C:\wamp\www\bit...')
#5 C:\wamp\www\yii\framework\yiilite.php(3231): CBaseController->renderInternal('C:\wamp\www\bit...', Array, true)
#6 C:\wamp\www\yii\framework\yiilite.php(3655): CBaseController->renderFile('C:\wamp\www\bit...', Array, true)
#7 C:\wamp\www\yii\framework\yiilite.php(3623): CController->renderPartial('index', Array, true)
#8 C:\wamp\www\bitbucket_publicidad\protected\controllers\SiteController.php(74): CController->render('index', Array)
#9 C:\wamp\www\yii\framework\yiilite.php(3891): SiteController->actionIndex()
#10 C:\wamp\www\yii\framework\yiilite.php(3403): CInlineAction->runWithParams(Array)
#11 C:\wamp\www\yii\framework\yiilite.php(6405): CController->runAction(Object(CInlineAction))
#12 C:\wamp\www\yii\framework\yiilite.php(6414): CFilterChain->run()
#13 C:\wamp\www\yii\framework\yiilite.php(3781): CFilter->filter(Object(CFilterChain))
#14 C:\wamp\www\yii\framework\yiilite.php(6447): CController->filterAccessControl(Object(CFilterChain))
#15 C:\wamp\www\yii\framework\yiilite.php(6402): CInlineFilter->filter(Object(CFilterChain))
#16 C:\wamp\www\yii\framework\yiilite.php(3393): CFilterChain->run()
#17 C:\wamp\www\yii\framework\yiilite.php(3378): CController->runActionWithFilters(Object(CInlineAction), Array)
#18 C:\wamp\www\yii\framework\yiilite.php(1725): CController->run('')
#19 C:\wamp\www\yii\framework\yiilite.php(1645): CWebApplication->runController('')
#20 C:\wamp\www\yii\framework\yiilite.php(1170): CWebApplication->processRequest()
#21 C:\wamp\www\bitbucket_publicidad\index.php(24): CApplication->run()
#22 {main}
REQUEST_URI=/bitbucket_publicidad/
---
2014/09/29 08:20:48 [error] [exception.CException] exception 'CException' with message 'Propiedad "CDbCriteria"."orderBy" no se encuentra definida.' in C:\wamp\www\yii\framework\yiilite.php:628
Stack trace:
#0 C:\wamp\www\yii\framework\db\schema\CDbCriteria.php(160): CComponent->__set('orderBy', 'DESC')
#1 C:\wamp\www\yii\framework\db\schema\CDbCommandBuilder.php(483): CDbCriteria->__construct(Array)
#2 C:\wamp\www\yii\framework\yiilite.php(7529): CDbCommandBuilder->createCriteria(Array, Array)
#3 C:\wamp\www\bitbucket_publicidad\themes\bootstrap\views\site\index.php(56): CActiveRecord->findAll(Array)
#4 C:\wamp\www\yii\framework\yiilite.php(3252): require('C:\wamp\www\bit...')
#5 C:\wamp\www\yii\framework\yiilite.php(3231): CBaseController->renderInternal('C:\wamp\www\bit...', Array, true)
#6 C:\wamp\www\yii\framework\yiilite.php(3655): CBaseController->renderFile('C:\wamp\www\bit...', Array, true)
#7 C:\wamp\www\yii\framework\yiilite.php(3623): CController->renderPartial('index', Array, true)
#8 C:\wamp\www\bitbucket_publicidad\protected\controllers\SiteController.php(74): CController->render('index', Array)
#9 C:\wamp\www\yii\framework\yiilite.php(3891): SiteController->actionIndex()
#10 C:\wamp\www\yii\framework\yiilite.php(3403): CInlineAction->runWithParams(Array)
#11 C:\wamp\www\yii\framework\yiilite.php(6405): CController->runAction(Object(CInlineAction))
#12 C:\wamp\www\yii\framework\yiilite.php(6414): CFilterChain->run()
#13 C:\wamp\www\yii\framework\yiilite.php(3781): CFilter->filter(Object(CFilterChain))
#14 C:\wamp\www\yii\framework\yiilite.php(6447): CController->filterAccessControl(Object(CFilterChain))
#15 C:\wamp\www\yii\framework\yiilite.php(6402): CInlineFilter->filter(Object(CFilterChain))
#16 C:\wamp\www\yii\framework\yiilite.php(3393): CFilterChain->run()
#17 C:\wamp\www\yii\framework\yiilite.php(3378): CController->runActionWithFilters(Object(CInlineAction), Array)
#18 C:\wamp\www\yii\framework\yiilite.php(1725): CController->run('')
#19 C:\wamp\www\yii\framework\yiilite.php(1645): CWebApplication->runController('')
#20 C:\wamp\www\yii\framework\yiilite.php(1170): CWebApplication->processRequest()
#21 C:\wamp\www\bitbucket_publicidad\index.php(24): CApplication->run()
#22 {main}
REQUEST_URI=/bitbucket_publicidad/
---
2014/09/29 08:20:56 [error] [exception.CException] exception 'CException' with message 'Propiedad "CDbCriteria"."sortBy" no se encuentra definida.' in C:\wamp\www\yii\framework\yiilite.php:628
Stack trace:
#0 C:\wamp\www\yii\framework\db\schema\CDbCriteria.php(160): CComponent->__set('sortBy', 'DESC')
#1 C:\wamp\www\yii\framework\db\schema\CDbCommandBuilder.php(483): CDbCriteria->__construct(Array)
#2 C:\wamp\www\yii\framework\yiilite.php(7529): CDbCommandBuilder->createCriteria(Array, Array)
#3 C:\wamp\www\bitbucket_publicidad\themes\bootstrap\views\site\index.php(56): CActiveRecord->findAll(Array)
#4 C:\wamp\www\yii\framework\yiilite.php(3252): require('C:\wamp\www\bit...')
#5 C:\wamp\www\yii\framework\yiilite.php(3231): CBaseController->renderInternal('C:\wamp\www\bit...', Array, true)
#6 C:\wamp\www\yii\framework\yiilite.php(3655): CBaseController->renderFile('C:\wamp\www\bit...', Array, true)
#7 C:\wamp\www\yii\framework\yiilite.php(3623): CController->renderPartial('index', Array, true)
#8 C:\wamp\www\bitbucket_publicidad\protected\controllers\SiteController.php(74): CController->render('index', Array)
#9 C:\wamp\www\yii\framework\yiilite.php(3891): SiteController->actionIndex()
#10 C:\wamp\www\yii\framework\yiilite.php(3403): CInlineAction->runWithParams(Array)
#11 C:\wamp\www\yii\framework\yiilite.php(6405): CController->runAction(Object(CInlineAction))
#12 C:\wamp\www\yii\framework\yiilite.php(6414): CFilterChain->run()
#13 C:\wamp\www\yii\framework\yiilite.php(3781): CFilter->filter(Object(CFilterChain))
#14 C:\wamp\www\yii\framework\yiilite.php(6447): CController->filterAccessControl(Object(CFilterChain))
#15 C:\wamp\www\yii\framework\yiilite.php(6402): CInlineFilter->filter(Object(CFilterChain))
#16 C:\wamp\www\yii\framework\yiilite.php(3393): CFilterChain->run()
#17 C:\wamp\www\yii\framework\yiilite.php(3378): CController->runActionWithFilters(Object(CInlineAction), Array)
#18 C:\wamp\www\yii\framework\yiilite.php(1725): CController->run('')
#19 C:\wamp\www\yii\framework\yiilite.php(1645): CWebApplication->runController('')
#20 C:\wamp\www\yii\framework\yiilite.php(1170): CWebApplication->processRequest()
#21 C:\wamp\www\bitbucket_publicidad\index.php(24): CApplication->run()
#22 {main}
REQUEST_URI=/bitbucket_publicidad/
---
2014/09/29 08:21:54 [error] [php] Array to string conversion (C:\wamp\www\bitbucket_publicidad\themes\bootstrap\views\site\index.php:57)
Stack trace:
#0 C:\wamp\www\yii\framework\yiilite.php(3655): SiteController->renderFile()
#1 C:\wamp\www\yii\framework\yiilite.php(3623): SiteController->renderPartial()
#2 C:\wamp\www\bitbucket_publicidad\protected\controllers\SiteController.php(74): SiteController->render()
#3 C:\wamp\www\yii\framework\yiilite.php(3891): SiteController->actionIndex()
#4 C:\wamp\www\yii\framework\yiilite.php(3403): CInlineAction->runWithParams()
#5 C:\wamp\www\yii\framework\yiilite.php(6405): SiteController->runAction()
#6 C:\wamp\www\yii\framework\yiilite.php(6414): CFilterChain->run()
#7 C:\wamp\www\yii\framework\yiilite.php(3781): CAccessControlFilter->filter()
#8 C:\wamp\www\yii\framework\yiilite.php(6447): SiteController->filterAccessControl()
#9 C:\wamp\www\yii\framework\yiilite.php(6402): CInlineFilter->filter()
#10 C:\wamp\www\yii\framework\yiilite.php(3393): CFilterChain->run()
#11 C:\wamp\www\yii\framework\yiilite.php(3378): SiteController->runActionWithFilters()
#12 C:\wamp\www\yii\framework\yiilite.php(1725): SiteController->run()
#13 C:\wamp\www\yii\framework\yiilite.php(1645): CWebApplication->runController()
#14 C:\wamp\www\yii\framework\yiilite.php(1170): CWebApplication->processRequest()
#15 C:\wamp\www\bitbucket_publicidad\index.php(24): CWebApplication->run()
REQUEST_URI=/bitbucket_publicidad/
2014/09/29 08:24:26 [error] [php] Undefined offset: 0 (C:\wamp\www\bitbucket_publicidad\protected\controllers\ShopController.php:185)
Stack trace:
#0 C:\wamp\www\yii\framework\yiilite.php(6405): ShopController->runAction()
#1 C:\wamp\www\yii\framework\yiilite.php(6414): CFilterChain->run()
#2 C:\wamp\www\yii\framework\yiilite.php(3781): CAccessControlFilter->filter()
#3 C:\wamp\www\yii\framework\yiilite.php(6447): ShopController->filterAccessControl()
#4 C:\wamp\www\yii\framework\yiilite.php(6402): CInlineFilter->filter()
#5 C:\wamp\www\yii\framework\yiilite.php(3393): CFilterChain->run()
#6 C:\wamp\www\yii\framework\yiilite.php(3378): ShopController->runActionWithFilters()
#7 C:\wamp\www\yii\framework\yiilite.php(1725): ShopController->run()
#8 C:\wamp\www\yii\framework\yiilite.php(1645): CWebApplication->runController()
#9 C:\wamp\www\yii\framework\yiilite.php(1170): CWebApplication->processRequest()
#10 C:\wamp\www\bitbucket_publicidad\index.php(24): CWebApplication->run()
REQUEST_URI=/bitbucket_publicidad/index.php/shop/create
2014/09/29 08:29:27 [error] [system.db.CDbCommand] CDbCommand::execute() falló: SQLSTATE[23000]: Integrity constraint violation: 1062 Duplicate entry '8' for key 'PRIMARY'. La sentencia SQL ejecutada fue: INSERT INTO `vol_brand` (`id`, `name`, `description`, `image`, `active`) VALUES (8, 'generica', 'generica', 'noimage.jpg', b'10000000'); .
2014/09/29 08:30:30 [error] [system.db.CDbCommand] CDbCommand::fetch() falló: SQLSTATE[42000]: Syntax error or access violation: 1064 You have an error in your SQL syntax; check the manual that corresponds to your MySQL server version for the right syntax to use near '
										and email = 'daniel@gmail.com'' at line 2. La sentencia SQL ejecutada fue: SELECT * FROM vol_user
										WHERE username = 'daniel',
										and email = 'daniel@gmail.com'.
2014/09/29 08:30:30 [error] [exception.CDbException] exception 'CDbException' with message 'CDbTransaction se encuentra inactiva y no puede realizar la operación commit ni roll back.' in C:\wamp\www\yii\framework\db\CDbTransaction.php:84
Stack trace:
#0 C:\wamp\www\bitbucket_publicidad\protected\controllers\ShopController.php(205): CDbTransaction->rollback()
#1 C:\wamp\www\yii\framework\yiilite.php(3891): ShopController->actionCreate()
#2 C:\wamp\www\yii\framework\yiilite.php(3403): CInlineAction->runWithParams(Array)
#3 C:\wamp\www\yii\framework\yiilite.php(6405): CController->runAction(Object(CInlineAction))
#4 C:\wamp\www\yii\framework\yiilite.php(6414): CFilterChain->run()
#5 C:\wamp\www\yii\framework\yiilite.php(3781): CFilter->filter(Object(CFilterChain))
#6 C:\wamp\www\yii\framework\yiilite.php(6447): CController->filterAccessControl(Object(CFilterChain))
#7 C:\wamp\www\yii\framework\yiilite.php(6402): CInlineFilter->filter(Object(CFilterChain))
#8 C:\wamp\www\yii\framework\yiilite.php(3393): CFilterChain->run()
#9 C:\wamp\www\yii\framework\yiilite.php(3378): CController->runActionWithFilters(Object(CInlineAction), Array)
#10 C:\wamp\www\yii\framework\yiilite.php(1725): CController->run('create')
#11 C:\wamp\www\yii\framework\yiilite.php(1645): CWebApplication->runController('shop/create')
#12 C:\wamp\www\yii\framework\yiilite.php(1170): CWebApplication->processRequest()
#13 C:\wamp\www\bitbucket_publicidad\index.php(24): CApplication->run()
#14 {main}
REQUEST_URI=/bitbucket_publicidad/index.php/shop/create
HTTP_REFERER=http://localhost/bitbucket_publicidad/index.php/shop/create
---
2014/09/29 08:33:52 [error] [system.db.CDbCommand] CDbCommand::fetch() falló: SQLSTATE[42000]: Syntax error or access violation: 1064 You have an error in your SQL syntax; check the manual that corresponds to your MySQL server version for the right syntax to use near '
										and email = 'daniel@gmail.com'' at line 2. La sentencia SQL ejecutada fue: SELECT * FROM vol_user
										WHERE username = 'daniel',
										and email = 'daniel@gmail.com'.
2014/09/29 08:35:19 [error] [php] Undefined variable: prefix (C:\wamp\www\bitbucket_publicidad\themes\bootstrap\views\site\index.php:51)
Stack trace:
#0 C:\wamp\www\yii\framework\yiilite.php(3655): SiteController->renderFile()
#1 C:\wamp\www\yii\framework\yiilite.php(3623): SiteController->renderPartial()
#2 C:\wamp\www\bitbucket_publicidad\protected\controllers\SiteController.php(74): SiteController->render()
#3 C:\wamp\www\yii\framework\yiilite.php(3891): SiteController->actionIndex()
#4 C:\wamp\www\yii\framework\yiilite.php(3403): CInlineAction->runWithParams()
#5 C:\wamp\www\yii\framework\yiilite.php(6405): SiteController->runAction()
#6 C:\wamp\www\yii\framework\yiilite.php(6414): CFilterChain->run()
#7 C:\wamp\www\yii\framework\yiilite.php(3781): CAccessControlFilter->filter()
#8 C:\wamp\www\yii\framework\yiilite.php(6447): SiteController->filterAccessControl()
#9 C:\wamp\www\yii\framework\yiilite.php(6402): CInlineFilter->filter()
#10 C:\wamp\www\yii\framework\yiilite.php(3393): CFilterChain->run()
#11 C:\wamp\www\yii\framework\yiilite.php(3378): SiteController->runActionWithFilters()
#12 C:\wamp\www\yii\framework\yiilite.php(1725): SiteController->run()
#13 C:\wamp\www\yii\framework\yiilite.php(1645): CWebApplication->runController()
#14 C:\wamp\www\yii\framework\yiilite.php(1170): CWebApplication->processRequest()
#15 C:\wamp\www\bitbucket_publicidad\index.php(24): CWebApplication->run()
REQUEST_URI=/bitbucket_publicidad/
2014/09/29 08:35:53 [error] [php] Undefined offset: 0 (C:\wamp\www\bitbucket_publicidad\themes\bootstrap\views\site\index.php:57)
Stack trace:
#0 C:\wamp\www\yii\framework\yiilite.php(3655): SiteController->renderFile()
#1 C:\wamp\www\yii\framework\yiilite.php(3623): SiteController->renderPartial()
#2 C:\wamp\www\bitbucket_publicidad\protected\controllers\SiteController.php(74): SiteController->render()
#3 C:\wamp\www\yii\framework\yiilite.php(3891): SiteController->actionIndex()
#4 C:\wamp\www\yii\framework\yiilite.php(3403): CInlineAction->runWithParams()
#5 C:\wamp\www\yii\framework\yiilite.php(6405): SiteController->runAction()
#6 C:\wamp\www\yii\framework\yiilite.php(6414): CFilterChain->run()
#7 C:\wamp\www\yii\framework\yiilite.php(3781): CAccessControlFilter->filter()
#8 C:\wamp\www\yii\framework\yiilite.php(6447): SiteController->filterAccessControl()
#9 C:\wamp\www\yii\framework\yiilite.php(6402): CInlineFilter->filter()
#10 C:\wamp\www\yii\framework\yiilite.php(3393): CFilterChain->run()
#11 C:\wamp\www\yii\framework\yiilite.php(3378): SiteController->runActionWithFilters()
#12 C:\wamp\www\yii\framework\yiilite.php(1725): SiteController->run()
#13 C:\wamp\www\yii\framework\yiilite.php(1645): CWebApplication->runController()
#14 C:\wamp\www\yii\framework\yiilite.php(1170): CWebApplication->processRequest()
#15 C:\wamp\www\bitbucket_publicidad\index.php(24): CWebApplication->run()
REQUEST_URI=/bitbucket_publicidad/
2014/09/29 23:09:45 [error] [php] Undefined index: site (C:\wamp\www\bitbucket_publicidad\themes\bootstrap\views\site\index.php:58)
Stack trace:
#0 C:\wamp\www\yii\framework\yiilite.php(3655): SiteController->renderFile()
#1 C:\wamp\www\yii\framework\yiilite.php(3623): SiteController->renderPartial()
#2 C:\wamp\www\bitbucket_publicidad\protected\controllers\SiteController.php(74): SiteController->render()
#3 C:\wamp\www\yii\framework\yiilite.php(3891): SiteController->actionIndex()
#4 C:\wamp\www\yii\framework\yiilite.php(3403): CInlineAction->runWithParams()
#5 C:\wamp\www\yii\framework\yiilite.php(6405): SiteController->runAction()
#6 C:\wamp\www\yii\framework\yiilite.php(6414): CFilterChain->run()
#7 C:\wamp\www\yii\framework\yiilite.php(3781): CAccessControlFilter->filter()
#8 C:\wamp\www\yii\framework\yiilite.php(6447): SiteController->filterAccessControl()
#9 C:\wamp\www\yii\framework\yiilite.php(6402): CInlineFilter->filter()
#10 C:\wamp\www\yii\framework\yiilite.php(3393): CFilterChain->run()
#11 C:\wamp\www\yii\framework\yiilite.php(3378): SiteController->runActionWithFilters()
#12 C:\wamp\www\yii\framework\yiilite.php(1725): SiteController->run()
#13 C:\wamp\www\yii\framework\yiilite.php(1645): CWebApplication->runController()
#14 C:\wamp\www\yii\framework\yiilite.php(1170): CWebApplication->processRequest()
#15 C:\wamp\www\bitbucket_publicidad\index.php(24): CWebApplication->run()
REQUEST_URI=/bitbucket_publicidad/
2014/09/30 04:22:24 [error] [exception.CException] exception 'CException' with message 'Propiedad "CAccessRule"."role" no se encuentra definida.' in C:\wamp\www\yii\framework\yiilite.php:628
Stack trace:
#0 C:\wamp\www\yii\framework\yiilite.php(6471): CComponent->__set('role', Array)
#1 C:\wamp\www\yii\framework\yiilite.php(3780): CAccessControlFilter->setRules(Array)
#2 C:\wamp\www\yii\framework\yiilite.php(6447): CController->filterAccessControl(Object(CFilterChain))
#3 C:\wamp\www\yii\framework\yiilite.php(6402): CInlineFilter->filter(Object(CFilterChain))
#4 C:\wamp\www\yii\framework\yiilite.php(3393): CFilterChain->run()
#5 C:\wamp\www\yii\framework\yiilite.php(3378): CController->runActionWithFilters(Object(CInlineAction), Array)
#6 C:\wamp\www\yii\framework\yiilite.php(1725): CController->run('detail')
#7 C:\wamp\www\yii\framework\yiilite.php(1645): CWebApplication->runController('product/detail/...')
#8 C:\wamp\www\yii\framework\yiilite.php(1170): CWebApplication->processRequest()
#9 C:\wamp\www\bitbucket_publicidad\index.php(24): CApplication->run()
#10 {main}
REQUEST_URI=/bitbucket_publicidad/index.php/product/detail/id/hrbasculas
HTTP_REFERER=http://localhost/bitbucket_publicidad/index.php/site/search/token/bascula
---
2014/09/30 04:23:19 [error] [exception.CException] exception 'CException' with message 'Propiedad "CAccessRule"."role" no se encuentra definida.' in C:\wamp\www\yii\framework\yiilite.php:628
Stack trace:
#0 C:\wamp\www\yii\framework\yiilite.php(6471): CComponent->__set('role', Array)
#1 C:\wamp\www\yii\framework\yiilite.php(3780): CAccessControlFilter->setRules(Array)
#2 C:\wamp\www\yii\framework\yiilite.php(6447): CController->filterAccessControl(Object(CFilterChain))
#3 C:\wamp\www\yii\framework\yiilite.php(6402): CInlineFilter->filter(Object(CFilterChain))
#4 C:\wamp\www\yii\framework\yiilite.php(3393): CFilterChain->run()
#5 C:\wamp\www\yii\framework\yiilite.php(3378): CController->runActionWithFilters(Object(CInlineAction), Array)
#6 C:\wamp\www\yii\framework\yiilite.php(1725): CController->run('detail')
#7 C:\wamp\www\yii\framework\yiilite.php(1645): CWebApplication->runController('product/detail/...')
#8 C:\wamp\www\yii\framework\yiilite.php(1170): CWebApplication->processRequest()
#9 C:\wamp\www\bitbucket_publicidad\index.php(24): CApplication->run()
#10 {main}
REQUEST_URI=/bitbucket_publicidad/index.php/product/detail/id/hrbasculas
HTTP_REFERER=http://localhost/bitbucket_publicidad/index.php/site/search/token/bascula
---
2014/09/30 04:30:59 [error] [php] Undefined variable: tab (C:\wamp\www\bitbucket_publicidad\protected\models\Product.php:208)
Stack trace:
#0 C:\wamp\www\yii\framework\yiilite.php(3231): ProductController->renderInternal()
#1 C:\wamp\www\yii\framework\yiilite.php(3655): ProductController->renderFile()
#2 C:\wamp\www\yii\framework\yiilite.php(3623): ProductController->renderPartial()
#3 C:\wamp\www\bitbucket_publicidad\protected\controllers\ProductController.php(89): ProductController->render()
#4 unknown(0): ProductController->actionDetail()
#5 C:\wamp\www\yii\framework\yiilite.php(3872): ReflectionMethod->invokeArgs()
#6 C:\wamp\www\yii\framework\yiilite.php(3889): CInlineAction->runWithParamsInternal()
#7 C:\wamp\www\yii\framework\yiilite.php(3403): CInlineAction->runWithParams()
#8 C:\wamp\www\yii\framework\yiilite.php(6405): ProductController->runAction()
#9 C:\wamp\www\yii\framework\yiilite.php(6414): CFilterChain->run()
#10 C:\wamp\www\yii\framework\yiilite.php(3781): CAccessControlFilter->filter()
#11 C:\wamp\www\yii\framework\yiilite.php(6447): ProductController->filterAccessControl()
#12 C:\wamp\www\yii\framework\yiilite.php(6402): CInlineFilter->filter()
#13 C:\wamp\www\yii\framework\yiilite.php(3393): CFilterChain->run()
#14 C:\wamp\www\yii\framework\yiilite.php(3378): ProductController->runActionWithFilters()
#15 C:\wamp\www\yii\framework\yiilite.php(1725): ProductController->run()
#16 C:\wamp\www\yii\framework\yiilite.php(1645): CWebApplication->runController()
#17 C:\wamp\www\yii\framework\yiilite.php(1170): CWebApplication->processRequest()
#18 C:\wamp\www\bitbucket_publicidad\index.php(24): CWebApplication->run()
REQUEST_URI=/bitbucket_publicidad/index.php/product/detail/1
2014/09/30 04:31:09 [error] [php] Undefined variable: tab (C:\wamp\www\bitbucket_publicidad\protected\models\Product.php:208)
Stack trace:
#0 C:\wamp\www\yii\framework\yiilite.php(3231): ProductController->renderInternal()
#1 C:\wamp\www\yii\framework\yiilite.php(3655): ProductController->renderFile()
#2 C:\wamp\www\yii\framework\yiilite.php(3623): ProductController->renderPartial()
#3 C:\wamp\www\bitbucket_publicidad\protected\controllers\ProductController.php(89): ProductController->render()
#4 unknown(0): ProductController->actionDetail()
#5 C:\wamp\www\yii\framework\yiilite.php(3872): ReflectionMethod->invokeArgs()
#6 C:\wamp\www\yii\framework\yiilite.php(3889): CInlineAction->runWithParamsInternal()
#7 C:\wamp\www\yii\framework\yiilite.php(3403): CInlineAction->runWithParams()
#8 C:\wamp\www\yii\framework\yiilite.php(6405): ProductController->runAction()
#9 C:\wamp\www\yii\framework\yiilite.php(6414): CFilterChain->run()
#10 C:\wamp\www\yii\framework\yiilite.php(3781): CAccessControlFilter->filter()
#11 C:\wamp\www\yii\framework\yiilite.php(6447): ProductController->filterAccessControl()
#12 C:\wamp\www\yii\framework\yiilite.php(6402): CInlineFilter->filter()
#13 C:\wamp\www\yii\framework\yiilite.php(3393): CFilterChain->run()
#14 C:\wamp\www\yii\framework\yiilite.php(3378): ProductController->runActionWithFilters()
#15 C:\wamp\www\yii\framework\yiilite.php(1725): ProductController->run()
#16 C:\wamp\www\yii\framework\yiilite.php(1645): CWebApplication->runController()
#17 C:\wamp\www\yii\framework\yiilite.php(1170): CWebApplication->processRequest()
#18 C:\wamp\www\bitbucket_publicidad\index.php(24): CWebApplication->run()
REQUEST_URI=/bitbucket_publicidad/index.php/product/detail/1
2014/09/30 04:31:56 [error] [php] Undefined variable: tab (C:\wamp\www\bitbucket_publicidad\protected\models\Product.php:208)
Stack trace:
#0 C:\wamp\www\yii\framework\yiilite.php(3231): ProductController->renderInternal()
#1 C:\wamp\www\yii\framework\yiilite.php(3655): ProductController->renderFile()
#2 C:\wamp\www\yii\framework\yiilite.php(3623): ProductController->renderPartial()
#3 C:\wamp\www\bitbucket_publicidad\protected\controllers\ProductController.php(89): ProductController->render()
#4 unknown(0): ProductController->actionDetail()
#5 C:\wamp\www\yii\framework\yiilite.php(3872): ReflectionMethod->invokeArgs()
#6 C:\wamp\www\yii\framework\yiilite.php(3889): CInlineAction->runWithParamsInternal()
#7 C:\wamp\www\yii\framework\yiilite.php(3403): CInlineAction->runWithParams()
#8 C:\wamp\www\yii\framework\yiilite.php(6405): ProductController->runAction()
#9 C:\wamp\www\yii\framework\yiilite.php(6414): CFilterChain->run()
#10 C:\wamp\www\yii\framework\yiilite.php(3781): CAccessControlFilter->filter()
#11 C:\wamp\www\yii\framework\yiilite.php(6447): ProductController->filterAccessControl()
#12 C:\wamp\www\yii\framework\yiilite.php(6402): CInlineFilter->filter()
#13 C:\wamp\www\yii\framework\yiilite.php(3393): CFilterChain->run()
#14 C:\wamp\www\yii\framework\yiilite.php(3378): ProductController->runActionWithFilters()
#15 C:\wamp\www\yii\framework\yiilite.php(1725): ProductController->run()
#16 C:\wamp\www\yii\framework\yiilite.php(1645): CWebApplication->runController()
#17 C:\wamp\www\yii\framework\yiilite.php(1170): CWebApplication->processRequest()
#18 C:\wamp\www\bitbucket_publicidad\index.php(24): CWebApplication->run()
REQUEST_URI=/bitbucket_publicidad/index.php/product/detail/1
2014/09/30 04:32:07 [error] [php] Undefined variable: tab (C:\wamp\www\bitbucket_publicidad\protected\models\Product.php:208)
Stack trace:
#0 C:\wamp\www\yii\framework\yiilite.php(3231): ProductController->renderInternal()
#1 C:\wamp\www\yii\framework\yiilite.php(3655): ProductController->renderFile()
#2 C:\wamp\www\yii\framework\yiilite.php(3623): ProductController->renderPartial()
#3 C:\wamp\www\bitbucket_publicidad\protected\controllers\ProductController.php(89): ProductController->render()
#4 unknown(0): ProductController->actionDetail()
#5 C:\wamp\www\yii\framework\yiilite.php(3872): ReflectionMethod->invokeArgs()
#6 C:\wamp\www\yii\framework\yiilite.php(3889): CInlineAction->runWithParamsInternal()
#7 C:\wamp\www\yii\framework\yiilite.php(3403): CInlineAction->runWithParams()
#8 C:\wamp\www\yii\framework\yiilite.php(6405): ProductController->runAction()
#9 C:\wamp\www\yii\framework\yiilite.php(6414): CFilterChain->run()
#10 C:\wamp\www\yii\framework\yiilite.php(3781): CAccessControlFilter->filter()
#11 C:\wamp\www\yii\framework\yiilite.php(6447): ProductController->filterAccessControl()
#12 C:\wamp\www\yii\framework\yiilite.php(6402): CInlineFilter->filter()
#13 C:\wamp\www\yii\framework\yiilite.php(3393): CFilterChain->run()
#14 C:\wamp\www\yii\framework\yiilite.php(3378): ProductController->runActionWithFilters()
#15 C:\wamp\www\yii\framework\yiilite.php(1725): ProductController->run()
#16 C:\wamp\www\yii\framework\yiilite.php(1645): CWebApplication->runController()
#17 C:\wamp\www\yii\framework\yiilite.php(1170): CWebApplication->processRequest()
#18 C:\wamp\www\bitbucket_publicidad\index.php(24): CWebApplication->run()
REQUEST_URI=/bitbucket_publicidad/index.php/product/detail/1
2014/09/30 04:32:11 [error] [php] Undefined variable: tab (C:\wamp\www\bitbucket_publicidad\protected\models\Product.php:208)
Stack trace:
#0 C:\wamp\www\yii\framework\yiilite.php(3231): ProductController->renderInternal()
#1 C:\wamp\www\yii\framework\yiilite.php(3655): ProductController->renderFile()
#2 C:\wamp\www\yii\framework\yiilite.php(3623): ProductController->renderPartial()
#3 C:\wamp\www\bitbucket_publicidad\protected\controllers\ProductController.php(89): ProductController->render()
#4 unknown(0): ProductController->actionDetail()
#5 C:\wamp\www\yii\framework\yiilite.php(3872): ReflectionMethod->invokeArgs()
#6 C:\wamp\www\yii\framework\yiilite.php(3889): CInlineAction->runWithParamsInternal()
#7 C:\wamp\www\yii\framework\yiilite.php(3403): CInlineAction->runWithParams()
#8 C:\wamp\www\yii\framework\yiilite.php(6405): ProductController->runAction()
#9 C:\wamp\www\yii\framework\yiilite.php(6414): CFilterChain->run()
#10 C:\wamp\www\yii\framework\yiilite.php(3781): CAccessControlFilter->filter()
#11 C:\wamp\www\yii\framework\yiilite.php(6447): ProductController->filterAccessControl()
#12 C:\wamp\www\yii\framework\yiilite.php(6402): CInlineFilter->filter()
#13 C:\wamp\www\yii\framework\yiilite.php(3393): CFilterChain->run()
#14 C:\wamp\www\yii\framework\yiilite.php(3378): ProductController->runActionWithFilters()
#15 C:\wamp\www\yii\framework\yiilite.php(1725): ProductController->run()
#16 C:\wamp\www\yii\framework\yiilite.php(1645): CWebApplication->runController()
#17 C:\wamp\www\yii\framework\yiilite.php(1170): CWebApplication->processRequest()
#18 C:\wamp\www\bitbucket_publicidad\index.php(24): CWebApplication->run()
REQUEST_URI=/bitbucket_publicidad/index.php/product/detail/1
2014/09/30 04:49:13 [error] [php] Trying to get property of non-object (C:\wamp\www\bitbucket_publicidad\protected\components\Product\CFiltro.php:98)
Stack trace:
#0 C:\wamp\www\yii\framework\yiilite.php(3252): require()
#1 C:\wamp\www\yii\framework\yiilite.php(3231): SiteController->renderInternal()
#2 C:\wamp\www\yii\framework\yiilite.php(3625): SiteController->renderFile()
#3 C:\wamp\www\bitbucket_publicidad\protected\controllers\SiteController.php(197): SiteController->render()
#4 unknown(0): SiteController->actionSearch()
#5 C:\wamp\www\yii\framework\yiilite.php(3872): ReflectionMethod->invokeArgs()
#6 C:\wamp\www\yii\framework\yiilite.php(3889): CInlineAction->runWithParamsInternal()
#7 C:\wamp\www\yii\framework\yiilite.php(3403): CInlineAction->runWithParams()
#8 C:\wamp\www\yii\framework\yiilite.php(6405): SiteController->runAction()
#9 C:\wamp\www\yii\framework\yiilite.php(6414): CFilterChain->run()
#10 C:\wamp\www\yii\framework\yiilite.php(3781): CAccessControlFilter->filter()
#11 C:\wamp\www\yii\framework\yiilite.php(6447): SiteController->filterAccessControl()
#12 C:\wamp\www\yii\framework\yiilite.php(6402): CInlineFilter->filter()
#13 C:\wamp\www\yii\framework\yiilite.php(3393): CFilterChain->run()
#14 C:\wamp\www\yii\framework\yiilite.php(3378): SiteController->runActionWithFilters()
#15 C:\wamp\www\yii\framework\yiilite.php(1725): SiteController->run()
#16 C:\wamp\www\yii\framework\yiilite.php(1645): CWebApplication->runController()
#17 C:\wamp\www\yii\framework\yiilite.php(1170): CWebApplication->processRequest()
#18 C:\wamp\www\bitbucket_publicidad\index.php(24): CWebApplication->run()
REQUEST_URI=/bitbucket_publicidad/index.php/site/search/token/cortinas
2014/09/30 04:56:33 [error] [php] Trying to get property of non-object (C:\wamp\www\bitbucket_publicidad\protected\components\Product\CFiltro.php:98)
Stack trace:
#0 C:\wamp\www\yii\framework\yiilite.php(3252): require()
#1 C:\wamp\www\yii\framework\yiilite.php(3231): SiteController->renderInternal()
#2 C:\wamp\www\yii\framework\yiilite.php(3625): SiteController->renderFile()
#3 C:\wamp\www\bitbucket_publicidad\protected\controllers\SiteController.php(197): SiteController->render()
#4 unknown(0): SiteController->actionSearch()
#5 C:\wamp\www\yii\framework\yiilite.php(3872): ReflectionMethod->invokeArgs()
#6 C:\wamp\www\yii\framework\yiilite.php(3889): CInlineAction->runWithParamsInternal()
#7 C:\wamp\www\yii\framework\yiilite.php(3403): CInlineAction->runWithParams()
#8 C:\wamp\www\yii\framework\yiilite.php(6405): SiteController->runAction()
#9 C:\wamp\www\yii\framework\yiilite.php(6414): CFilterChain->run()
#10 C:\wamp\www\yii\framework\yiilite.php(3781): CAccessControlFilter->filter()
#11 C:\wamp\www\yii\framework\yiilite.php(6447): SiteController->filterAccessControl()
#12 C:\wamp\www\yii\framework\yiilite.php(6402): CInlineFilter->filter()
#13 C:\wamp\www\yii\framework\yiilite.php(3393): CFilterChain->run()
#14 C:\wamp\www\yii\framework\yiilite.php(3378): SiteController->runActionWithFilters()
#15 C:\wamp\www\yii\framework\yiilite.php(1725): SiteController->run()
#16 C:\wamp\www\yii\framework\yiilite.php(1645): CWebApplication->runController()
#17 C:\wamp\www\yii\framework\yiilite.php(1170): CWebApplication->processRequest()
#18 C:\wamp\www\bitbucket_publicidad\index.php(24): CWebApplication->run()
REQUEST_URI=/bitbucket_publicidad/index.php/site/search/token/cortinas
2014/09/30 04:56:44 [error] [php] Trying to get property of non-object (C:\wamp\www\bitbucket_publicidad\protected\components\Product\CFiltro.php:98)
Stack trace:
#0 C:\wamp\www\yii\framework\yiilite.php(3252): require()
#1 C:\wamp\www\yii\framework\yiilite.php(3231): SiteController->renderInternal()
#2 C:\wamp\www\yii\framework\yiilite.php(3625): SiteController->renderFile()
#3 C:\wamp\www\bitbucket_publicidad\protected\controllers\SiteController.php(197): SiteController->render()
#4 unknown(0): SiteController->actionSearch()
#5 C:\wamp\www\yii\framework\yiilite.php(3872): ReflectionMethod->invokeArgs()
#6 C:\wamp\www\yii\framework\yiilite.php(3889): CInlineAction->runWithParamsInternal()
#7 C:\wamp\www\yii\framework\yiilite.php(3403): CInlineAction->runWithParams()
#8 C:\wamp\www\yii\framework\yiilite.php(6405): SiteController->runAction()
#9 C:\wamp\www\yii\framework\yiilite.php(6414): CFilterChain->run()
#10 C:\wamp\www\yii\framework\yiilite.php(3781): CAccessControlFilter->filter()
#11 C:\wamp\www\yii\framework\yiilite.php(6447): SiteController->filterAccessControl()
#12 C:\wamp\www\yii\framework\yiilite.php(6402): CInlineFilter->filter()
#13 C:\wamp\www\yii\framework\yiilite.php(3393): CFilterChain->run()
#14 C:\wamp\www\yii\framework\yiilite.php(3378): SiteController->runActionWithFilters()
#15 C:\wamp\www\yii\framework\yiilite.php(1725): SiteController->run()
#16 C:\wamp\www\yii\framework\yiilite.php(1645): CWebApplication->runController()
#17 C:\wamp\www\yii\framework\yiilite.php(1170): CWebApplication->processRequest()
#18 C:\wamp\www\bitbucket_publicidad\index.php(24): CWebApplication->run()
REQUEST_URI=/bitbucket_publicidad/index.php/site/search/token/cortinas
2014/09/30 04:56:52 [error] [php] Trying to get property of non-object (C:\wamp\www\bitbucket_publicidad\protected\components\Product\CFiltro.php:98)
Stack trace:
#0 C:\wamp\www\yii\framework\yiilite.php(3252): require()
#1 C:\wamp\www\yii\framework\yiilite.php(3231): SiteController->renderInternal()
#2 C:\wamp\www\yii\framework\yiilite.php(3625): SiteController->renderFile()
#3 C:\wamp\www\bitbucket_publicidad\protected\controllers\SiteController.php(197): SiteController->render()
#4 unknown(0): SiteController->actionSearch()
#5 C:\wamp\www\yii\framework\yiilite.php(3872): ReflectionMethod->invokeArgs()
#6 C:\wamp\www\yii\framework\yiilite.php(3889): CInlineAction->runWithParamsInternal()
#7 C:\wamp\www\yii\framework\yiilite.php(3403): CInlineAction->runWithParams()
#8 C:\wamp\www\yii\framework\yiilite.php(6405): SiteController->runAction()
#9 C:\wamp\www\yii\framework\yiilite.php(6414): CFilterChain->run()
#10 C:\wamp\www\yii\framework\yiilite.php(3781): CAccessControlFilter->filter()
#11 C:\wamp\www\yii\framework\yiilite.php(6447): SiteController->filterAccessControl()
#12 C:\wamp\www\yii\framework\yiilite.php(6402): CInlineFilter->filter()
#13 C:\wamp\www\yii\framework\yiilite.php(3393): CFilterChain->run()
#14 C:\wamp\www\yii\framework\yiilite.php(3378): SiteController->runActionWithFilters()
#15 C:\wamp\www\yii\framework\yiilite.php(1725): SiteController->run()
#16 C:\wamp\www\yii\framework\yiilite.php(1645): CWebApplication->runController()
#17 C:\wamp\www\yii\framework\yiilite.php(1170): CWebApplication->processRequest()
#18 C:\wamp\www\bitbucket_publicidad\index.php(24): CWebApplication->run()
REQUEST_URI=/bitbucket_publicidad/index.php/site/search/token/cortinas
2014/09/30 04:58:31 [error] [php] Trying to get property of non-object (C:\wamp\www\bitbucket_publicidad\protected\components\Product\CFiltro.php:98)
Stack trace:
#0 C:\wamp\www\yii\framework\yiilite.php(3252): require()
#1 C:\wamp\www\yii\framework\yiilite.php(3231): SiteController->renderInternal()
#2 C:\wamp\www\yii\framework\yiilite.php(3625): SiteController->renderFile()
#3 C:\wamp\www\bitbucket_publicidad\protected\controllers\SiteController.php(197): SiteController->render()
#4 unknown(0): SiteController->actionSearch()
#5 C:\wamp\www\yii\framework\yiilite.php(3872): ReflectionMethod->invokeArgs()
#6 C:\wamp\www\yii\framework\yiilite.php(3889): CInlineAction->runWithParamsInternal()
#7 C:\wamp\www\yii\framework\yiilite.php(3403): CInlineAction->runWithParams()
#8 C:\wamp\www\yii\framework\yiilite.php(6405): SiteController->runAction()
#9 C:\wamp\www\yii\framework\yiilite.php(6414): CFilterChain->run()
#10 C:\wamp\www\yii\framework\yiilite.php(3781): CAccessControlFilter->filter()
#11 C:\wamp\www\yii\framework\yiilite.php(6447): SiteController->filterAccessControl()
#12 C:\wamp\www\yii\framework\yiilite.php(6402): CInlineFilter->filter()
#13 C:\wamp\www\yii\framework\yiilite.php(3393): CFilterChain->run()
#14 C:\wamp\www\yii\framework\yiilite.php(3378): SiteController->runActionWithFilters()
#15 C:\wamp\www\yii\framework\yiilite.php(1725): SiteController->run()
#16 C:\wamp\www\yii\framework\yiilite.php(1645): CWebApplication->runController()
#17 C:\wamp\www\yii\framework\yiilite.php(1170): CWebApplication->processRequest()
#18 C:\wamp\www\bitbucket_publicidad\index.php(24): CWebApplication->run()
REQUEST_URI=/bitbucket_publicidad/index.php/site/search/token/cortinas
2014/09/30 05:01:12 [error] [php] Trying to get property of non-object (C:\wamp\www\bitbucket_publicidad\protected\components\Product\CFiltro.php:98)
Stack trace:
#0 C:\wamp\www\yii\framework\yiilite.php(3252): require()
#1 C:\wamp\www\yii\framework\yiilite.php(3231): SiteController->renderInternal()
#2 C:\wamp\www\yii\framework\yiilite.php(3625): SiteController->renderFile()
#3 C:\wamp\www\bitbucket_publicidad\protected\controllers\SiteController.php(197): SiteController->render()
#4 unknown(0): SiteController->actionSearch()
#5 C:\wamp\www\yii\framework\yiilite.php(3872): ReflectionMethod->invokeArgs()
#6 C:\wamp\www\yii\framework\yiilite.php(3889): CInlineAction->runWithParamsInternal()
#7 C:\wamp\www\yii\framework\yiilite.php(3403): CInlineAction->runWithParams()
#8 C:\wamp\www\yii\framework\yiilite.php(6405): SiteController->runAction()
#9 C:\wamp\www\yii\framework\yiilite.php(6414): CFilterChain->run()
#10 C:\wamp\www\yii\framework\yiilite.php(3781): CAccessControlFilter->filter()
#11 C:\wamp\www\yii\framework\yiilite.php(6447): SiteController->filterAccessControl()
#12 C:\wamp\www\yii\framework\yiilite.php(6402): CInlineFilter->filter()
#13 C:\wamp\www\yii\framework\yiilite.php(3393): CFilterChain->run()
#14 C:\wamp\www\yii\framework\yiilite.php(3378): SiteController->runActionWithFilters()
#15 C:\wamp\www\yii\framework\yiilite.php(1725): SiteController->run()
#16 C:\wamp\www\yii\framework\yiilite.php(1645): CWebApplication->runController()
#17 C:\wamp\www\yii\framework\yiilite.php(1170): CWebApplication->processRequest()
#18 C:\wamp\www\bitbucket_publicidad\index.php(24): CWebApplication->run()
REQUEST_URI=/bitbucket_publicidad/index.php/site/search/token/cocinas
2014/09/30 05:01:40 [error] [php] Trying to get property of non-object (C:\wamp\www\bitbucket_publicidad\protected\components\Product\CFiltro.php:98)
Stack trace:
#0 C:\wamp\www\yii\framework\yiilite.php(3252): require()
#1 C:\wamp\www\yii\framework\yiilite.php(3231): SiteController->renderInternal()
#2 C:\wamp\www\yii\framework\yiilite.php(3625): SiteController->renderFile()
#3 C:\wamp\www\bitbucket_publicidad\protected\controllers\SiteController.php(197): SiteController->render()
#4 unknown(0): SiteController->actionSearch()
#5 C:\wamp\www\yii\framework\yiilite.php(3872): ReflectionMethod->invokeArgs()
#6 C:\wamp\www\yii\framework\yiilite.php(3889): CInlineAction->runWithParamsInternal()
#7 C:\wamp\www\yii\framework\yiilite.php(3403): CInlineAction->runWithParams()
#8 C:\wamp\www\yii\framework\yiilite.php(6405): SiteController->runAction()
#9 C:\wamp\www\yii\framework\yiilite.php(6414): CFilterChain->run()
#10 C:\wamp\www\yii\framework\yiilite.php(3781): CAccessControlFilter->filter()
#11 C:\wamp\www\yii\framework\yiilite.php(6447): SiteController->filterAccessControl()
#12 C:\wamp\www\yii\framework\yiilite.php(6402): CInlineFilter->filter()
#13 C:\wamp\www\yii\framework\yiilite.php(3393): CFilterChain->run()
#14 C:\wamp\www\yii\framework\yiilite.php(3378): SiteController->runActionWithFilters()
#15 C:\wamp\www\yii\framework\yiilite.php(1725): SiteController->run()
#16 C:\wamp\www\yii\framework\yiilite.php(1645): CWebApplication->runController()
#17 C:\wamp\www\yii\framework\yiilite.php(1170): CWebApplication->processRequest()
#18 C:\wamp\www\bitbucket_publicidad\index.php(24): CWebApplication->run()
REQUEST_URI=/bitbucket_publicidad/index.php/site/search/token/cocinas
2014/09/30 05:01:43 [error] [php] Trying to get property of non-object (C:\wamp\www\bitbucket_publicidad\protected\components\Product\CFiltro.php:98)
Stack trace:
#0 C:\wamp\www\yii\framework\yiilite.php(3252): require()
#1 C:\wamp\www\yii\framework\yiilite.php(3231): SiteController->renderInternal()
#2 C:\wamp\www\yii\framework\yiilite.php(3625): SiteController->renderFile()
#3 C:\wamp\www\bitbucket_publicidad\protected\controllers\SiteController.php(197): SiteController->render()
#4 unknown(0): SiteController->actionSearch()
#5 C:\wamp\www\yii\framework\yiilite.php(3872): ReflectionMethod->invokeArgs()
#6 C:\wamp\www\yii\framework\yiilite.php(3889): CInlineAction->runWithParamsInternal()
#7 C:\wamp\www\yii\framework\yiilite.php(3403): CInlineAction->runWithParams()
#8 C:\wamp\www\yii\framework\yiilite.php(6405): SiteController->runAction()
#9 C:\wamp\www\yii\framework\yiilite.php(6414): CFilterChain->run()
#10 C:\wamp\www\yii\framework\yiilite.php(3781): CAccessControlFilter->filter()
#11 C:\wamp\www\yii\framework\yiilite.php(6447): SiteController->filterAccessControl()
#12 C:\wamp\www\yii\framework\yiilite.php(6402): CInlineFilter->filter()
#13 C:\wamp\www\yii\framework\yiilite.php(3393): CFilterChain->run()
#14 C:\wamp\www\yii\framework\yiilite.php(3378): SiteController->runActionWithFilters()
#15 C:\wamp\www\yii\framework\yiilite.php(1725): SiteController->run()
#16 C:\wamp\www\yii\framework\yiilite.php(1645): CWebApplication->runController()
#17 C:\wamp\www\yii\framework\yiilite.php(1170): CWebApplication->processRequest()
#18 C:\wamp\www\bitbucket_publicidad\index.php(24): CWebApplication->run()
REQUEST_URI=/bitbucket_publicidad/index.php/site/search/token/cocinas
2014/09/30 05:02:37 [error] [exception.CException] exception 'CException' with message 'SiteController no ha podido encontrar la vista "main" solicitada.' in C:\wamp\www\yii\framework\yiilite.php:3664
Stack trace:
#0 C:\wamp\www\yii\framework\yiilite.php(3623): CController->renderPartial('main', Array, true)
#1 C:\wamp\www\bitbucket_publicidad\protected\controllers\SiteController.php(82): CController->render('main', Array)
#2 C:\wamp\www\yii\framework\yiilite.php(3891): SiteController->actionIndex()
#3 C:\wamp\www\yii\framework\yiilite.php(3403): CInlineAction->runWithParams(Array)
#4 C:\wamp\www\yii\framework\yiilite.php(6405): CController->runAction(Object(CInlineAction))
#5 C:\wamp\www\yii\framework\yiilite.php(6414): CFilterChain->run()
#6 C:\wamp\www\yii\framework\yiilite.php(3781): CFilter->filter(Object(CFilterChain))
#7 C:\wamp\www\yii\framework\yiilite.php(6447): CController->filterAccessControl(Object(CFilterChain))
#8 C:\wamp\www\yii\framework\yiilite.php(6402): CInlineFilter->filter(Object(CFilterChain))
#9 C:\wamp\www\yii\framework\yiilite.php(3393): CFilterChain->run()
#10 C:\wamp\www\yii\framework\yiilite.php(3378): CController->runActionWithFilters(Object(CInlineAction), Array)
#11 C:\wamp\www\yii\framework\yiilite.php(1725): CController->run('')
#12 C:\wamp\www\yii\framework\yiilite.php(1645): CWebApplication->runController('')
#13 C:\wamp\www\yii\framework\yiilite.php(1170): CWebApplication->processRequest()
#14 C:\wamp\www\bitbucket_publicidad\index.php(24): CApplication->run()
#15 {main}
REQUEST_URI=/bitbucket_publicidad/index.php
---
2014/09/30 05:02:50 [error] [exception.CException] exception 'CException' with message 'SiteController no ha podido encontrar la vista "main" solicitada.' in C:\wamp\www\yii\framework\yiilite.php:3664
Stack trace:
#0 C:\wamp\www\yii\framework\yiilite.php(3623): CController->renderPartial('main', Array, true)
#1 C:\wamp\www\bitbucket_publicidad\protected\controllers\SiteController.php(82): CController->render('main', Array)
#2 C:\wamp\www\yii\framework\yiilite.php(3891): SiteController->actionIndex()
#3 C:\wamp\www\yii\framework\yiilite.php(3403): CInlineAction->runWithParams(Array)
#4 C:\wamp\www\yii\framework\yiilite.php(6405): CController->runAction(Object(CInlineAction))
#5 C:\wamp\www\yii\framework\yiilite.php(6414): CFilterChain->run()
#6 C:\wamp\www\yii\framework\yiilite.php(3781): CFilter->filter(Object(CFilterChain))
#7 C:\wamp\www\yii\framework\yiilite.php(6447): CController->filterAccessControl(Object(CFilterChain))
#8 C:\wamp\www\yii\framework\yiilite.php(6402): CInlineFilter->filter(Object(CFilterChain))
#9 C:\wamp\www\yii\framework\yiilite.php(3393): CFilterChain->run()
#10 C:\wamp\www\yii\framework\yiilite.php(3378): CController->runActionWithFilters(Object(CInlineAction), Array)
#11 C:\wamp\www\yii\framework\yiilite.php(1725): CController->run('')
#12 C:\wamp\www\yii\framework\yiilite.php(1645): CWebApplication->runController('')
#13 C:\wamp\www\yii\framework\yiilite.php(1170): CWebApplication->processRequest()
#14 C:\wamp\www\bitbucket_publicidad\index.php(24): CApplication->run()
#15 {main}
REQUEST_URI=/bitbucket_publicidad/index.php
---
2014/09/30 05:04:41 [error] [exception.CException] exception 'CException' with message 'SiteController no ha podido encontrar la vista "main" solicitada.' in C:\wamp\www\yii\framework\yiilite.php:3664
Stack trace:
#0 C:\wamp\www\yii\framework\yiilite.php(3623): CController->renderPartial('main', Array, true)
#1 C:\wamp\www\bitbucket_publicidad\protected\controllers\SiteController.php(85): CController->render('main', Array)
#2 C:\wamp\www\yii\framework\yiilite.php(3891): SiteController->actionIndex()
#3 C:\wamp\www\yii\framework\yiilite.php(3403): CInlineAction->runWithParams(Array)
#4 C:\wamp\www\yii\framework\yiilite.php(6405): CController->runAction(Object(CInlineAction))
#5 C:\wamp\www\yii\framework\yiilite.php(6414): CFilterChain->run()
#6 C:\wamp\www\yii\framework\yiilite.php(3781): CFilter->filter(Object(CFilterChain))
#7 C:\wamp\www\yii\framework\yiilite.php(6447): CController->filterAccessControl(Object(CFilterChain))
#8 C:\wamp\www\yii\framework\yiilite.php(6402): CInlineFilter->filter(Object(CFilterChain))
#9 C:\wamp\www\yii\framework\yiilite.php(3393): CFilterChain->run()
#10 C:\wamp\www\yii\framework\yiilite.php(3378): CController->runActionWithFilters(Object(CInlineAction), Array)
#11 C:\wamp\www\yii\framework\yiilite.php(1725): CController->run('')
#12 C:\wamp\www\yii\framework\yiilite.php(1645): CWebApplication->runController('')
#13 C:\wamp\www\yii\framework\yiilite.php(1170): CWebApplication->processRequest()
#14 C:\wamp\www\bitbucket_publicidad\index.php(24): CApplication->run()
#15 {main}
REQUEST_URI=/bitbucket_publicidad/index.php
---
2014/09/30 05:05:54 [error] [php] Trying to get property of non-object (C:\wamp\www\bitbucket_publicidad\protected\components\Product\CFiltro.php:98)
Stack trace:
#0 C:\wamp\www\yii\framework\yiilite.php(3252): require()
#1 C:\wamp\www\yii\framework\yiilite.php(3231): SiteController->renderInternal()
#2 C:\wamp\www\yii\framework\yiilite.php(3625): SiteController->renderFile()
#3 C:\wamp\www\bitbucket_publicidad\protected\controllers\SiteController.php(200): SiteController->render()
#4 unknown(0): SiteController->actionSearch()
#5 C:\wamp\www\yii\framework\yiilite.php(3872): ReflectionMethod->invokeArgs()
#6 C:\wamp\www\yii\framework\yiilite.php(3889): CInlineAction->runWithParamsInternal()
#7 C:\wamp\www\yii\framework\yiilite.php(3403): CInlineAction->runWithParams()
#8 C:\wamp\www\yii\framework\yiilite.php(6405): SiteController->runAction()
#9 C:\wamp\www\yii\framework\yiilite.php(6414): CFilterChain->run()
#10 C:\wamp\www\yii\framework\yiilite.php(3781): CAccessControlFilter->filter()
#11 C:\wamp\www\yii\framework\yiilite.php(6447): SiteController->filterAccessControl()
#12 C:\wamp\www\yii\framework\yiilite.php(6402): CInlineFilter->filter()
#13 C:\wamp\www\yii\framework\yiilite.php(3393): CFilterChain->run()
#14 C:\wamp\www\yii\framework\yiilite.php(3378): SiteController->runActionWithFilters()
#15 C:\wamp\www\yii\framework\yiilite.php(1725): SiteController->run()
#16 C:\wamp\www\yii\framework\yiilite.php(1645): CWebApplication->runController()
#17 C:\wamp\www\yii\framework\yiilite.php(1170): CWebApplication->processRequest()
#18 C:\wamp\www\bitbucket_publicidad\index.php(24): CWebApplication->run()
REQUEST_URI=/bitbucket_publicidad/index.php/site/search/token/cocinas
2014/09/30 05:09:13 [error] [php] Trying to get property of non-object (C:\wamp\www\bitbucket_publicidad\protected\components\Product\CFiltro.php:98)
Stack trace:
#0 C:\wamp\www\yii\framework\yiilite.php(3252): require()
#1 C:\wamp\www\yii\framework\yiilite.php(3231): SiteController->renderInternal()
#2 C:\wamp\www\yii\framework\yiilite.php(3625): SiteController->renderFile()
#3 C:\wamp\www\bitbucket_publicidad\protected\controllers\SiteController.php(200): SiteController->render()
#4 unknown(0): SiteController->actionSearch()
#5 C:\wamp\www\yii\framework\yiilite.php(3872): ReflectionMethod->invokeArgs()
#6 C:\wamp\www\yii\framework\yiilite.php(3889): CInlineAction->runWithParamsInternal()
#7 C:\wamp\www\yii\framework\yiilite.php(3403): CInlineAction->runWithParams()
#8 C:\wamp\www\yii\framework\yiilite.php(6405): SiteController->runAction()
#9 C:\wamp\www\yii\framework\yiilite.php(6414): CFilterChain->run()
#10 C:\wamp\www\yii\framework\yiilite.php(3781): CAccessControlFilter->filter()
#11 C:\wamp\www\yii\framework\yiilite.php(6447): SiteController->filterAccessControl()
#12 C:\wamp\www\yii\framework\yiilite.php(6402): CInlineFilter->filter()
#13 C:\wamp\www\yii\framework\yiilite.php(3393): CFilterChain->run()
#14 C:\wamp\www\yii\framework\yiilite.php(3378): SiteController->runActionWithFilters()
#15 C:\wamp\www\yii\framework\yiilite.php(1725): SiteController->run()
#16 C:\wamp\www\yii\framework\yiilite.php(1645): CWebApplication->runController()
#17 C:\wamp\www\yii\framework\yiilite.php(1170): CWebApplication->processRequest()
#18 C:\wamp\www\bitbucket_publicidad\index.php(24): CWebApplication->run()
REQUEST_URI=/bitbucket_publicidad/index.php?r=site/search&token=cocinas
2014/09/30 05:10:56 [error] [php] Trying to get property of non-object (C:\wamp\www\bitbucket_publicidad\protected\components\Product\CFiltro.php:98)
Stack trace:
#0 C:\wamp\www\yii\framework\yiilite.php(3252): require()
#1 C:\wamp\www\yii\framework\yiilite.php(3231): SiteController->renderInternal()
#2 C:\wamp\www\yii\framework\yiilite.php(3625): SiteController->renderFile()
#3 C:\wamp\www\bitbucket_publicidad\protected\controllers\SiteController.php(200): SiteController->render()
#4 unknown(0): SiteController->actionSearch()
#5 C:\wamp\www\yii\framework\yiilite.php(3872): ReflectionMethod->invokeArgs()
#6 C:\wamp\www\yii\framework\yiilite.php(3889): CInlineAction->runWithParamsInternal()
#7 C:\wamp\www\yii\framework\yiilite.php(3403): CInlineAction->runWithParams()
#8 C:\wamp\www\yii\framework\yiilite.php(6405): SiteController->runAction()
#9 C:\wamp\www\yii\framework\yiilite.php(6414): CFilterChain->run()
#10 C:\wamp\www\yii\framework\yiilite.php(3781): CAccessControlFilter->filter()
#11 C:\wamp\www\yii\framework\yiilite.php(6447): SiteController->filterAccessControl()
#12 C:\wamp\www\yii\framework\yiilite.php(6402): CInlineFilter->filter()
#13 C:\wamp\www\yii\framework\yiilite.php(3393): CFilterChain->run()
#14 C:\wamp\www\yii\framework\yiilite.php(3378): SiteController->runActionWithFilters()
#15 C:\wamp\www\yii\framework\yiilite.php(1725): SiteController->run()
#16 C:\wamp\www\yii\framework\yiilite.php(1645): CWebApplication->runController()
#17 C:\wamp\www\yii\framework\yiilite.php(1170): CWebApplication->processRequest()
#18 C:\wamp\www\bitbucket_publicidad\index.php(24): CWebApplication->run()
REQUEST_URI=/bitbucket_publicidad/index.php/site/search/token/cocinas
2014/09/30 05:11:40 [error] [php] Undefined variable: prm_brand (C:\wamp\www\bitbucket_publicidad\protected\components\Product\CFiltro.php:78)
Stack trace:
#0 C:\wamp\www\yii\framework\yiilite.php(3252): require()
#1 C:\wamp\www\yii\framework\yiilite.php(3231): SiteController->renderInternal()
#2 C:\wamp\www\yii\framework\yiilite.php(3625): SiteController->renderFile()
#3 C:\wamp\www\bitbucket_publicidad\protected\controllers\SiteController.php(200): SiteController->render()
#4 unknown(0): SiteController->actionSearch()
#5 C:\wamp\www\yii\framework\yiilite.php(3872): ReflectionMethod->invokeArgs()
#6 C:\wamp\www\yii\framework\yiilite.php(3889): CInlineAction->runWithParamsInternal()
#7 C:\wamp\www\yii\framework\yiilite.php(3403): CInlineAction->runWithParams()
#8 C:\wamp\www\yii\framework\yiilite.php(6405): SiteController->runAction()
#9 C:\wamp\www\yii\framework\yiilite.php(6414): CFilterChain->run()
#10 C:\wamp\www\yii\framework\yiilite.php(3781): CAccessControlFilter->filter()
#11 C:\wamp\www\yii\framework\yiilite.php(6447): SiteController->filterAccessControl()
#12 C:\wamp\www\yii\framework\yiilite.php(6402): CInlineFilter->filter()
#13 C:\wamp\www\yii\framework\yiilite.php(3393): CFilterChain->run()
#14 C:\wamp\www\yii\framework\yiilite.php(3378): SiteController->runActionWithFilters()
#15 C:\wamp\www\yii\framework\yiilite.php(1725): SiteController->run()
#16 C:\wamp\www\yii\framework\yiilite.php(1645): CWebApplication->runController()
#17 C:\wamp\www\yii\framework\yiilite.php(1170): CWebApplication->processRequest()
#18 C:\wamp\www\bitbucket_publicidad\index.php(24): CWebApplication->run()
REQUEST_URI=/bitbucket_publicidad/index.php/site/search/token/cocinas
2014/09/30 05:12:37 [error] [php] Trying to get property of non-object (C:\wamp\www\bitbucket_publicidad\protected\components\Product\CFiltro.php:99)
Stack trace:
#0 C:\wamp\www\yii\framework\yiilite.php(3252): require()
#1 C:\wamp\www\yii\framework\yiilite.php(3231): SiteController->renderInternal()
#2 C:\wamp\www\yii\framework\yiilite.php(3625): SiteController->renderFile()
#3 C:\wamp\www\bitbucket_publicidad\protected\controllers\SiteController.php(200): SiteController->render()
#4 unknown(0): SiteController->actionSearch()
#5 C:\wamp\www\yii\framework\yiilite.php(3872): ReflectionMethod->invokeArgs()
#6 C:\wamp\www\yii\framework\yiilite.php(3889): CInlineAction->runWithParamsInternal()
#7 C:\wamp\www\yii\framework\yiilite.php(3403): CInlineAction->runWithParams()
#8 C:\wamp\www\yii\framework\yiilite.php(6405): SiteController->runAction()
#9 C:\wamp\www\yii\framework\yiilite.php(6414): CFilterChain->run()
#10 C:\wamp\www\yii\framework\yiilite.php(3781): CAccessControlFilter->filter()
#11 C:\wamp\www\yii\framework\yiilite.php(6447): SiteController->filterAccessControl()
#12 C:\wamp\www\yii\framework\yiilite.php(6402): CInlineFilter->filter()
#13 C:\wamp\www\yii\framework\yiilite.php(3393): CFilterChain->run()
#14 C:\wamp\www\yii\framework\yiilite.php(3378): SiteController->runActionWithFilters()
#15 C:\wamp\www\yii\framework\yiilite.php(1725): SiteController->run()
#16 C:\wamp\www\yii\framework\yiilite.php(1645): CWebApplication->runController()
#17 C:\wamp\www\yii\framework\yiilite.php(1170): CWebApplication->processRequest()
#18 C:\wamp\www\bitbucket_publicidad\index.php(24): CWebApplication->run()
REQUEST_URI=/bitbucket_publicidad/index.php/site/search/token/cocinas
2014/09/30 07:19:47 [error] [system.db.CDbCommand] CDbCommand::execute() falló: SQLSTATE[42000]: Syntax error or access violation: 1064 You have an error in your SQL syntax; check the manual that corresponds to your MySQL server version for the right syntax to use near 'vol_user(username, password, email, profile)
						SELECT 'daniel',
							'f7' at line 1. La sentencia SQL ejecutada fue: INSERT INTOS vol_user(username, password, email, profile)
						SELECT 'daniel',
							'f700a6934e78cd908cb5665cd84f89318bfa2d43',
							'daniel@gmail.com',
							'admin'.
2014/09/30 07:25:19 [error] [system.db.CDbCommand] CDbCommand::execute() falló: SQLSTATE[42000]: Syntax error or access violation: 1064 You have an error in your SQL syntax; check the manual that corresponds to your MySQL server version for the right syntax to use near 'vol_user(username, password, email, profile)
						SELECT 'daniel',
							'f7' at line 1. La sentencia SQL ejecutada fue: INSERT INTOS vol_user(username, password, email, profile)
						SELECT 'daniel',
							'f700a6934e78cd908cb5665cd84f89318bfa2d43',
							'daniel@gmail.com',
							'admin'.
2014/09/30 07:28:01 [error] [system.db.CDbCommand] CDbCommand::execute() falló: SQLSTATE[42000]: Syntax error or access violation: 1064 You have an error in your SQL syntax; check the manual that corresponds to your MySQL server version for the right syntax to use near 'vol_user(username, password, email, profile)
						SELECT 'daniel',
							'f7' at line 1. La sentencia SQL ejecutada fue: INSERT INTOS vol_user(username, password, email, profile)
						SELECT 'daniel',
							'f700a6934e78cd908cb5665cd84f89318bfa2d43',
							'daniel@gmail.com',
							'admin'.
2014/09/30 07:38:16 [error] [system.db.CDbCommand] CDbCommand::execute() falló: SQLSTATE[42000]: Syntax error or access violation: 1064 You have an error in your SQL syntax; check the manual that corresponds to your MySQL server version for the right syntax to use near 'vol_user(username, password, email, profile)
						SELECT 'daniel',
							'f7' at line 1. La sentencia SQL ejecutada fue: INSERT INTOS vol_user(username, password, email, profile)
						SELECT 'daniel',
							'f700a6934e78cd908cb5665cd84f89318bfa2d43',
							'daniel@gmail.com',
							'admin'.
2014/09/30 07:39:17 [error] [system.db.CDbCommand] CDbCommand::execute() falló: SQLSTATE[42000]: Syntax error or access violation: 1064 You have an error in your SQL syntax; check the manual that corresponds to your MySQL server version for the right syntax to use near 'vol_user(username, password, email, profile)
						SELECT 'daniel',
							'f7' at line 1. La sentencia SQL ejecutada fue: INSERT INTOS vol_user(username, password, email, profile)
						SELECT 'daniel',
							'f700a6934e78cd908cb5665cd84f89318bfa2d43',
							'daniel@gmail.com',
							'admin'.
2015/01/16 06:13:28 [error] [php] Undefined variable: rows (C:\wamp\www\bitbucket_publicidad\themes\bootstrap\views\site\index.php:66)
Stack trace:
#0 C:\wamp\www\yii\framework\yiilite.php(3655): SiteController->renderFile()
#1 C:\wamp\www\yii\framework\yiilite.php(3623): SiteController->renderPartial()
#2 C:\wamp\www\bitbucket_publicidad\protected\controllers\SiteController.php(82): SiteController->render()
#3 C:\wamp\www\yii\framework\yiilite.php(3891): SiteController->actionIndex()
#4 C:\wamp\www\yii\framework\yiilite.php(3403): CInlineAction->runWithParams()
#5 C:\wamp\www\yii\framework\yiilite.php(6405): SiteController->runAction()
#6 C:\wamp\www\yii\framework\yiilite.php(6414): CFilterChain->run()
#7 C:\wamp\www\yii\framework\yiilite.php(3781): CAccessControlFilter->filter()
#8 C:\wamp\www\yii\framework\yiilite.php(6447): SiteController->filterAccessControl()
#9 C:\wamp\www\yii\framework\yiilite.php(6402): CInlineFilter->filter()
#10 C:\wamp\www\yii\framework\yiilite.php(3393): CFilterChain->run()
#11 C:\wamp\www\yii\framework\yiilite.php(3378): SiteController->runActionWithFilters()
#12 C:\wamp\www\yii\framework\yiilite.php(1725): SiteController->run()
#13 C:\wamp\www\yii\framework\yiilite.php(1645): CWebApplication->runController()
#14 C:\wamp\www\yii\framework\yiilite.php(1170): CWebApplication->processRequest()
#15 C:\wamp\www\bitbucket_publicidad\index.php(24): CWebApplication->run()
REQUEST_URI=/bitbucket_publicidad/
2015/01/16 06:13:42 [error] [php] Undefined variable: rows (C:\wamp\www\bitbucket_publicidad\themes\bootstrap\views\site\index.php:66)
Stack trace:
#0 C:\wamp\www\yii\framework\yiilite.php(3655): SiteController->renderFile()
#1 C:\wamp\www\yii\framework\yiilite.php(3623): SiteController->renderPartial()
#2 C:\wamp\www\bitbucket_publicidad\protected\controllers\SiteController.php(82): SiteController->render()
#3 C:\wamp\www\yii\framework\yiilite.php(3891): SiteController->actionIndex()
#4 C:\wamp\www\yii\framework\yiilite.php(3403): CInlineAction->runWithParams()
#5 C:\wamp\www\yii\framework\yiilite.php(6405): SiteController->runAction()
#6 C:\wamp\www\yii\framework\yiilite.php(6414): CFilterChain->run()
#7 C:\wamp\www\yii\framework\yiilite.php(3781): CAccessControlFilter->filter()
#8 C:\wamp\www\yii\framework\yiilite.php(6447): SiteController->filterAccessControl()
#9 C:\wamp\www\yii\framework\yiilite.php(6402): CInlineFilter->filter()
#10 C:\wamp\www\yii\framework\yiilite.php(3393): CFilterChain->run()
#11 C:\wamp\www\yii\framework\yiilite.php(3378): SiteController->runActionWithFilters()
#12 C:\wamp\www\yii\framework\yiilite.php(1725): SiteController->run()
#13 C:\wamp\www\yii\framework\yiilite.php(1645): CWebApplication->runController()
#14 C:\wamp\www\yii\framework\yiilite.php(1170): CWebApplication->processRequest()
#15 C:\wamp\www\bitbucket_publicidad\index.php(24): CWebApplication->run()
REQUEST_URI=/bitbucket_publicidad/
2015/01/16 06:36:41 [error] [exception.CException] exception 'CException' with message 'Propiedad "CTheme"."urlBase" no se encuentra definida.' in C:\wamp\www\yii\framework\yiilite.php:600
Stack trace:
#0 C:\wamp\www\bitbucket_publicidad\themes\bootstrap\views\site\index.php(92): CComponent->__get('urlBase')
#1 C:\wamp\www\yii\framework\yiilite.php(3252): require('C:\wamp\www\bit...')
#2 C:\wamp\www\yii\framework\yiilite.php(3231): CBaseController->renderInternal('C:\wamp\www\bit...', Array, true)
#3 C:\wamp\www\yii\framework\yiilite.php(3655): CBaseController->renderFile('C:\wamp\www\bit...', Array, true)
#4 C:\wamp\www\yii\framework\yiilite.php(3623): CController->renderPartial('index', Array, true)
#5 C:\wamp\www\bitbucket_publicidad\protected\controllers\SiteController.php(82): CController->render('index', Array)
#6 C:\wamp\www\yii\framework\yiilite.php(3891): SiteController->actionIndex()
#7 C:\wamp\www\yii\framework\yiilite.php(3403): CInlineAction->runWithParams(Array)
#8 C:\wamp\www\yii\framework\yiilite.php(6405): CController->runAction(Object(CInlineAction))
#9 C:\wamp\www\yii\framework\yiilite.php(6414): CFilterChain->run()
#10 C:\wamp\www\yii\framework\yiilite.php(3781): CFilter->filter(Object(CFilterChain))
#11 C:\wamp\www\yii\framework\yiilite.php(6447): CController->filterAccessControl(Object(CFilterChain))
#12 C:\wamp\www\yii\framework\yiilite.php(6402): CInlineFilter->filter(Object(CFilterChain))
#13 C:\wamp\www\yii\framework\yiilite.php(3393): CFilterChain->run()
#14 C:\wamp\www\yii\framework\yiilite.php(3378): CController->runActionWithFilters(Object(CInlineAction), Array)
#15 C:\wamp\www\yii\framework\yiilite.php(1725): CController->run('')
#16 C:\wamp\www\yii\framework\yiilite.php(1645): CWebApplication->runController('')
#17 C:\wamp\www\yii\framework\yiilite.php(1170): CWebApplication->processRequest()
#18 C:\wamp\www\bitbucket_publicidad\index.php(24): CApplication->run()
#19 {main}
REQUEST_URI=/bitbucket_publicidad/
---
2015/01/16 06:36:55 [error] [exception.CException] exception 'CException' with message 'Propiedad "CTheme"."urlBase" no se encuentra definida.' in C:\wamp\www\yii\framework\yiilite.php:600
Stack trace:
#0 C:\wamp\www\bitbucket_publicidad\themes\bootstrap\views\site\index.php(92): CComponent->__get('urlBase')
#1 C:\wamp\www\yii\framework\yiilite.php(3252): require('C:\wamp\www\bit...')
#2 C:\wamp\www\yii\framework\yiilite.php(3231): CBaseController->renderInternal('C:\wamp\www\bit...', Array, true)
#3 C:\wamp\www\yii\framework\yiilite.php(3655): CBaseController->renderFile('C:\wamp\www\bit...', Array, true)
#4 C:\wamp\www\yii\framework\yiilite.php(3623): CController->renderPartial('index', Array, true)
#5 C:\wamp\www\bitbucket_publicidad\protected\controllers\SiteController.php(82): CController->render('index', Array)
#6 C:\wamp\www\yii\framework\yiilite.php(3891): SiteController->actionIndex()
#7 C:\wamp\www\yii\framework\yiilite.php(3403): CInlineAction->runWithParams(Array)
#8 C:\wamp\www\yii\framework\yiilite.php(6405): CController->runAction(Object(CInlineAction))
#9 C:\wamp\www\yii\framework\yiilite.php(6414): CFilterChain->run()
#10 C:\wamp\www\yii\framework\yiilite.php(3781): CFilter->filter(Object(CFilterChain))
#11 C:\wamp\www\yii\framework\yiilite.php(6447): CController->filterAccessControl(Object(CFilterChain))
#12 C:\wamp\www\yii\framework\yiilite.php(6402): CInlineFilter->filter(Object(CFilterChain))
#13 C:\wamp\www\yii\framework\yiilite.php(3393): CFilterChain->run()
#14 C:\wamp\www\yii\framework\yiilite.php(3378): CController->runActionWithFilters(Object(CInlineAction), Array)
#15 C:\wamp\www\yii\framework\yiilite.php(1725): CController->run('')
#16 C:\wamp\www\yii\framework\yiilite.php(1645): CWebApplication->runController('')
#17 C:\wamp\www\yii\framework\yiilite.php(1170): CWebApplication->processRequest()
#18 C:\wamp\www\bitbucket_publicidad\index.php(24): CApplication->run()
#19 {main}
REQUEST_URI=/bitbucket_publicidad/
---
2015/01/16 15:39:30 [error] [php] include(UserModule.php): failed to open stream: No such file or directory (C:\wamp\www\yii\framework\yiilite.php:238)
Stack trace:
#0 C:\wamp\www\bitbucket_publicidad\protected\views\site\registration.php(26): spl_autoload_call()
#1 C:\wamp\www\yii\framework\yiilite.php(3252): require()
#2 C:\wamp\www\yii\framework\yiilite.php(3231): SiteController->renderInternal()
#3 C:\wamp\www\yii\framework\yiilite.php(3655): SiteController->renderFile()
#4 C:\wamp\www\yii\framework\yiilite.php(3623): SiteController->renderPartial()
#5 C:\wamp\www\bitbucket_publicidad\protected\controllers\SiteController.php(216): SiteController->render()
#6 C:\wamp\www\yii\framework\yiilite.php(3891): SiteController->actionAddUser()
#7 C:\wamp\www\yii\framework\yiilite.php(3403): CInlineAction->runWithParams()
#8 C:\wamp\www\yii\framework\yiilite.php(6405): SiteController->runAction()
#9 C:\wamp\www\yii\framework\yiilite.php(6414): CFilterChain->run()
#10 C:\wamp\www\yii\framework\yiilite.php(3781): CAccessControlFilter->filter()
#11 C:\wamp\www\yii\framework\yiilite.php(6447): SiteController->filterAccessControl()
#12 C:\wamp\www\yii\framework\yiilite.php(6402): CInlineFilter->filter()
#13 C:\wamp\www\yii\framework\yiilite.php(3393): CFilterChain->run()
#14 C:\wamp\www\yii\framework\yiilite.php(3378): SiteController->runActionWithFilters()
#15 C:\wamp\www\yii\framework\yiilite.php(1725): SiteController->run()
#16 C:\wamp\www\yii\framework\yiilite.php(1645): CWebApplication->runController()
#17 C:\wamp\www\yii\framework\yiilite.php(1170): CWebApplication->processRequest()
#18 C:\wamp\www\bitbucket_publicidad\index.php(24): CWebApplication->run()
REQUEST_URI=/bitbucket_publicidad/index.php/site/adduser
2015/01/16 15:40:26 [error] [php] include(UserModule.php): failed to open stream: No such file or directory (C:\wamp\www\yii\framework\yiilite.php:238)
Stack trace:
#0 C:\wamp\www\bitbucket_publicidad\protected\views\site\registration.php(26): spl_autoload_call()
#1 C:\wamp\www\yii\framework\yiilite.php(3252): require()
#2 C:\wamp\www\yii\framework\yiilite.php(3231): SiteController->renderInternal()
#3 C:\wamp\www\yii\framework\yiilite.php(3655): SiteController->renderFile()
#4 C:\wamp\www\yii\framework\yiilite.php(3623): SiteController->renderPartial()
#5 C:\wamp\www\bitbucket_publicidad\protected\controllers\SiteController.php(216): SiteController->render()
#6 C:\wamp\www\yii\framework\yiilite.php(3891): SiteController->actionAddUser()
#7 C:\wamp\www\yii\framework\yiilite.php(3403): CInlineAction->runWithParams()
#8 C:\wamp\www\yii\framework\yiilite.php(6405): SiteController->runAction()
#9 C:\wamp\www\yii\framework\yiilite.php(6414): CFilterChain->run()
#10 C:\wamp\www\yii\framework\yiilite.php(3781): CAccessControlFilter->filter()
#11 C:\wamp\www\yii\framework\yiilite.php(6447): SiteController->filterAccessControl()
#12 C:\wamp\www\yii\framework\yiilite.php(6402): CInlineFilter->filter()
#13 C:\wamp\www\yii\framework\yiilite.php(3393): CFilterChain->run()
#14 C:\wamp\www\yii\framework\yiilite.php(3378): SiteController->runActionWithFilters()
#15 C:\wamp\www\yii\framework\yiilite.php(1725): SiteController->run()
#16 C:\wamp\www\yii\framework\yiilite.php(1645): CWebApplication->runController()
#17 C:\wamp\www\yii\framework\yiilite.php(1170): CWebApplication->processRequest()
#18 C:\wamp\www\bitbucket_publicidad\index.php(24): CWebApplication->run()
REQUEST_URI=/bitbucket_publicidad/index.php/site/adduser
2015/01/16 15:40:44 [error] [php] include(UserModule.php): failed to open stream: No such file or directory (C:\wamp\www\yii\framework\yiilite.php:238)
Stack trace:
#0 C:\wamp\www\bitbucket_publicidad\protected\views\site\registration.php(26): spl_autoload_call()
#1 C:\wamp\www\yii\framework\yiilite.php(3252): require()
#2 C:\wamp\www\yii\framework\yiilite.php(3231): SiteController->renderInternal()
#3 C:\wamp\www\yii\framework\yiilite.php(3655): SiteController->renderFile()
#4 C:\wamp\www\yii\framework\yiilite.php(3623): SiteController->renderPartial()
#5 C:\wamp\www\bitbucket_publicidad\protected\controllers\SiteController.php(216): SiteController->render()
#6 C:\wamp\www\yii\framework\yiilite.php(3891): SiteController->actionAddUser()
#7 C:\wamp\www\yii\framework\yiilite.php(3403): CInlineAction->runWithParams()
#8 C:\wamp\www\yii\framework\yiilite.php(6405): SiteController->runAction()
#9 C:\wamp\www\yii\framework\yiilite.php(6414): CFilterChain->run()
#10 C:\wamp\www\yii\framework\yiilite.php(3781): CAccessControlFilter->filter()
#11 C:\wamp\www\yii\framework\yiilite.php(6447): SiteController->filterAccessControl()
#12 C:\wamp\www\yii\framework\yiilite.php(6402): CInlineFilter->filter()
#13 C:\wamp\www\yii\framework\yiilite.php(3393): CFilterChain->run()
#14 C:\wamp\www\yii\framework\yiilite.php(3378): SiteController->runActionWithFilters()
#15 C:\wamp\www\yii\framework\yiilite.php(1725): SiteController->run()
#16 C:\wamp\www\yii\framework\yiilite.php(1645): CWebApplication->runController()
#17 C:\wamp\www\yii\framework\yiilite.php(1170): CWebApplication->processRequest()
#18 C:\wamp\www\bitbucket_publicidad\index.php(24): CWebApplication->run()
REQUEST_URI=/bitbucket_publicidad/index.php/site/adduser
2015/01/16 15:42:24 [error] [php] include(UserModule.php): failed to open stream: No such file or directory (C:\wamp\www\yii\framework\yiilite.php:238)
Stack trace:
#0 C:\wamp\www\bitbucket_publicidad\protected\views\site\registration.php(26): spl_autoload_call()
#1 C:\wamp\www\yii\framework\yiilite.php(3252): require()
#2 C:\wamp\www\yii\framework\yiilite.php(3231): SiteController->renderInternal()
#3 C:\wamp\www\yii\framework\yiilite.php(3655): SiteController->renderFile()
#4 C:\wamp\www\yii\framework\yiilite.php(3623): SiteController->renderPartial()
#5 C:\wamp\www\bitbucket_publicidad\protected\controllers\SiteController.php(216): SiteController->render()
#6 C:\wamp\www\yii\framework\yiilite.php(3891): SiteController->actionAddUser()
#7 C:\wamp\www\yii\framework\yiilite.php(3403): CInlineAction->runWithParams()
#8 C:\wamp\www\yii\framework\yiilite.php(6405): SiteController->runAction()
#9 C:\wamp\www\yii\framework\yiilite.php(6414): CFilterChain->run()
#10 C:\wamp\www\yii\framework\yiilite.php(3781): CAccessControlFilter->filter()
#11 C:\wamp\www\yii\framework\yiilite.php(6447): SiteController->filterAccessControl()
#12 C:\wamp\www\yii\framework\yiilite.php(6402): CInlineFilter->filter()
#13 C:\wamp\www\yii\framework\yiilite.php(3393): CFilterChain->run()
#14 C:\wamp\www\yii\framework\yiilite.php(3378): SiteController->runActionWithFilters()
#15 C:\wamp\www\yii\framework\yiilite.php(1725): SiteController->run()
#16 C:\wamp\www\yii\framework\yiilite.php(1645): CWebApplication->runController()
#17 C:\wamp\www\yii\framework\yiilite.php(1170): CWebApplication->processRequest()
#18 C:\wamp\www\bitbucket_publicidad\index.php(24): CWebApplication->run()
REQUEST_URI=/bitbucket_publicidad/index.php/site/adduser
2015/01/16 15:42:42 [error] [php] Undefined variable: model (C:\wamp\www\bitbucket_publicidad\protected\views\site\registration.php:28)
Stack trace:
#0 C:\wamp\www\yii\framework\yiilite.php(3655): SiteController->renderFile()
#1 C:\wamp\www\yii\framework\yiilite.php(3623): SiteController->renderPartial()
#2 C:\wamp\www\bitbucket_publicidad\protected\controllers\SiteController.php(216): SiteController->render()
#3 C:\wamp\www\yii\framework\yiilite.php(3891): SiteController->actionAddUser()
#4 C:\wamp\www\yii\framework\yiilite.php(3403): CInlineAction->runWithParams()
#5 C:\wamp\www\yii\framework\yiilite.php(6405): SiteController->runAction()
#6 C:\wamp\www\yii\framework\yiilite.php(6414): CFilterChain->run()
#7 C:\wamp\www\yii\framework\yiilite.php(3781): CAccessControlFilter->filter()
#8 C:\wamp\www\yii\framework\yiilite.php(6447): SiteController->filterAccessControl()
#9 C:\wamp\www\yii\framework\yiilite.php(6402): CInlineFilter->filter()
#10 C:\wamp\www\yii\framework\yiilite.php(3393): CFilterChain->run()
#11 C:\wamp\www\yii\framework\yiilite.php(3378): SiteController->runActionWithFilters()
#12 C:\wamp\www\yii\framework\yiilite.php(1725): SiteController->run()
#13 C:\wamp\www\yii\framework\yiilite.php(1645): CWebApplication->runController()
#14 C:\wamp\www\yii\framework\yiilite.php(1170): CWebApplication->processRequest()
#15 C:\wamp\www\bitbucket_publicidad\index.php(24): CWebApplication->run()
REQUEST_URI=/bitbucket_publicidad/index.php/site/adduser
2015/01/16 15:45:03 [error] [php] Undefined variable: profile (C:\wamp\www\bitbucket_publicidad\protected\views\site\registration.php:28)
Stack trace:
#0 C:\wamp\www\yii\framework\yiilite.php(3655): SiteController->renderFile()
#1 C:\wamp\www\yii\framework\yiilite.php(3623): SiteController->renderPartial()
#2 C:\wamp\www\bitbucket_publicidad\protected\controllers\SiteController.php(218): SiteController->render()
#3 C:\wamp\www\yii\framework\yiilite.php(3891): SiteController->actionAddUser()
#4 C:\wamp\www\yii\framework\yiilite.php(3403): CInlineAction->runWithParams()
#5 C:\wamp\www\yii\framework\yiilite.php(6405): SiteController->runAction()
#6 C:\wamp\www\yii\framework\yiilite.php(6414): CFilterChain->run()
#7 C:\wamp\www\yii\framework\yiilite.php(3781): CAccessControlFilter->filter()
#8 C:\wamp\www\yii\framework\yiilite.php(6447): SiteController->filterAccessControl()
#9 C:\wamp\www\yii\framework\yiilite.php(6402): CInlineFilter->filter()
#10 C:\wamp\www\yii\framework\yiilite.php(3393): CFilterChain->run()
#11 C:\wamp\www\yii\framework\yiilite.php(3378): SiteController->runActionWithFilters()
#12 C:\wamp\www\yii\framework\yiilite.php(1725): SiteController->run()
#13 C:\wamp\www\yii\framework\yiilite.php(1645): CWebApplication->runController()
#14 C:\wamp\www\yii\framework\yiilite.php(1170): CWebApplication->processRequest()
#15 C:\wamp\www\bitbucket_publicidad\index.php(24): CWebApplication->run()
REQUEST_URI=/bitbucket_publicidad/index.php/site/adduser
2015/01/16 15:45:29 [error] [php] include(UserModule.php): failed to open stream: No such file or directory (C:\wamp\www\yii\framework\yiilite.php:238)
Stack trace:
#0 C:\wamp\www\bitbucket_publicidad\protected\models\RegistrationForm.php(21): spl_autoload_call()
#1 C:\wamp\www\yii\framework\yiilite.php(6692): RegistrationForm->rules()
#2 C:\wamp\www\yii\framework\yiilite.php(6676): RegistrationForm->createValidators()
#3 C:\wamp\www\yii\framework\yiilite.php(6704): RegistrationForm->getValidators()
#4 C:\wamp\www\yii\framework\yiilite.php(5070): RegistrationForm->isAttributeRequired()
#5 C:\wamp\www\yii\framework\web\widgets\CActiveForm.php(562): activeLabelEx()
#6 C:\wamp\www\bitbucket_publicidad\protected\extensions\bootstrap\widgets\input\TbInput.php(253): TbActiveForm->labelEx()
#7 C:\wamp\www\bitbucket_publicidad\protected\extensions\bootstrap\widgets\input\TbInputVertical.php(140): TbInputVertical->getLabel()
#8 C:\wamp\www\bitbucket_publicidad\protected\extensions\bootstrap\widgets\input\TbInput.php(230): TbInputVertical->textField()
#9 C:\wamp\www\yii\framework\yiilite.php(3277): TbInputVertical->run()
#10 C:\wamp\www\bitbucket_publicidad\protected\extensions\bootstrap\widgets\TbActiveForm.php(497): SiteController->widget()
#11 C:\wamp\www\bitbucket_publicidad\protected\extensions\bootstrap\widgets\TbActiveForm.php(186): TbActiveForm->inputRow()
#12 C:\wamp\www\bitbucket_publicidad\protected\views\site\registration.php(30): TbActiveForm->textFieldRow()
#13 C:\wamp\www\yii\framework\yiilite.php(3252): require()
#14 C:\wamp\www\yii\framework\yiilite.php(3231): SiteController->renderInternal()
#15 C:\wamp\www\yii\framework\yiilite.php(3655): SiteController->renderFile()
#16 C:\wamp\www\yii\framework\yiilite.php(3623): SiteController->renderPartial()
#17 C:\wamp\www\bitbucket_publicidad\protected\controllers\SiteController.php(218): SiteController->render()
#18 C:\wamp\www\yii\framework\yiilite.php(3891): SiteController->actionAddUser()
#19 C:\wamp\www\yii\framework\yiilite.php(3403): CInlineAction->runWithParams()
#20 C:\wamp\www\yii\framework\yiilite.php(6405): SiteController->runAction()
#21 C:\wamp\www\yii\framework\yiilite.php(6414): CFilterChain->run()
#22 C:\wamp\www\yii\framework\yiilite.php(3781): CAccessControlFilter->filter()
#23 C:\wamp\www\yii\framework\yiilite.php(6447): SiteController->filterAccessControl()
#24 C:\wamp\www\yii\framework\yiilite.php(6402): CInlineFilter->filter()
#25 C:\wamp\www\yii\framework\yiilite.php(3393): CFilterChain->run()
#26 C:\wamp\www\yii\framework\yiilite.php(3378): SiteController->runActionWithFilters()
#27 C:\wamp\www\yii\framework\yiilite.php(1725): SiteController->run()
#28 C:\wamp\www\yii\framework\yiilite.php(1645): CWebApplication->runController()
#29 C:\wamp\www\yii\framework\yiilite.php(1170): CWebApplication->processRequest()
#30 C:\wamp\www\bitbucket_publicidad\index.php(24): CWebApplication->run()
REQUEST_URI=/bitbucket_publicidad/index.php/site/adduser
2015/01/16 15:46:47 [error] [exception.CException] exception 'CException' with message 'Propiedad "RegistrationForm"."username" no se encuentra definida.' in C:\wamp\www\yii\framework\yiilite.php:600
Stack trace:
#0 C:\wamp\www\yii\framework\yiilite.php(5553): CComponent->__get('username')
#1 C:\wamp\www\yii\framework\yiilite.php(5376): CHtml::resolveValue(Object(RegistrationForm), 'username')
#2 C:\wamp\www\yii\framework\yiilite.php(5077): CHtml::activeInputField('text', Object(RegistrationForm), 'username', Array)
#3 C:\wamp\www\yii\framework\web\widgets\CActiveForm.php(657): CHtml::activeTextField(Object(RegistrationForm), 'username', Array)
#4 C:\wamp\www\bitbucket_publicidad\protected\extensions\bootstrap\widgets\input\TbInputVertical.php(142): CActiveForm->textField(Object(RegistrationForm), 'username', Array)
#5 C:\wamp\www\bitbucket_publicidad\protected\extensions\bootstrap\widgets\input\TbInput.php(230): TbInputVertical->textField()
#6 C:\wamp\www\yii\framework\yiilite.php(3277): TbInput->run()
#7 C:\wamp\www\bitbucket_publicidad\protected\extensions\bootstrap\widgets\TbActiveForm.php(497): CBaseController->widget('bootstrap.widge...', Array)
#8 C:\wamp\www\bitbucket_publicidad\protected\extensions\bootstrap\widgets\TbActiveForm.php(186): TbActiveForm->inputRow('text', Object(RegistrationForm), 'username', NULL, Array)
#9 C:\wamp\www\bitbucket_publicidad\protected\views\site\registration.php(30): TbActiveForm->textFieldRow(Object(RegistrationForm), 'username')
#10 C:\wamp\www\yii\framework\yiilite.php(3252): require('C:\wamp\www\bit...')
#11 C:\wamp\www\yii\framework\yiilite.php(3231): CBaseController->renderInternal('C:\wamp\www\bit...', Array, true)
#12 C:\wamp\www\yii\framework\yiilite.php(3655): CBaseController->renderFile('C:\wamp\www\bit...', Array, true)
#13 C:\wamp\www\yii\framework\yiilite.php(3623): CController->renderPartial('registration', Array, true)
#14 C:\wamp\www\bitbucket_publicidad\protected\controllers\SiteController.php(218): CController->render('registration', Array)
#15 C:\wamp\www\yii\framework\yiilite.php(3891): SiteController->actionAddUser()
#16 C:\wamp\www\yii\framework\yiilite.php(3403): CInlineAction->runWithParams(Array)
#17 C:\wamp\www\yii\framework\yiilite.php(6405): CController->runAction(Object(CInlineAction))
#18 C:\wamp\www\yii\framework\yiilite.php(6414): CFilterChain->run()
#19 C:\wamp\www\yii\framework\yiilite.php(3781): CFilter->filter(Object(CFilterChain))
#20 C:\wamp\www\yii\framework\yiilite.php(6447): CController->filterAccessControl(Object(CFilterChain))
#21 C:\wamp\www\yii\framework\yiilite.php(6402): CInlineFilter->filter(Object(CFilterChain))
#22 C:\wamp\www\yii\framework\yiilite.php(3393): CFilterChain->run()
#23 C:\wamp\www\yii\framework\yiilite.php(3378): CController->runActionWithFilters(Object(CInlineAction), Array)
#24 C:\wamp\www\yii\framework\yiilite.php(1725): CController->run('adduser')
#25 C:\wamp\www\yii\framework\yiilite.php(1645): CWebApplication->runController('site/adduser')
#26 C:\wamp\www\yii\framework\yiilite.php(1170): CWebApplication->processRequest()
#27 C:\wamp\www\bitbucket_publicidad\index.php(24): CApplication->run()
#28 {main}
REQUEST_URI=/bitbucket_publicidad/index.php/site/adduser
---
2015/01/16 15:48:45 [error] [exception.CException] exception 'CException' with message 'Propiedad "RegistrationForm"."password" no se encuentra definida.' in C:\wamp\www\yii\framework\yiilite.php:600
Stack trace:
#0 C:\wamp\www\yii\framework\yiilite.php(5553): CComponent->__get('password')
#1 C:\wamp\www\yii\framework\yiilite.php(5376): CHtml::resolveValue(Object(RegistrationForm), 'password')
#2 C:\wamp\www\yii\framework\yiilite.php(5118): CHtml::activeInputField('password', Object(RegistrationForm), 'password', Array)
#3 C:\wamp\www\yii\framework\web\widgets\CActiveForm.php(687): CHtml::activePasswordField(Object(RegistrationForm), 'password', Array)
#4 C:\wamp\www\bitbucket_publicidad\protected\extensions\bootstrap\widgets\input\TbInputVertical.php(83): CActiveForm->passwordField(Object(RegistrationForm), 'password', Array)
#5 C:\wamp\www\bitbucket_publicidad\protected\extensions\bootstrap\widgets\input\TbInput.php(209): TbInputVertical->passwordField()
#6 C:\wamp\www\yii\framework\yiilite.php(3277): TbInput->run()
#7 C:\wamp\www\bitbucket_publicidad\protected\extensions\bootstrap\widgets\TbActiveForm.php(497): CBaseController->widget('bootstrap.widge...', Array)
#8 C:\wamp\www\bitbucket_publicidad\protected\extensions\bootstrap\widgets\TbActiveForm.php(136): TbActiveForm->inputRow('password', Object(RegistrationForm), 'password', NULL, Array)
#9 C:\wamp\www\bitbucket_publicidad\protected\views\site\registration.php(32): TbActiveForm->passwordFieldRow(Object(RegistrationForm), 'password')
#10 C:\wamp\www\yii\framework\yiilite.php(3252): require('C:\wamp\www\bit...')
#11 C:\wamp\www\yii\framework\yiilite.php(3231): CBaseController->renderInternal('C:\wamp\www\bit...', Array, true)
#12 C:\wamp\www\yii\framework\yiilite.php(3655): CBaseController->renderFile('C:\wamp\www\bit...', Array, true)
#13 C:\wamp\www\yii\framework\yiilite.php(3623): CController->renderPartial('registration', Array, true)
#14 C:\wamp\www\bitbucket_publicidad\protected\controllers\SiteController.php(220): CController->render('registration', Array)
#15 C:\wamp\www\yii\framework\yiilite.php(3891): SiteController->actionAddUser()
#16 C:\wamp\www\yii\framework\yiilite.php(3403): CInlineAction->runWithParams(Array)
#17 C:\wamp\www\yii\framework\yiilite.php(6405): CController->runAction(Object(CInlineAction))
#18 C:\wamp\www\yii\framework\yiilite.php(6414): CFilterChain->run()
#19 C:\wamp\www\yii\framework\yiilite.php(3781): CFilter->filter(Object(CFilterChain))
#20 C:\wamp\www\yii\framework\yiilite.php(6447): CController->filterAccessControl(Object(CFilterChain))
#21 C:\wamp\www\yii\framework\yiilite.php(6402): CInlineFilter->filter(Object(CFilterChain))
#22 C:\wamp\www\yii\framework\yiilite.php(3393): CFilterChain->run()
#23 C:\wamp\www\yii\framework\yiilite.php(3378): CController->runActionWithFilters(Object(CInlineAction), Array)
#24 C:\wamp\www\yii\framework\yiilite.php(1725): CController->run('adduser')
#25 C:\wamp\www\yii\framework\yiilite.php(1645): CWebApplication->runController('site/adduser')
#26 C:\wamp\www\yii\framework\yiilite.php(1170): CWebApplication->processRequest()
#27 C:\wamp\www\bitbucket_publicidad\index.php(24): CApplication->run()
#28 {main}
REQUEST_URI=/bitbucket_publicidad/index.php/site/adduser
---
2015/01/16 15:49:34 [error] [exception.CException] exception 'CException' with message 'TbActiveForm y sus behaviors no tienen un método o closure llamado "labelExRow".' in C:\wamp\www\yii\framework\yiilite.php:694
Stack trace:
#0 C:\wamp\www\bitbucket_publicidad\protected\views\site\registration.php(44): CComponent->__call('labelExRow', Array)
#1 C:\wamp\www\bitbucket_publicidad\protected\views\site\registration.php(44): TbActiveForm->labelExRow(Object(RegistrationForm), 'verifyCode')
#2 C:\wamp\www\yii\framework\yiilite.php(3252): require('C:\wamp\www\bit...')
#3 C:\wamp\www\yii\framework\yiilite.php(3231): CBaseController->renderInternal('C:\wamp\www\bit...', Array, true)
#4 C:\wamp\www\yii\framework\yiilite.php(3655): CBaseController->renderFile('C:\wamp\www\bit...', Array, true)
#5 C:\wamp\www\yii\framework\yiilite.php(3623): CController->renderPartial('registration', Array, true)
#6 C:\wamp\www\bitbucket_publicidad\protected\controllers\SiteController.php(220): CController->render('registration', Array)
#7 C:\wamp\www\yii\framework\yiilite.php(3891): SiteController->actionAddUser()
#8 C:\wamp\www\yii\framework\yiilite.php(3403): CInlineAction->runWithParams(Array)
#9 C:\wamp\www\yii\framework\yiilite.php(6405): CController->runAction(Object(CInlineAction))
#10 C:\wamp\www\yii\framework\yiilite.php(6414): CFilterChain->run()
#11 C:\wamp\www\yii\framework\yiilite.php(3781): CFilter->filter(Object(CFilterChain))
#12 C:\wamp\www\yii\framework\yiilite.php(6447): CController->filterAccessControl(Object(CFilterChain))
#13 C:\wamp\www\yii\framework\yiilite.php(6402): CInlineFilter->filter(Object(CFilterChain))
#14 C:\wamp\www\yii\framework\yiilite.php(3393): CFilterChain->run()
#15 C:\wamp\www\yii\framework\yiilite.php(3378): CController->runActionWithFilters(Object(CInlineAction), Array)
#16 C:\wamp\www\yii\framework\yiilite.php(1725): CController->run('adduser')
#17 C:\wamp\www\yii\framework\yiilite.php(1645): CWebApplication->runController('site/adduser')
#18 C:\wamp\www\yii\framework\yiilite.php(1170): CWebApplication->processRequest()
#19 C:\wamp\www\bitbucket_publicidad\index.php(24): CApplication->run()
#20 {main}
REQUEST_URI=/bitbucket_publicidad/index.php/site/adduser
---
2015/01/16 15:52:50 [error] [php] include(ActiveForm.php): failed to open stream: No such file or directory (C:\wamp\www\yii\framework\yiilite.php:238)
Stack trace:
#0 C:\wamp\www\bitbucket_publicidad\protected\controllers\SiteController.php(218): spl_autoload_call()
#1 C:\wamp\www\yii\framework\yiilite.php(3891): SiteController->actionAddUser()
#2 C:\wamp\www\yii\framework\yiilite.php(3403): CInlineAction->runWithParams()
#3 C:\wamp\www\yii\framework\yiilite.php(6405): SiteController->runAction()
#4 C:\wamp\www\yii\framework\yiilite.php(6414): CFilterChain->run()
#5 C:\wamp\www\yii\framework\yiilite.php(3781): CAccessControlFilter->filter()
#6 C:\wamp\www\yii\framework\yiilite.php(6447): SiteController->filterAccessControl()
#7 C:\wamp\www\yii\framework\yiilite.php(6402): CInlineFilter->filter()
#8 C:\wamp\www\yii\framework\yiilite.php(3393): CFilterChain->run()
#9 C:\wamp\www\yii\framework\yiilite.php(3378): SiteController->runActionWithFilters()
#10 C:\wamp\www\yii\framework\yiilite.php(1725): SiteController->run()
#11 C:\wamp\www\yii\framework\yiilite.php(1645): CWebApplication->runController()
#12 C:\wamp\www\yii\framework\yiilite.php(1170): CWebApplication->processRequest()
#13 C:\wamp\www\bitbucket_publicidad\index.php(24): CWebApplication->run()
REQUEST_URI=/bitbucket_publicidad/index.php/site/adduser
2015/01/16 15:52:54 [error] [php] include(ActiveForm.php): failed to open stream: No such file or directory (C:\wamp\www\yii\framework\yiilite.php:238)
Stack trace:
#0 C:\wamp\www\bitbucket_publicidad\protected\controllers\SiteController.php(218): spl_autoload_call()
#1 C:\wamp\www\yii\framework\yiilite.php(3891): SiteController->actionAddUser()
#2 C:\wamp\www\yii\framework\yiilite.php(3403): CInlineAction->runWithParams()
#3 C:\wamp\www\yii\framework\yiilite.php(6405): SiteController->runAction()
#4 C:\wamp\www\yii\framework\yiilite.php(6414): CFilterChain->run()
#5 C:\wamp\www\yii\framework\yiilite.php(3781): CAccessControlFilter->filter()
#6 C:\wamp\www\yii\framework\yiilite.php(6447): SiteController->filterAccessControl()
#7 C:\wamp\www\yii\framework\yiilite.php(6402): CInlineFilter->filter()
#8 C:\wamp\www\yii\framework\yiilite.php(3393): CFilterChain->run()
#9 C:\wamp\www\yii\framework\yiilite.php(3378): SiteController->runActionWithFilters()
#10 C:\wamp\www\yii\framework\yiilite.php(1725): SiteController->run()
#11 C:\wamp\www\yii\framework\yiilite.php(1645): CWebApplication->runController()
#12 C:\wamp\www\yii\framework\yiilite.php(1170): CWebApplication->processRequest()
#13 C:\wamp\www\bitbucket_publicidad\index.php(24): CWebApplication->run()
REQUEST_URI=/bitbucket_publicidad/index.php/site/adduser
2015/01/16 15:53:07 [error] [php] include(ActiveForm.php): failed to open stream: No such file or directory (C:\wamp\www\yii\framework\yiilite.php:238)
Stack trace:
#0 C:\wamp\www\bitbucket_publicidad\protected\controllers\SiteController.php(218): spl_autoload_call()
#1 C:\wamp\www\yii\framework\yiilite.php(3891): SiteController->actionAddUser()
#2 C:\wamp\www\yii\framework\yiilite.php(3403): CInlineAction->runWithParams()
#3 C:\wamp\www\yii\framework\yiilite.php(6405): SiteController->runAction()
#4 C:\wamp\www\yii\framework\yiilite.php(6414): CFilterChain->run()
#5 C:\wamp\www\yii\framework\yiilite.php(3781): CAccessControlFilter->filter()
#6 C:\wamp\www\yii\framework\yiilite.php(6447): SiteController->filterAccessControl()
#7 C:\wamp\www\yii\framework\yiilite.php(6402): CInlineFilter->filter()
#8 C:\wamp\www\yii\framework\yiilite.php(3393): CFilterChain->run()
#9 C:\wamp\www\yii\framework\yiilite.php(3378): SiteController->runActionWithFilters()
#10 C:\wamp\www\yii\framework\yiilite.php(1725): SiteController->run()
#11 C:\wamp\www\yii\framework\yiilite.php(1645): CWebApplication->runController()
#12 C:\wamp\www\yii\framework\yiilite.php(1170): CWebApplication->processRequest()
#13 C:\wamp\www\bitbucket_publicidad\index.php(24): CWebApplication->run()
REQUEST_URI=/bitbucket_publicidad/index.php/site/adduser
2015/01/16 15:53:22 [error] [php] include(UActiveForm.php): failed to open stream: No such file or directory (C:\wamp\www\yii\framework\yiilite.php:238)
Stack trace:
#0 C:\wamp\www\bitbucket_publicidad\protected\controllers\SiteController.php(218): spl_autoload_call()
#1 C:\wamp\www\yii\framework\yiilite.php(3891): SiteController->actionAddUser()
#2 C:\wamp\www\yii\framework\yiilite.php(3403): CInlineAction->runWithParams()
#3 C:\wamp\www\yii\framework\yiilite.php(6405): SiteController->runAction()
#4 C:\wamp\www\yii\framework\yiilite.php(6414): CFilterChain->run()
#5 C:\wamp\www\yii\framework\yiilite.php(3781): CAccessControlFilter->filter()
#6 C:\wamp\www\yii\framework\yiilite.php(6447): SiteController->filterAccessControl()
#7 C:\wamp\www\yii\framework\yiilite.php(6402): CInlineFilter->filter()
#8 C:\wamp\www\yii\framework\yiilite.php(3393): CFilterChain->run()
#9 C:\wamp\www\yii\framework\yiilite.php(3378): SiteController->runActionWithFilters()
#10 C:\wamp\www\yii\framework\yiilite.php(1725): SiteController->run()
#11 C:\wamp\www\yii\framework\yiilite.php(1645): CWebApplication->runController()
#12 C:\wamp\www\yii\framework\yiilite.php(1170): CWebApplication->processRequest()
#13 C:\wamp\www\bitbucket_publicidad\index.php(24): CWebApplication->run()
REQUEST_URI=/bitbucket_publicidad/index.php/site/adduser
2015/01/16 16:23:47 [error] [php] Undefined index: registration (C:\wamp\www\bitbucket_publicidad\protected\controllers\SiteController.php:216)
Stack trace:
#0 C:\wamp\www\yii\framework\yiilite.php(6405): SiteController->runAction()
#1 C:\wamp\www\yii\framework\yiilite.php(6414): CFilterChain->run()
#2 C:\wamp\www\yii\framework\yiilite.php(3781): CAccessControlFilter->filter()
#3 C:\wamp\www\yii\framework\yiilite.php(6447): SiteController->filterAccessControl()
#4 C:\wamp\www\yii\framework\yiilite.php(6402): CInlineFilter->filter()
#5 C:\wamp\www\yii\framework\yiilite.php(3393): CFilterChain->run()
#6 C:\wamp\www\yii\framework\yiilite.php(3378): SiteController->runActionWithFilters()
#7 C:\wamp\www\yii\framework\yiilite.php(1725): SiteController->run()
#8 C:\wamp\www\yii\framework\yiilite.php(1645): CWebApplication->runController()
#9 C:\wamp\www\yii\framework\yiilite.php(1170): CWebApplication->processRequest()
#10 C:\wamp\www\bitbucket_publicidad\index.php(24): CWebApplication->run()
REQUEST_URI=/bitbucket_publicidad/index.php/site/adduser
2015/01/17 06:05:04 [error] [exception.CException] exception 'CException' with message 'RegistrationForm y sus behaviors no tienen un método o closure llamado "tableName".' in C:\wamp\www\yii\framework\yiilite.php:694
Stack trace:
#0 C:\wamp\www\yii\framework\yiilite.php(7934): CComponent->__call('tableName', Array)
#1 C:\wamp\www\yii\framework\yiilite.php(7934): RegistrationForm->tableName()
#2 C:\wamp\www\yii\framework\yiilite.php(7045): CActiveRecordMetaData->__construct(Object(RegistrationForm))
#3 C:\wamp\www\yii\framework\validators\CUniqueValidator.php(87): CActiveRecord::model('RegistrationFor...')
#4 C:\wamp\www\yii\framework\yiilite.php(9623): CUniqueValidator->validateAttribute(Object(RegistrationForm), 'username')
#5 C:\wamp\www\yii\framework\yiilite.php(6633): CValidator->validate(Object(RegistrationForm), NULL)
#6 C:\wamp\www\bitbucket_publicidad\protected\controllers\SiteController.php(223): CModel->validate()
#7 C:\wamp\www\yii\framework\yiilite.php(3891): SiteController->actionAddUser()
#8 C:\wamp\www\yii\framework\yiilite.php(3403): CInlineAction->runWithParams(Array)
#9 C:\wamp\www\yii\framework\yiilite.php(6405): CController->runAction(Object(CInlineAction))
#10 C:\wamp\www\yii\framework\yiilite.php(6414): CFilterChain->run()
#11 C:\wamp\www\yii\framework\yiilite.php(3781): CFilter->filter(Object(CFilterChain))
#12 C:\wamp\www\yii\framework\yiilite.php(6447): CController->filterAccessControl(Object(CFilterChain))
#13 C:\wamp\www\yii\framework\yiilite.php(6402): CInlineFilter->filter(Object(CFilterChain))
#14 C:\wamp\www\yii\framework\yiilite.php(3393): CFilterChain->run()
#15 C:\wamp\www\yii\framework\yiilite.php(3378): CController->runActionWithFilters(Object(CInlineAction), Array)
#16 C:\wamp\www\yii\framework\yiilite.php(1725): CController->run('adduser')
#17 C:\wamp\www\yii\framework\yiilite.php(1645): CWebApplication->runController('site/adduser')
#18 C:\wamp\www\yii\framework\yiilite.php(1170): CWebApplication->processRequest()
#19 C:\wamp\www\bitbucket_publicidad\index.php(24): CApplication->run()
#20 {main}
REQUEST_URI=/bitbucket_publicidad/index.php/site/adduser
HTTP_REFERER=http://localhost/bitbucket_publicidad/index.php/site/adduser
---
2015/01/17 06:05:08 [error] [exception.CException] exception 'CException' with message 'RegistrationForm y sus behaviors no tienen un método o closure llamado "tableName".' in C:\wamp\www\yii\framework\yiilite.php:694
Stack trace:
#0 C:\wamp\www\yii\framework\yiilite.php(7934): CComponent->__call('tableName', Array)
#1 C:\wamp\www\yii\framework\yiilite.php(7934): RegistrationForm->tableName()
#2 C:\wamp\www\yii\framework\yiilite.php(7045): CActiveRecordMetaData->__construct(Object(RegistrationForm))
#3 C:\wamp\www\yii\framework\validators\CUniqueValidator.php(87): CActiveRecord::model('RegistrationFor...')
#4 C:\wamp\www\yii\framework\yiilite.php(9623): CUniqueValidator->validateAttribute(Object(RegistrationForm), 'username')
#5 C:\wamp\www\yii\framework\yiilite.php(6633): CValidator->validate(Object(RegistrationForm), NULL)
#6 C:\wamp\www\bitbucket_publicidad\protected\controllers\SiteController.php(223): CModel->validate()
#7 C:\wamp\www\yii\framework\yiilite.php(3891): SiteController->actionAddUser()
#8 C:\wamp\www\yii\framework\yiilite.php(3403): CInlineAction->runWithParams(Array)
#9 C:\wamp\www\yii\framework\yiilite.php(6405): CController->runAction(Object(CInlineAction))
#10 C:\wamp\www\yii\framework\yiilite.php(6414): CFilterChain->run()
#11 C:\wamp\www\yii\framework\yiilite.php(3781): CFilter->filter(Object(CFilterChain))
#12 C:\wamp\www\yii\framework\yiilite.php(6447): CController->filterAccessControl(Object(CFilterChain))
#13 C:\wamp\www\yii\framework\yiilite.php(6402): CInlineFilter->filter(Object(CFilterChain))
#14 C:\wamp\www\yii\framework\yiilite.php(3393): CFilterChain->run()
#15 C:\wamp\www\yii\framework\yiilite.php(3378): CController->runActionWithFilters(Object(CInlineAction), Array)
#16 C:\wamp\www\yii\framework\yiilite.php(1725): CController->run('adduser')
#17 C:\wamp\www\yii\framework\yiilite.php(1645): CWebApplication->runController('site/adduser')
#18 C:\wamp\www\yii\framework\yiilite.php(1170): CWebApplication->processRequest()
#19 C:\wamp\www\bitbucket_publicidad\index.php(24): CApplication->run()
#20 {main}
REQUEST_URI=/bitbucket_publicidad/index.php/site/adduser
HTTP_REFERER=http://localhost/bitbucket_publicidad/index.php/site/adduser
---
2015/01/17 06:05:11 [error] [exception.CException] exception 'CException' with message 'RegistrationForm y sus behaviors no tienen un método o closure llamado "tableName".' in C:\wamp\www\yii\framework\yiilite.php:694
Stack trace:
#0 C:\wamp\www\yii\framework\yiilite.php(7934): CComponent->__call('tableName', Array)
#1 C:\wamp\www\yii\framework\yiilite.php(7934): RegistrationForm->tableName()
#2 C:\wamp\www\yii\framework\yiilite.php(7045): CActiveRecordMetaData->__construct(Object(RegistrationForm))
#3 C:\wamp\www\yii\framework\validators\CUniqueValidator.php(87): CActiveRecord::model('RegistrationFor...')
#4 C:\wamp\www\yii\framework\yiilite.php(9623): CUniqueValidator->validateAttribute(Object(RegistrationForm), 'username')
#5 C:\wamp\www\yii\framework\yiilite.php(6633): CValidator->validate(Object(RegistrationForm), NULL)
#6 C:\wamp\www\bitbucket_publicidad\protected\controllers\SiteController.php(223): CModel->validate()
#7 C:\wamp\www\yii\framework\yiilite.php(3891): SiteController->actionAddUser()
#8 C:\wamp\www\yii\framework\yiilite.php(3403): CInlineAction->runWithParams(Array)
#9 C:\wamp\www\yii\framework\yiilite.php(6405): CController->runAction(Object(CInlineAction))
#10 C:\wamp\www\yii\framework\yiilite.php(6414): CFilterChain->run()
#11 C:\wamp\www\yii\framework\yiilite.php(3781): CFilter->filter(Object(CFilterChain))
#12 C:\wamp\www\yii\framework\yiilite.php(6447): CController->filterAccessControl(Object(CFilterChain))
#13 C:\wamp\www\yii\framework\yiilite.php(6402): CInlineFilter->filter(Object(CFilterChain))
#14 C:\wamp\www\yii\framework\yiilite.php(3393): CFilterChain->run()
#15 C:\wamp\www\yii\framework\yiilite.php(3378): CController->runActionWithFilters(Object(CInlineAction), Array)
#16 C:\wamp\www\yii\framework\yiilite.php(1725): CController->run('adduser')
#17 C:\wamp\www\yii\framework\yiilite.php(1645): CWebApplication->runController('site/adduser')
#18 C:\wamp\www\yii\framework\yiilite.php(1170): CWebApplication->processRequest()
#19 C:\wamp\www\bitbucket_publicidad\index.php(24): CApplication->run()
#20 {main}
REQUEST_URI=/bitbucket_publicidad/index.php/site/adduser
HTTP_REFERER=http://localhost/bitbucket_publicidad/index.php/site/adduser
---
2015/01/17 06:05:15 [error] [exception.CException] exception 'CException' with message 'RegistrationForm y sus behaviors no tienen un método o closure llamado "tableName".' in C:\wamp\www\yii\framework\yiilite.php:694
Stack trace:
#0 C:\wamp\www\yii\framework\yiilite.php(7934): CComponent->__call('tableName', Array)
#1 C:\wamp\www\yii\framework\yiilite.php(7934): RegistrationForm->tableName()
#2 C:\wamp\www\yii\framework\yiilite.php(7045): CActiveRecordMetaData->__construct(Object(RegistrationForm))
#3 C:\wamp\www\yii\framework\validators\CUniqueValidator.php(87): CActiveRecord::model('RegistrationFor...')
#4 C:\wamp\www\yii\framework\yiilite.php(9623): CUniqueValidator->validateAttribute(Object(RegistrationForm), 'username')
#5 C:\wamp\www\yii\framework\yiilite.php(6633): CValidator->validate(Object(RegistrationForm), NULL)
#6 C:\wamp\www\bitbucket_publicidad\protected\controllers\SiteController.php(223): CModel->validate()
#7 C:\wamp\www\yii\framework\yiilite.php(3891): SiteController->actionAddUser()
#8 C:\wamp\www\yii\framework\yiilite.php(3403): CInlineAction->runWithParams(Array)
#9 C:\wamp\www\yii\framework\yiilite.php(6405): CController->runAction(Object(CInlineAction))
#10 C:\wamp\www\yii\framework\yiilite.php(6414): CFilterChain->run()
#11 C:\wamp\www\yii\framework\yiilite.php(3781): CFilter->filter(Object(CFilterChain))
#12 C:\wamp\www\yii\framework\yiilite.php(6447): CController->filterAccessControl(Object(CFilterChain))
#13 C:\wamp\www\yii\framework\yiilite.php(6402): CInlineFilter->filter(Object(CFilterChain))
#14 C:\wamp\www\yii\framework\yiilite.php(3393): CFilterChain->run()
#15 C:\wamp\www\yii\framework\yiilite.php(3378): CController->runActionWithFilters(Object(CInlineAction), Array)
#16 C:\wamp\www\yii\framework\yiilite.php(1725): CController->run('adduser')
#17 C:\wamp\www\yii\framework\yiilite.php(1645): CWebApplication->runController('site/adduser')
#18 C:\wamp\www\yii\framework\yiilite.php(1170): CWebApplication->processRequest()
#19 C:\wamp\www\bitbucket_publicidad\index.php(24): CApplication->run()
#20 {main}
REQUEST_URI=/bitbucket_publicidad/index.php/site/adduser
HTTP_REFERER=http://localhost/bitbucket_publicidad/index.php/site/adduser
---
2015/01/17 06:05:27 [error] [exception.CException] exception 'CException' with message 'RegistrationForm y sus behaviors no tienen un método o closure llamado "tableName".' in C:\wamp\www\yii\framework\yiilite.php:694
Stack trace:
#0 C:\wamp\www\yii\framework\yiilite.php(7934): CComponent->__call('tableName', Array)
#1 C:\wamp\www\yii\framework\yiilite.php(7934): RegistrationForm->tableName()
#2 C:\wamp\www\yii\framework\yiilite.php(7045): CActiveRecordMetaData->__construct(Object(RegistrationForm))
#3 C:\wamp\www\yii\framework\validators\CUniqueValidator.php(87): CActiveRecord::model('RegistrationFor...')
#4 C:\wamp\www\yii\framework\yiilite.php(9623): CUniqueValidator->validateAttribute(Object(RegistrationForm), 'username')
#5 C:\wamp\www\yii\framework\yiilite.php(6633): CValidator->validate(Object(RegistrationForm), NULL)
#6 C:\wamp\www\bitbucket_publicidad\protected\controllers\SiteController.php(223): CModel->validate()
#7 C:\wamp\www\yii\framework\yiilite.php(3891): SiteController->actionAddUser()
#8 C:\wamp\www\yii\framework\yiilite.php(3403): CInlineAction->runWithParams(Array)
#9 C:\wamp\www\yii\framework\yiilite.php(6405): CController->runAction(Object(CInlineAction))
#10 C:\wamp\www\yii\framework\yiilite.php(6414): CFilterChain->run()
#11 C:\wamp\www\yii\framework\yiilite.php(3781): CFilter->filter(Object(CFilterChain))
#12 C:\wamp\www\yii\framework\yiilite.php(6447): CController->filterAccessControl(Object(CFilterChain))
#13 C:\wamp\www\yii\framework\yiilite.php(6402): CInlineFilter->filter(Object(CFilterChain))
#14 C:\wamp\www\yii\framework\yiilite.php(3393): CFilterChain->run()
#15 C:\wamp\www\yii\framework\yiilite.php(3378): CController->runActionWithFilters(Object(CInlineAction), Array)
#16 C:\wamp\www\yii\framework\yiilite.php(1725): CController->run('adduser')
#17 C:\wamp\www\yii\framework\yiilite.php(1645): CWebApplication->runController('site/adduser')
#18 C:\wamp\www\yii\framework\yiilite.php(1170): CWebApplication->processRequest()
#19 C:\wamp\www\bitbucket_publicidad\index.php(24): CApplication->run()
#20 {main}
REQUEST_URI=/bitbucket_publicidad/index.php/site/adduser
HTTP_REFERER=http://localhost/bitbucket_publicidad/index.php/site/adduser
---
2015/01/17 06:05:27 [error] [exception.CException] exception 'CException' with message 'RegistrationForm y sus behaviors no tienen un método o closure llamado "tableName".' in C:\wamp\www\yii\framework\yiilite.php:694
Stack trace:
#0 C:\wamp\www\yii\framework\yiilite.php(7934): CComponent->__call('tableName', Array)
#1 C:\wamp\www\yii\framework\yiilite.php(7934): RegistrationForm->tableName()
#2 C:\wamp\www\yii\framework\yiilite.php(7045): CActiveRecordMetaData->__construct(Object(RegistrationForm))
#3 C:\wamp\www\yii\framework\validators\CUniqueValidator.php(87): CActiveRecord::model('RegistrationFor...')
#4 C:\wamp\www\yii\framework\yiilite.php(9623): CUniqueValidator->validateAttribute(Object(RegistrationForm), 'username')
#5 C:\wamp\www\yii\framework\yiilite.php(6633): CValidator->validate(Object(RegistrationForm), NULL)
#6 C:\wamp\www\bitbucket_publicidad\protected\controllers\SiteController.php(223): CModel->validate()
#7 C:\wamp\www\yii\framework\yiilite.php(3891): SiteController->actionAddUser()
#8 C:\wamp\www\yii\framework\yiilite.php(3403): CInlineAction->runWithParams(Array)
#9 C:\wamp\www\yii\framework\yiilite.php(6405): CController->runAction(Object(CInlineAction))
#10 C:\wamp\www\yii\framework\yiilite.php(6414): CFilterChain->run()
#11 C:\wamp\www\yii\framework\yiilite.php(3781): CFilter->filter(Object(CFilterChain))
#12 C:\wamp\www\yii\framework\yiilite.php(6447): CController->filterAccessControl(Object(CFilterChain))
#13 C:\wamp\www\yii\framework\yiilite.php(6402): CInlineFilter->filter(Object(CFilterChain))
#14 C:\wamp\www\yii\framework\yiilite.php(3393): CFilterChain->run()
#15 C:\wamp\www\yii\framework\yiilite.php(3378): CController->runActionWithFilters(Object(CInlineAction), Array)
#16 C:\wamp\www\yii\framework\yiilite.php(1725): CController->run('adduser')
#17 C:\wamp\www\yii\framework\yiilite.php(1645): CWebApplication->runController('site/adduser')
#18 C:\wamp\www\yii\framework\yiilite.php(1170): CWebApplication->processRequest()
#19 C:\wamp\www\bitbucket_publicidad\index.php(24): CApplication->run()
#20 {main}
REQUEST_URI=/bitbucket_publicidad/index.php/site/adduser
HTTP_REFERER=http://localhost/bitbucket_publicidad/index.php/site/adduser
---
2015/01/17 06:05:39 [error] [exception.CException] exception 'CException' with message 'RegistrationForm y sus behaviors no tienen un método o closure llamado "tableName".' in C:\wamp\www\yii\framework\yiilite.php:694
Stack trace:
#0 C:\wamp\www\yii\framework\yiilite.php(7934): CComponent->__call('tableName', Array)
#1 C:\wamp\www\yii\framework\yiilite.php(7934): RegistrationForm->tableName()
#2 C:\wamp\www\yii\framework\yiilite.php(7045): CActiveRecordMetaData->__construct(Object(RegistrationForm))
#3 C:\wamp\www\yii\framework\validators\CUniqueValidator.php(87): CActiveRecord::model('RegistrationFor...')
#4 C:\wamp\www\yii\framework\yiilite.php(9623): CUniqueValidator->validateAttribute(Object(RegistrationForm), 'username')
#5 C:\wamp\www\yii\framework\yiilite.php(6633): CValidator->validate(Object(RegistrationForm), NULL)
#6 C:\wamp\www\bitbucket_publicidad\protected\controllers\SiteController.php(223): CModel->validate()
#7 C:\wamp\www\yii\framework\yiilite.php(3891): SiteController->actionAddUser()
#8 C:\wamp\www\yii\framework\yiilite.php(3403): CInlineAction->runWithParams(Array)
#9 C:\wamp\www\yii\framework\yiilite.php(6405): CController->runAction(Object(CInlineAction))
#10 C:\wamp\www\yii\framework\yiilite.php(6414): CFilterChain->run()
#11 C:\wamp\www\yii\framework\yiilite.php(3781): CFilter->filter(Object(CFilterChain))
#12 C:\wamp\www\yii\framework\yiilite.php(6447): CController->filterAccessControl(Object(CFilterChain))
#13 C:\wamp\www\yii\framework\yiilite.php(6402): CInlineFilter->filter(Object(CFilterChain))
#14 C:\wamp\www\yii\framework\yiilite.php(3393): CFilterChain->run()
#15 C:\wamp\www\yii\framework\yiilite.php(3378): CController->runActionWithFilters(Object(CInlineAction), Array)
#16 C:\wamp\www\yii\framework\yiilite.php(1725): CController->run('adduser')
#17 C:\wamp\www\yii\framework\yiilite.php(1645): CWebApplication->runController('site/adduser')
#18 C:\wamp\www\yii\framework\yiilite.php(1170): CWebApplication->processRequest()
#19 C:\wamp\www\bitbucket_publicidad\index.php(24): CApplication->run()
#20 {main}
REQUEST_URI=/bitbucket_publicidad/index.php/site/adduser
HTTP_REFERER=http://localhost/bitbucket_publicidad/index.php/site/adduser
---
2015/01/17 06:05:39 [error] [exception.CException] exception 'CException' with message 'RegistrationForm y sus behaviors no tienen un método o closure llamado "tableName".' in C:\wamp\www\yii\framework\yiilite.php:694
Stack trace:
#0 C:\wamp\www\yii\framework\yiilite.php(7934): CComponent->__call('tableName', Array)
#1 C:\wamp\www\yii\framework\yiilite.php(7934): RegistrationForm->tableName()
#2 C:\wamp\www\yii\framework\yiilite.php(7045): CActiveRecordMetaData->__construct(Object(RegistrationForm))
#3 C:\wamp\www\yii\framework\validators\CUniqueValidator.php(87): CActiveRecord::model('RegistrationFor...')
#4 C:\wamp\www\yii\framework\yiilite.php(9623): CUniqueValidator->validateAttribute(Object(RegistrationForm), 'username')
#5 C:\wamp\www\yii\framework\yiilite.php(6633): CValidator->validate(Object(RegistrationForm), NULL)
#6 C:\wamp\www\bitbucket_publicidad\protected\controllers\SiteController.php(223): CModel->validate()
#7 C:\wamp\www\yii\framework\yiilite.php(3891): SiteController->actionAddUser()
#8 C:\wamp\www\yii\framework\yiilite.php(3403): CInlineAction->runWithParams(Array)
#9 C:\wamp\www\yii\framework\yiilite.php(6405): CController->runAction(Object(CInlineAction))
#10 C:\wamp\www\yii\framework\yiilite.php(6414): CFilterChain->run()
#11 C:\wamp\www\yii\framework\yiilite.php(3781): CFilter->filter(Object(CFilterChain))
#12 C:\wamp\www\yii\framework\yiilite.php(6447): CController->filterAccessControl(Object(CFilterChain))
#13 C:\wamp\www\yii\framework\yiilite.php(6402): CInlineFilter->filter(Object(CFilterChain))
#14 C:\wamp\www\yii\framework\yiilite.php(3393): CFilterChain->run()
#15 C:\wamp\www\yii\framework\yiilite.php(3378): CController->runActionWithFilters(Object(CInlineAction), Array)
#16 C:\wamp\www\yii\framework\yiilite.php(1725): CController->run('adduser')
#17 C:\wamp\www\yii\framework\yiilite.php(1645): CWebApplication->runController('site/adduser')
#18 C:\wamp\www\yii\framework\yiilite.php(1170): CWebApplication->processRequest()
#19 C:\wamp\www\bitbucket_publicidad\index.php(24): CApplication->run()
#20 {main}
REQUEST_URI=/bitbucket_publicidad/index.php/site/adduser
HTTP_REFERER=http://localhost/bitbucket_publicidad/index.php/site/adduser
---
2015/01/17 06:05:46 [error] [exception.CException] exception 'CException' with message 'RegistrationForm y sus behaviors no tienen un método o closure llamado "tableName".' in C:\wamp\www\yii\framework\yiilite.php:694
Stack trace:
#0 C:\wamp\www\yii\framework\yiilite.php(7934): CComponent->__call('tableName', Array)
#1 C:\wamp\www\yii\framework\yiilite.php(7934): RegistrationForm->tableName()
#2 C:\wamp\www\yii\framework\yiilite.php(7045): CActiveRecordMetaData->__construct(Object(RegistrationForm))
#3 C:\wamp\www\yii\framework\validators\CUniqueValidator.php(87): CActiveRecord::model('RegistrationFor...')
#4 C:\wamp\www\yii\framework\yiilite.php(9623): CUniqueValidator->validateAttribute(Object(RegistrationForm), 'username')
#5 C:\wamp\www\yii\framework\yiilite.php(6633): CValidator->validate(Object(RegistrationForm), NULL)
#6 C:\wamp\www\bitbucket_publicidad\protected\controllers\SiteController.php(223): CModel->validate()
#7 C:\wamp\www\yii\framework\yiilite.php(3891): SiteController->actionAddUser()
#8 C:\wamp\www\yii\framework\yiilite.php(3403): CInlineAction->runWithParams(Array)
#9 C:\wamp\www\yii\framework\yiilite.php(6405): CController->runAction(Object(CInlineAction))
#10 C:\wamp\www\yii\framework\yiilite.php(6414): CFilterChain->run()
#11 C:\wamp\www\yii\framework\yiilite.php(3781): CFilter->filter(Object(CFilterChain))
#12 C:\wamp\www\yii\framework\yiilite.php(6447): CController->filterAccessControl(Object(CFilterChain))
#13 C:\wamp\www\yii\framework\yiilite.php(6402): CInlineFilter->filter(Object(CFilterChain))
#14 C:\wamp\www\yii\framework\yiilite.php(3393): CFilterChain->run()
#15 C:\wamp\www\yii\framework\yiilite.php(3378): CController->runActionWithFilters(Object(CInlineAction), Array)
#16 C:\wamp\www\yii\framework\yiilite.php(1725): CController->run('adduser')
#17 C:\wamp\www\yii\framework\yiilite.php(1645): CWebApplication->runController('site/adduser')
#18 C:\wamp\www\yii\framework\yiilite.php(1170): CWebApplication->processRequest()
#19 C:\wamp\www\bitbucket_publicidad\index.php(24): CApplication->run()
#20 {main}
REQUEST_URI=/bitbucket_publicidad/index.php/site/adduser
HTTP_REFERER=http://localhost/bitbucket_publicidad/index.php/site/adduser
---
2015/01/17 06:06:28 [error] [exception.CException] exception 'CException' with message 'RegistrationForm y sus behaviors no tienen un método o closure llamado "tableName".' in C:\wamp\www\yii\framework\yiilite.php:694
Stack trace:
#0 C:\wamp\www\yii\framework\yiilite.php(7934): CComponent->__call('tableName', Array)
#1 C:\wamp\www\yii\framework\yiilite.php(7934): RegistrationForm->tableName()
#2 C:\wamp\www\yii\framework\yiilite.php(7045): CActiveRecordMetaData->__construct(Object(RegistrationForm))
#3 C:\wamp\www\yii\framework\validators\CUniqueValidator.php(87): CActiveRecord::model('RegistrationFor...')
#4 C:\wamp\www\yii\framework\yiilite.php(9623): CUniqueValidator->validateAttribute(Object(RegistrationForm), 'username')
#5 C:\wamp\www\yii\framework\yiilite.php(6633): CValidator->validate(Object(RegistrationForm), NULL)
#6 C:\wamp\www\bitbucket_publicidad\protected\controllers\SiteController.php(223): CModel->validate()
#7 C:\wamp\www\yii\framework\yiilite.php(3891): SiteController->actionAddUser()
#8 C:\wamp\www\yii\framework\yiilite.php(3403): CInlineAction->runWithParams(Array)
#9 C:\wamp\www\yii\framework\yiilite.php(6405): CController->runAction(Object(CInlineAction))
#10 C:\wamp\www\yii\framework\yiilite.php(6414): CFilterChain->run()
#11 C:\wamp\www\yii\framework\yiilite.php(3781): CFilter->filter(Object(CFilterChain))
#12 C:\wamp\www\yii\framework\yiilite.php(6447): CController->filterAccessControl(Object(CFilterChain))
#13 C:\wamp\www\yii\framework\yiilite.php(6402): CInlineFilter->filter(Object(CFilterChain))
#14 C:\wamp\www\yii\framework\yiilite.php(3393): CFilterChain->run()
#15 C:\wamp\www\yii\framework\yiilite.php(3378): CController->runActionWithFilters(Object(CInlineAction), Array)
#16 C:\wamp\www\yii\framework\yiilite.php(1725): CController->run('adduser')
#17 C:\wamp\www\yii\framework\yiilite.php(1645): CWebApplication->runController('site/adduser')
#18 C:\wamp\www\yii\framework\yiilite.php(1170): CWebApplication->processRequest()
#19 C:\wamp\www\bitbucket_publicidad\index.php(24): CApplication->run()
#20 {main}
REQUEST_URI=/bitbucket_publicidad/index.php/site/adduser
HTTP_REFERER=http://localhost/bitbucket_publicidad/index.php/site/adduser
---
2015/01/17 06:06:40 [error] [exception.CException] exception 'CException' with message 'RegistrationForm y sus behaviors no tienen un método o closure llamado "tableName".' in C:\wamp\www\yii\framework\yiilite.php:694
Stack trace:
#0 C:\wamp\www\yii\framework\yiilite.php(7934): CComponent->__call('tableName', Array)
#1 C:\wamp\www\yii\framework\yiilite.php(7934): RegistrationForm->tableName()
#2 C:\wamp\www\yii\framework\yiilite.php(7045): CActiveRecordMetaData->__construct(Object(RegistrationForm))
#3 C:\wamp\www\yii\framework\validators\CUniqueValidator.php(87): CActiveRecord::model('RegistrationFor...')
#4 C:\wamp\www\yii\framework\yiilite.php(9623): CUniqueValidator->validateAttribute(Object(RegistrationForm), 'username')
#5 C:\wamp\www\yii\framework\yiilite.php(6633): CValidator->validate(Object(RegistrationForm), NULL)
#6 C:\wamp\www\bitbucket_publicidad\protected\controllers\SiteController.php(223): CModel->validate()
#7 C:\wamp\www\yii\framework\yiilite.php(3891): SiteController->actionAddUser()
#8 C:\wamp\www\yii\framework\yiilite.php(3403): CInlineAction->runWithParams(Array)
#9 C:\wamp\www\yii\framework\yiilite.php(6405): CController->runAction(Object(CInlineAction))
#10 C:\wamp\www\yii\framework\yiilite.php(6414): CFilterChain->run()
#11 C:\wamp\www\yii\framework\yiilite.php(3781): CFilter->filter(Object(CFilterChain))
#12 C:\wamp\www\yii\framework\yiilite.php(6447): CController->filterAccessControl(Object(CFilterChain))
#13 C:\wamp\www\yii\framework\yiilite.php(6402): CInlineFilter->filter(Object(CFilterChain))
#14 C:\wamp\www\yii\framework\yiilite.php(3393): CFilterChain->run()
#15 C:\wamp\www\yii\framework\yiilite.php(3378): CController->runActionWithFilters(Object(CInlineAction), Array)
#16 C:\wamp\www\yii\framework\yiilite.php(1725): CController->run('adduser')
#17 C:\wamp\www\yii\framework\yiilite.php(1645): CWebApplication->runController('site/adduser')
#18 C:\wamp\www\yii\framework\yiilite.php(1170): CWebApplication->processRequest()
#19 C:\wamp\www\bitbucket_publicidad\index.php(24): CApplication->run()
#20 {main}
REQUEST_URI=/bitbucket_publicidad/index.php/site/adduser
HTTP_REFERER=http://localhost/bitbucket_publicidad/index.php/site/adduser
---
2015/01/17 06:07:18 [error] [exception.CException] exception 'CException' with message 'RegistrationForm y sus behaviors no tienen un método o closure llamado "tableName".' in C:\wamp\www\yii\framework\yiilite.php:694
Stack trace:
#0 C:\wamp\www\yii\framework\yiilite.php(7934): CComponent->__call('tableName', Array)
#1 C:\wamp\www\yii\framework\yiilite.php(7934): RegistrationForm->tableName()
#2 C:\wamp\www\yii\framework\yiilite.php(7045): CActiveRecordMetaData->__construct(Object(RegistrationForm))
#3 C:\wamp\www\yii\framework\validators\CUniqueValidator.php(87): CActiveRecord::model('RegistrationFor...')
#4 C:\wamp\www\yii\framework\yiilite.php(9623): CUniqueValidator->validateAttribute(Object(RegistrationForm), 'username')
#5 C:\wamp\www\yii\framework\yiilite.php(6633): CValidator->validate(Object(RegistrationForm), NULL)
#6 C:\wamp\www\bitbucket_publicidad\protected\controllers\SiteController.php(223): CModel->validate()
#7 C:\wamp\www\yii\framework\yiilite.php(3891): SiteController->actionAddUser()
#8 C:\wamp\www\yii\framework\yiilite.php(3403): CInlineAction->runWithParams(Array)
#9 C:\wamp\www\yii\framework\yiilite.php(6405): CController->runAction(Object(CInlineAction))
#10 C:\wamp\www\yii\framework\yiilite.php(6414): CFilterChain->run()
#11 C:\wamp\www\yii\framework\yiilite.php(3781): CFilter->filter(Object(CFilterChain))
#12 C:\wamp\www\yii\framework\yiilite.php(6447): CController->filterAccessControl(Object(CFilterChain))
#13 C:\wamp\www\yii\framework\yiilite.php(6402): CInlineFilter->filter(Object(CFilterChain))
#14 C:\wamp\www\yii\framework\yiilite.php(3393): CFilterChain->run()
#15 C:\wamp\www\yii\framework\yiilite.php(3378): CController->runActionWithFilters(Object(CInlineAction), Array)
#16 C:\wamp\www\yii\framework\yiilite.php(1725): CController->run('adduser')
#17 C:\wamp\www\yii\framework\yiilite.php(1645): CWebApplication->runController('site/adduser')
#18 C:\wamp\www\yii\framework\yiilite.php(1170): CWebApplication->processRequest()
#19 C:\wamp\www\bitbucket_publicidad\index.php(24): CApplication->run()
#20 {main}
REQUEST_URI=/bitbucket_publicidad/index.php/site/adduser
HTTP_REFERER=http://localhost/bitbucket_publicidad/index.php/site/adduser
---
2015/01/17 06:07:18 [error] [exception.CException] exception 'CException' with message 'RegistrationForm y sus behaviors no tienen un método o closure llamado "tableName".' in C:\wamp\www\yii\framework\yiilite.php:694
Stack trace:
#0 C:\wamp\www\yii\framework\yiilite.php(7934): CComponent->__call('tableName', Array)
#1 C:\wamp\www\yii\framework\yiilite.php(7934): RegistrationForm->tableName()
#2 C:\wamp\www\yii\framework\yiilite.php(7045): CActiveRecordMetaData->__construct(Object(RegistrationForm))
#3 C:\wamp\www\yii\framework\validators\CUniqueValidator.php(87): CActiveRecord::model('RegistrationFor...')
#4 C:\wamp\www\yii\framework\yiilite.php(9623): CUniqueValidator->validateAttribute(Object(RegistrationForm), 'username')
#5 C:\wamp\www\yii\framework\yiilite.php(6633): CValidator->validate(Object(RegistrationForm), NULL)
#6 C:\wamp\www\bitbucket_publicidad\protected\controllers\SiteController.php(223): CModel->validate()
#7 C:\wamp\www\yii\framework\yiilite.php(3891): SiteController->actionAddUser()
#8 C:\wamp\www\yii\framework\yiilite.php(3403): CInlineAction->runWithParams(Array)
#9 C:\wamp\www\yii\framework\yiilite.php(6405): CController->runAction(Object(CInlineAction))
#10 C:\wamp\www\yii\framework\yiilite.php(6414): CFilterChain->run()
#11 C:\wamp\www\yii\framework\yiilite.php(3781): CFilter->filter(Object(CFilterChain))
#12 C:\wamp\www\yii\framework\yiilite.php(6447): CController->filterAccessControl(Object(CFilterChain))
#13 C:\wamp\www\yii\framework\yiilite.php(6402): CInlineFilter->filter(Object(CFilterChain))
#14 C:\wamp\www\yii\framework\yiilite.php(3393): CFilterChain->run()
#15 C:\wamp\www\yii\framework\yiilite.php(3378): CController->runActionWithFilters(Object(CInlineAction), Array)
#16 C:\wamp\www\yii\framework\yiilite.php(1725): CController->run('adduser')
#17 C:\wamp\www\yii\framework\yiilite.php(1645): CWebApplication->runController('site/adduser')
#18 C:\wamp\www\yii\framework\yiilite.php(1170): CWebApplication->processRequest()
#19 C:\wamp\www\bitbucket_publicidad\index.php(24): CApplication->run()
#20 {main}
REQUEST_URI=/bitbucket_publicidad/index.php/site/adduser
HTTP_REFERER=http://localhost/bitbucket_publicidad/index.php/site/adduser
---
2015/01/17 06:07:21 [error] [exception.CException] exception 'CException' with message 'RegistrationForm y sus behaviors no tienen un método o closure llamado "tableName".' in C:\wamp\www\yii\framework\yiilite.php:694
Stack trace:
#0 C:\wamp\www\yii\framework\yiilite.php(7934): CComponent->__call('tableName', Array)
#1 C:\wamp\www\yii\framework\yiilite.php(7934): RegistrationForm->tableName()
#2 C:\wamp\www\yii\framework\yiilite.php(7045): CActiveRecordMetaData->__construct(Object(RegistrationForm))
#3 C:\wamp\www\yii\framework\validators\CUniqueValidator.php(87): CActiveRecord::model('RegistrationFor...')
#4 C:\wamp\www\yii\framework\yiilite.php(9623): CUniqueValidator->validateAttribute(Object(RegistrationForm), 'username')
#5 C:\wamp\www\yii\framework\yiilite.php(6633): CValidator->validate(Object(RegistrationForm), NULL)
#6 C:\wamp\www\bitbucket_publicidad\protected\controllers\SiteController.php(223): CModel->validate()
#7 C:\wamp\www\yii\framework\yiilite.php(3891): SiteController->actionAddUser()
#8 C:\wamp\www\yii\framework\yiilite.php(3403): CInlineAction->runWithParams(Array)
#9 C:\wamp\www\yii\framework\yiilite.php(6405): CController->runAction(Object(CInlineAction))
#10 C:\wamp\www\yii\framework\yiilite.php(6414): CFilterChain->run()
#11 C:\wamp\www\yii\framework\yiilite.php(3781): CFilter->filter(Object(CFilterChain))
#12 C:\wamp\www\yii\framework\yiilite.php(6447): CController->filterAccessControl(Object(CFilterChain))
#13 C:\wamp\www\yii\framework\yiilite.php(6402): CInlineFilter->filter(Object(CFilterChain))
#14 C:\wamp\www\yii\framework\yiilite.php(3393): CFilterChain->run()
#15 C:\wamp\www\yii\framework\yiilite.php(3378): CController->runActionWithFilters(Object(CInlineAction), Array)
#16 C:\wamp\www\yii\framework\yiilite.php(1725): CController->run('adduser')
#17 C:\wamp\www\yii\framework\yiilite.php(1645): CWebApplication->runController('site/adduser')
#18 C:\wamp\www\yii\framework\yiilite.php(1170): CWebApplication->processRequest()
#19 C:\wamp\www\bitbucket_publicidad\index.php(24): CApplication->run()
#20 {main}
REQUEST_URI=/bitbucket_publicidad/index.php/site/adduser
HTTP_REFERER=http://localhost/bitbucket_publicidad/index.php/site/adduser
---
2015/01/17 06:07:23 [error] [exception.CException] exception 'CException' with message 'RegistrationForm y sus behaviors no tienen un método o closure llamado "tableName".' in C:\wamp\www\yii\framework\yiilite.php:694
Stack trace:
#0 C:\wamp\www\yii\framework\yiilite.php(7934): CComponent->__call('tableName', Array)
#1 C:\wamp\www\yii\framework\yiilite.php(7934): RegistrationForm->tableName()
#2 C:\wamp\www\yii\framework\yiilite.php(7045): CActiveRecordMetaData->__construct(Object(RegistrationForm))
#3 C:\wamp\www\yii\framework\validators\CUniqueValidator.php(87): CActiveRecord::model('RegistrationFor...')
#4 C:\wamp\www\yii\framework\yiilite.php(9623): CUniqueValidator->validateAttribute(Object(RegistrationForm), 'username')
#5 C:\wamp\www\yii\framework\yiilite.php(6633): CValidator->validate(Object(RegistrationForm), NULL)
#6 C:\wamp\www\bitbucket_publicidad\protected\controllers\SiteController.php(223): CModel->validate()
#7 C:\wamp\www\yii\framework\yiilite.php(3891): SiteController->actionAddUser()
#8 C:\wamp\www\yii\framework\yiilite.php(3403): CInlineAction->runWithParams(Array)
#9 C:\wamp\www\yii\framework\yiilite.php(6405): CController->runAction(Object(CInlineAction))
#10 C:\wamp\www\yii\framework\yiilite.php(6414): CFilterChain->run()
#11 C:\wamp\www\yii\framework\yiilite.php(3781): CFilter->filter(Object(CFilterChain))
#12 C:\wamp\www\yii\framework\yiilite.php(6447): CController->filterAccessControl(Object(CFilterChain))
#13 C:\wamp\www\yii\framework\yiilite.php(6402): CInlineFilter->filter(Object(CFilterChain))
#14 C:\wamp\www\yii\framework\yiilite.php(3393): CFilterChain->run()
#15 C:\wamp\www\yii\framework\yiilite.php(3378): CController->runActionWithFilters(Object(CInlineAction), Array)
#16 C:\wamp\www\yii\framework\yiilite.php(1725): CController->run('adduser')
#17 C:\wamp\www\yii\framework\yiilite.php(1645): CWebApplication->runController('site/adduser')
#18 C:\wamp\www\yii\framework\yiilite.php(1170): CWebApplication->processRequest()
#19 C:\wamp\www\bitbucket_publicidad\index.php(24): CApplication->run()
#20 {main}
REQUEST_URI=/bitbucket_publicidad/index.php/site/adduser
HTTP_REFERER=http://localhost/bitbucket_publicidad/index.php/site/adduser
---
2015/01/17 06:07:23 [error] [exception.CException] exception 'CException' with message 'RegistrationForm y sus behaviors no tienen un método o closure llamado "tableName".' in C:\wamp\www\yii\framework\yiilite.php:694
Stack trace:
#0 C:\wamp\www\yii\framework\yiilite.php(7934): CComponent->__call('tableName', Array)
#1 C:\wamp\www\yii\framework\yiilite.php(7934): RegistrationForm->tableName()
#2 C:\wamp\www\yii\framework\yiilite.php(7045): CActiveRecordMetaData->__construct(Object(RegistrationForm))
#3 C:\wamp\www\yii\framework\validators\CUniqueValidator.php(87): CActiveRecord::model('RegistrationFor...')
#4 C:\wamp\www\yii\framework\yiilite.php(9623): CUniqueValidator->validateAttribute(Object(RegistrationForm), 'username')
#5 C:\wamp\www\yii\framework\yiilite.php(6633): CValidator->validate(Object(RegistrationForm), NULL)
#6 C:\wamp\www\bitbucket_publicidad\protected\controllers\SiteController.php(223): CModel->validate()
#7 C:\wamp\www\yii\framework\yiilite.php(3891): SiteController->actionAddUser()
#8 C:\wamp\www\yii\framework\yiilite.php(3403): CInlineAction->runWithParams(Array)
#9 C:\wamp\www\yii\framework\yiilite.php(6405): CController->runAction(Object(CInlineAction))
#10 C:\wamp\www\yii\framework\yiilite.php(6414): CFilterChain->run()
#11 C:\wamp\www\yii\framework\yiilite.php(3781): CFilter->filter(Object(CFilterChain))
#12 C:\wamp\www\yii\framework\yiilite.php(6447): CController->filterAccessControl(Object(CFilterChain))
#13 C:\wamp\www\yii\framework\yiilite.php(6402): CInlineFilter->filter(Object(CFilterChain))
#14 C:\wamp\www\yii\framework\yiilite.php(3393): CFilterChain->run()
#15 C:\wamp\www\yii\framework\yiilite.php(3378): CController->runActionWithFilters(Object(CInlineAction), Array)
#16 C:\wamp\www\yii\framework\yiilite.php(1725): CController->run('adduser')
#17 C:\wamp\www\yii\framework\yiilite.php(1645): CWebApplication->runController('site/adduser')
#18 C:\wamp\www\yii\framework\yiilite.php(1170): CWebApplication->processRequest()
#19 C:\wamp\www\bitbucket_publicidad\index.php(24): CApplication->run()
#20 {main}
REQUEST_URI=/bitbucket_publicidad/index.php/site/adduser
HTTP_REFERER=http://localhost/bitbucket_publicidad/index.php/site/adduser
---
2015/01/17 06:07:42 [error] [exception.CException] exception 'CException' with message 'RegistrationForm y sus behaviors no tienen un método o closure llamado "tableName".' in C:\wamp\www\yii\framework\yiilite.php:694
Stack trace:
#0 C:\wamp\www\yii\framework\yiilite.php(7934): CComponent->__call('tableName', Array)
#1 C:\wamp\www\yii\framework\yiilite.php(7934): RegistrationForm->tableName()
#2 C:\wamp\www\yii\framework\yiilite.php(7045): CActiveRecordMetaData->__construct(Object(RegistrationForm))
#3 C:\wamp\www\yii\framework\validators\CUniqueValidator.php(87): CActiveRecord::model('RegistrationFor...')
#4 C:\wamp\www\yii\framework\yiilite.php(9623): CUniqueValidator->validateAttribute(Object(RegistrationForm), 'username')
#5 C:\wamp\www\yii\framework\yiilite.php(6633): CValidator->validate(Object(RegistrationForm), NULL)
#6 C:\wamp\www\bitbucket_publicidad\protected\controllers\SiteController.php(223): CModel->validate()
#7 C:\wamp\www\yii\framework\yiilite.php(3891): SiteController->actionAddUser()
#8 C:\wamp\www\yii\framework\yiilite.php(3403): CInlineAction->runWithParams(Array)
#9 C:\wamp\www\yii\framework\yiilite.php(6405): CController->runAction(Object(CInlineAction))
#10 C:\wamp\www\yii\framework\yiilite.php(6414): CFilterChain->run()
#11 C:\wamp\www\yii\framework\yiilite.php(3781): CFilter->filter(Object(CFilterChain))
#12 C:\wamp\www\yii\framework\yiilite.php(6447): CController->filterAccessControl(Object(CFilterChain))
#13 C:\wamp\www\yii\framework\yiilite.php(6402): CInlineFilter->filter(Object(CFilterChain))
#14 C:\wamp\www\yii\framework\yiilite.php(3393): CFilterChain->run()
#15 C:\wamp\www\yii\framework\yiilite.php(3378): CController->runActionWithFilters(Object(CInlineAction), Array)
#16 C:\wamp\www\yii\framework\yiilite.php(1725): CController->run('adduser')
#17 C:\wamp\www\yii\framework\yiilite.php(1645): CWebApplication->runController('site/adduser')
#18 C:\wamp\www\yii\framework\yiilite.php(1170): CWebApplication->processRequest()
#19 C:\wamp\www\bitbucket_publicidad\index.php(24): CApplication->run()
#20 {main}
REQUEST_URI=/bitbucket_publicidad/index.php/site/adduser
HTTP_REFERER=http://localhost/bitbucket_publicidad/index.php/site/adduser
---
2015/01/17 06:07:44 [error] [exception.CException] exception 'CException' with message 'RegistrationForm y sus behaviors no tienen un método o closure llamado "tableName".' in C:\wamp\www\yii\framework\yiilite.php:694
Stack trace:
#0 C:\wamp\www\yii\framework\yiilite.php(7934): CComponent->__call('tableName', Array)
#1 C:\wamp\www\yii\framework\yiilite.php(7934): RegistrationForm->tableName()
#2 C:\wamp\www\yii\framework\yiilite.php(7045): CActiveRecordMetaData->__construct(Object(RegistrationForm))
#3 C:\wamp\www\yii\framework\validators\CUniqueValidator.php(87): CActiveRecord::model('RegistrationFor...')
#4 C:\wamp\www\yii\framework\yiilite.php(9623): CUniqueValidator->validateAttribute(Object(RegistrationForm), 'username')
#5 C:\wamp\www\yii\framework\yiilite.php(6633): CValidator->validate(Object(RegistrationForm), NULL)
#6 C:\wamp\www\bitbucket_publicidad\protected\controllers\SiteController.php(223): CModel->validate()
#7 C:\wamp\www\yii\framework\yiilite.php(3891): SiteController->actionAddUser()
#8 C:\wamp\www\yii\framework\yiilite.php(3403): CInlineAction->runWithParams(Array)
#9 C:\wamp\www\yii\framework\yiilite.php(6405): CController->runAction(Object(CInlineAction))
#10 C:\wamp\www\yii\framework\yiilite.php(6414): CFilterChain->run()
#11 C:\wamp\www\yii\framework\yiilite.php(3781): CFilter->filter(Object(CFilterChain))
#12 C:\wamp\www\yii\framework\yiilite.php(6447): CController->filterAccessControl(Object(CFilterChain))
#13 C:\wamp\www\yii\framework\yiilite.php(6402): CInlineFilter->filter(Object(CFilterChain))
#14 C:\wamp\www\yii\framework\yiilite.php(3393): CFilterChain->run()
#15 C:\wamp\www\yii\framework\yiilite.php(3378): CController->runActionWithFilters(Object(CInlineAction), Array)
#16 C:\wamp\www\yii\framework\yiilite.php(1725): CController->run('adduser')
#17 C:\wamp\www\yii\framework\yiilite.php(1645): CWebApplication->runController('site/adduser')
#18 C:\wamp\www\yii\framework\yiilite.php(1170): CWebApplication->processRequest()
#19 C:\wamp\www\bitbucket_publicidad\index.php(24): CApplication->run()
#20 {main}
REQUEST_URI=/bitbucket_publicidad/index.php/site/adduser
HTTP_REFERER=http://localhost/bitbucket_publicidad/index.php/site/adduser
---
2015/01/17 06:07:47 [error] [exception.CException] exception 'CException' with message 'RegistrationForm y sus behaviors no tienen un método o closure llamado "tableName".' in C:\wamp\www\yii\framework\yiilite.php:694
Stack trace:
#0 C:\wamp\www\yii\framework\yiilite.php(7934): CComponent->__call('tableName', Array)
#1 C:\wamp\www\yii\framework\yiilite.php(7934): RegistrationForm->tableName()
#2 C:\wamp\www\yii\framework\yiilite.php(7045): CActiveRecordMetaData->__construct(Object(RegistrationForm))
#3 C:\wamp\www\yii\framework\validators\CUniqueValidator.php(87): CActiveRecord::model('RegistrationFor...')
#4 C:\wamp\www\yii\framework\yiilite.php(9623): CUniqueValidator->validateAttribute(Object(RegistrationForm), 'username')
#5 C:\wamp\www\yii\framework\yiilite.php(6633): CValidator->validate(Object(RegistrationForm), NULL)
#6 C:\wamp\www\bitbucket_publicidad\protected\controllers\SiteController.php(223): CModel->validate()
#7 C:\wamp\www\yii\framework\yiilite.php(3891): SiteController->actionAddUser()
#8 C:\wamp\www\yii\framework\yiilite.php(3403): CInlineAction->runWithParams(Array)
#9 C:\wamp\www\yii\framework\yiilite.php(6405): CController->runAction(Object(CInlineAction))
#10 C:\wamp\www\yii\framework\yiilite.php(6414): CFilterChain->run()
#11 C:\wamp\www\yii\framework\yiilite.php(3781): CFilter->filter(Object(CFilterChain))
#12 C:\wamp\www\yii\framework\yiilite.php(6447): CController->filterAccessControl(Object(CFilterChain))
#13 C:\wamp\www\yii\framework\yiilite.php(6402): CInlineFilter->filter(Object(CFilterChain))
#14 C:\wamp\www\yii\framework\yiilite.php(3393): CFilterChain->run()
#15 C:\wamp\www\yii\framework\yiilite.php(3378): CController->runActionWithFilters(Object(CInlineAction), Array)
#16 C:\wamp\www\yii\framework\yiilite.php(1725): CController->run('adduser')
#17 C:\wamp\www\yii\framework\yiilite.php(1645): CWebApplication->runController('site/adduser')
#18 C:\wamp\www\yii\framework\yiilite.php(1170): CWebApplication->processRequest()
#19 C:\wamp\www\bitbucket_publicidad\index.php(24): CApplication->run()
#20 {main}
REQUEST_URI=/bitbucket_publicidad/index.php/site/adduser
HTTP_REFERER=http://localhost/bitbucket_publicidad/index.php/site/adduser
---
2015/01/17 06:08:34 [error] [exception.CException] exception 'CException' with message 'RegistrationForm y sus behaviors no tienen un método o closure llamado "tableName".' in C:\wamp\www\yii\framework\yiilite.php:694
Stack trace:
#0 C:\wamp\www\yii\framework\yiilite.php(7934): CComponent->__call('tableName', Array)
#1 C:\wamp\www\yii\framework\yiilite.php(7934): RegistrationForm->tableName()
#2 C:\wamp\www\yii\framework\yiilite.php(7045): CActiveRecordMetaData->__construct(Object(RegistrationForm))
#3 C:\wamp\www\yii\framework\validators\CUniqueValidator.php(87): CActiveRecord::model('RegistrationFor...')
#4 C:\wamp\www\yii\framework\yiilite.php(9623): CUniqueValidator->validateAttribute(Object(RegistrationForm), 'username')
#5 C:\wamp\www\yii\framework\yiilite.php(6633): CValidator->validate(Object(RegistrationForm), NULL)
#6 C:\wamp\www\bitbucket_publicidad\protected\controllers\SiteController.php(223): CModel->validate()
#7 C:\wamp\www\yii\framework\yiilite.php(3891): SiteController->actionAddUser()
#8 C:\wamp\www\yii\framework\yiilite.php(3403): CInlineAction->runWithParams(Array)
#9 C:\wamp\www\yii\framework\yiilite.php(6405): CController->runAction(Object(CInlineAction))
#10 C:\wamp\www\yii\framework\yiilite.php(6414): CFilterChain->run()
#11 C:\wamp\www\yii\framework\yiilite.php(3781): CFilter->filter(Object(CFilterChain))
#12 C:\wamp\www\yii\framework\yiilite.php(6447): CController->filterAccessControl(Object(CFilterChain))
#13 C:\wamp\www\yii\framework\yiilite.php(6402): CInlineFilter->filter(Object(CFilterChain))
#14 C:\wamp\www\yii\framework\yiilite.php(3393): CFilterChain->run()
#15 C:\wamp\www\yii\framework\yiilite.php(3378): CController->runActionWithFilters(Object(CInlineAction), Array)
#16 C:\wamp\www\yii\framework\yiilite.php(1725): CController->run('adduser')
#17 C:\wamp\www\yii\framework\yiilite.php(1645): CWebApplication->runController('site/adduser')
#18 C:\wamp\www\yii\framework\yiilite.php(1170): CWebApplication->processRequest()
#19 C:\wamp\www\bitbucket_publicidad\index.php(24): CApplication->run()
#20 {main}
REQUEST_URI=/bitbucket_publicidad/index.php/site/adduser
HTTP_REFERER=http://localhost/bitbucket_publicidad/index.php/site/adduser
---
2015/01/17 06:08:35 [error] [exception.CException] exception 'CException' with message 'RegistrationForm y sus behaviors no tienen un método o closure llamado "tableName".' in C:\wamp\www\yii\framework\yiilite.php:694
Stack trace:
#0 C:\wamp\www\yii\framework\yiilite.php(7934): CComponent->__call('tableName', Array)
#1 C:\wamp\www\yii\framework\yiilite.php(7934): RegistrationForm->tableName()
#2 C:\wamp\www\yii\framework\yiilite.php(7045): CActiveRecordMetaData->__construct(Object(RegistrationForm))
#3 C:\wamp\www\yii\framework\validators\CUniqueValidator.php(87): CActiveRecord::model('RegistrationFor...')
#4 C:\wamp\www\yii\framework\yiilite.php(9623): CUniqueValidator->validateAttribute(Object(RegistrationForm), 'username')
#5 C:\wamp\www\yii\framework\yiilite.php(6633): CValidator->validate(Object(RegistrationForm), NULL)
#6 C:\wamp\www\bitbucket_publicidad\protected\controllers\SiteController.php(223): CModel->validate()
#7 C:\wamp\www\yii\framework\yiilite.php(3891): SiteController->actionAddUser()
#8 C:\wamp\www\yii\framework\yiilite.php(3403): CInlineAction->runWithParams(Array)
#9 C:\wamp\www\yii\framework\yiilite.php(6405): CController->runAction(Object(CInlineAction))
#10 C:\wamp\www\yii\framework\yiilite.php(6414): CFilterChain->run()
#11 C:\wamp\www\yii\framework\yiilite.php(3781): CFilter->filter(Object(CFilterChain))
#12 C:\wamp\www\yii\framework\yiilite.php(6447): CController->filterAccessControl(Object(CFilterChain))
#13 C:\wamp\www\yii\framework\yiilite.php(6402): CInlineFilter->filter(Object(CFilterChain))
#14 C:\wamp\www\yii\framework\yiilite.php(3393): CFilterChain->run()
#15 C:\wamp\www\yii\framework\yiilite.php(3378): CController->runActionWithFilters(Object(CInlineAction), Array)
#16 C:\wamp\www\yii\framework\yiilite.php(1725): CController->run('adduser')
#17 C:\wamp\www\yii\framework\yiilite.php(1645): CWebApplication->runController('site/adduser')
#18 C:\wamp\www\yii\framework\yiilite.php(1170): CWebApplication->processRequest()
#19 C:\wamp\www\bitbucket_publicidad\index.php(24): CApplication->run()
#20 {main}
REQUEST_URI=/bitbucket_publicidad/index.php/site/adduser
HTTP_REFERER=http://localhost/bitbucket_publicidad/index.php/site/adduser
---
2015/01/17 06:09:03 [error] [exception.CException] exception 'CException' with message 'RegistrationForm y sus behaviors no tienen un método o closure llamado "tableName".' in C:\wamp\www\yii\framework\yiilite.php:694
Stack trace:
#0 C:\wamp\www\yii\framework\yiilite.php(7934): CComponent->__call('tableName', Array)
#1 C:\wamp\www\yii\framework\yiilite.php(7934): RegistrationForm->tableName()
#2 C:\wamp\www\yii\framework\yiilite.php(7045): CActiveRecordMetaData->__construct(Object(RegistrationForm))
#3 C:\wamp\www\yii\framework\validators\CUniqueValidator.php(87): CActiveRecord::model('RegistrationFor...')
#4 C:\wamp\www\yii\framework\yiilite.php(9623): CUniqueValidator->validateAttribute(Object(RegistrationForm), 'username')
#5 C:\wamp\www\yii\framework\yiilite.php(6633): CValidator->validate(Object(RegistrationForm), NULL)
#6 C:\wamp\www\bitbucket_publicidad\protected\controllers\SiteController.php(223): CModel->validate()
#7 C:\wamp\www\yii\framework\yiilite.php(3891): SiteController->actionAddUser()
#8 C:\wamp\www\yii\framework\yiilite.php(3403): CInlineAction->runWithParams(Array)
#9 C:\wamp\www\yii\framework\yiilite.php(6405): CController->runAction(Object(CInlineAction))
#10 C:\wamp\www\yii\framework\yiilite.php(6414): CFilterChain->run()
#11 C:\wamp\www\yii\framework\yiilite.php(3781): CFilter->filter(Object(CFilterChain))
#12 C:\wamp\www\yii\framework\yiilite.php(6447): CController->filterAccessControl(Object(CFilterChain))
#13 C:\wamp\www\yii\framework\yiilite.php(6402): CInlineFilter->filter(Object(CFilterChain))
#14 C:\wamp\www\yii\framework\yiilite.php(3393): CFilterChain->run()
#15 C:\wamp\www\yii\framework\yiilite.php(3378): CController->runActionWithFilters(Object(CInlineAction), Array)
#16 C:\wamp\www\yii\framework\yiilite.php(1725): CController->run('adduser')
#17 C:\wamp\www\yii\framework\yiilite.php(1645): CWebApplication->runController('site/adduser')
#18 C:\wamp\www\yii\framework\yiilite.php(1170): CWebApplication->processRequest()
#19 C:\wamp\www\bitbucket_publicidad\index.php(24): CApplication->run()
#20 {main}
REQUEST_URI=/bitbucket_publicidad/index.php/site/adduser
HTTP_REFERER=http://localhost/bitbucket_publicidad/index.php/site/adduser
---
2015/01/17 06:09:55 [error] [exception.CException] exception 'CException' with message 'RegistrationForm y sus behaviors no tienen un método o closure llamado "tableName".' in C:\wamp\www\yii\framework\yiilite.php:694
Stack trace:
#0 C:\wamp\www\yii\framework\yiilite.php(7934): CComponent->__call('tableName', Array)
#1 C:\wamp\www\yii\framework\yiilite.php(7934): RegistrationForm->tableName()
#2 C:\wamp\www\yii\framework\yiilite.php(7045): CActiveRecordMetaData->__construct(Object(RegistrationForm))
#3 C:\wamp\www\yii\framework\validators\CUniqueValidator.php(87): CActiveRecord::model('RegistrationFor...')
#4 C:\wamp\www\yii\framework\yiilite.php(9623): CUniqueValidator->validateAttribute(Object(RegistrationForm), 'username')
#5 C:\wamp\www\yii\framework\yiilite.php(6633): CValidator->validate(Object(RegistrationForm), NULL)
#6 C:\wamp\www\bitbucket_publicidad\protected\controllers\SiteController.php(223): CModel->validate()
#7 C:\wamp\www\yii\framework\yiilite.php(3891): SiteController->actionAddUser()
#8 C:\wamp\www\yii\framework\yiilite.php(3403): CInlineAction->runWithParams(Array)
#9 C:\wamp\www\yii\framework\yiilite.php(6405): CController->runAction(Object(CInlineAction))
#10 C:\wamp\www\yii\framework\yiilite.php(6414): CFilterChain->run()
#11 C:\wamp\www\yii\framework\yiilite.php(3781): CFilter->filter(Object(CFilterChain))
#12 C:\wamp\www\yii\framework\yiilite.php(6447): CController->filterAccessControl(Object(CFilterChain))
#13 C:\wamp\www\yii\framework\yiilite.php(6402): CInlineFilter->filter(Object(CFilterChain))
#14 C:\wamp\www\yii\framework\yiilite.php(3393): CFilterChain->run()
#15 C:\wamp\www\yii\framework\yiilite.php(3378): CController->runActionWithFilters(Object(CInlineAction), Array)
#16 C:\wamp\www\yii\framework\yiilite.php(1725): CController->run('adduser')
#17 C:\wamp\www\yii\framework\yiilite.php(1645): CWebApplication->runController('site/adduser')
#18 C:\wamp\www\yii\framework\yiilite.php(1170): CWebApplication->processRequest()
#19 C:\wamp\www\bitbucket_publicidad\index.php(24): CApplication->run()
#20 {main}
REQUEST_URI=/bitbucket_publicidad/index.php/site/adduser
HTTP_REFERER=http://localhost/bitbucket_publicidad/index.php/site/adduser
---
2015/01/17 06:18:16 [error] [exception.CException] exception 'CException' with message 'RegistrationForm y sus behaviors no tienen un método o closure llamado "tableName".' in C:\wamp\www\yii\framework\yiilite.php:694
Stack trace:
#0 C:\wamp\www\yii\framework\yiilite.php(7934): CComponent->__call('tableName', Array)
#1 C:\wamp\www\yii\framework\yiilite.php(7934): RegistrationForm->tableName()
#2 C:\wamp\www\yii\framework\yiilite.php(7045): CActiveRecordMetaData->__construct(Object(RegistrationForm))
#3 C:\wamp\www\yii\framework\validators\CUniqueValidator.php(87): CActiveRecord::model('RegistrationFor...')
#4 C:\wamp\www\yii\framework\yiilite.php(9623): CUniqueValidator->validateAttribute(Object(RegistrationForm), 'username')
#5 C:\wamp\www\yii\framework\yiilite.php(6633): CValidator->validate(Object(RegistrationForm), NULL)
#6 C:\wamp\www\bitbucket_publicidad\protected\controllers\SiteController.php(223): CModel->validate()
#7 C:\wamp\www\yii\framework\yiilite.php(3891): SiteController->actionAddUser()
#8 C:\wamp\www\yii\framework\yiilite.php(3403): CInlineAction->runWithParams(Array)
#9 C:\wamp\www\yii\framework\yiilite.php(6405): CController->runAction(Object(CInlineAction))
#10 C:\wamp\www\yii\framework\yiilite.php(6414): CFilterChain->run()
#11 C:\wamp\www\yii\framework\yiilite.php(3781): CFilter->filter(Object(CFilterChain))
#12 C:\wamp\www\yii\framework\yiilite.php(6447): CController->filterAccessControl(Object(CFilterChain))
#13 C:\wamp\www\yii\framework\yiilite.php(6402): CInlineFilter->filter(Object(CFilterChain))
#14 C:\wamp\www\yii\framework\yiilite.php(3393): CFilterChain->run()
#15 C:\wamp\www\yii\framework\yiilite.php(3378): CController->runActionWithFilters(Object(CInlineAction), Array)
#16 C:\wamp\www\yii\framework\yiilite.php(1725): CController->run('adduser')
#17 C:\wamp\www\yii\framework\yiilite.php(1645): CWebApplication->runController('site/adduser')
#18 C:\wamp\www\yii\framework\yiilite.php(1170): CWebApplication->processRequest()
#19 C:\wamp\www\bitbucket_publicidad\index.php(24): CApplication->run()
#20 {main}
REQUEST_URI=/bitbucket_publicidad/index.php/site/adduser
HTTP_REFERER=http://localhost/bitbucket_publicidad/index.php/site/adduser
---
2015/01/17 06:18:33 [error] [exception.CException] exception 'CException' with message 'RegistrationForm y sus behaviors no tienen un método o closure llamado "tableName".' in C:\wamp\www\yii\framework\yiilite.php:694
Stack trace:
#0 C:\wamp\www\yii\framework\yiilite.php(7934): CComponent->__call('tableName', Array)
#1 C:\wamp\www\yii\framework\yiilite.php(7934): RegistrationForm->tableName()
#2 C:\wamp\www\yii\framework\yiilite.php(7045): CActiveRecordMetaData->__construct(Object(RegistrationForm))
#3 C:\wamp\www\yii\framework\validators\CUniqueValidator.php(87): CActiveRecord::model('RegistrationFor...')
#4 C:\wamp\www\yii\framework\yiilite.php(9623): CUniqueValidator->validateAttribute(Object(RegistrationForm), 'username')
#5 C:\wamp\www\yii\framework\yiilite.php(6633): CValidator->validate(Object(RegistrationForm), NULL)
#6 C:\wamp\www\bitbucket_publicidad\protected\controllers\SiteController.php(223): CModel->validate()
#7 C:\wamp\www\yii\framework\yiilite.php(3891): SiteController->actionAddUser()
#8 C:\wamp\www\yii\framework\yiilite.php(3403): CInlineAction->runWithParams(Array)
#9 C:\wamp\www\yii\framework\yiilite.php(6405): CController->runAction(Object(CInlineAction))
#10 C:\wamp\www\yii\framework\yiilite.php(6414): CFilterChain->run()
#11 C:\wamp\www\yii\framework\yiilite.php(3781): CFilter->filter(Object(CFilterChain))
#12 C:\wamp\www\yii\framework\yiilite.php(6447): CController->filterAccessControl(Object(CFilterChain))
#13 C:\wamp\www\yii\framework\yiilite.php(6402): CInlineFilter->filter(Object(CFilterChain))
#14 C:\wamp\www\yii\framework\yiilite.php(3393): CFilterChain->run()
#15 C:\wamp\www\yii\framework\yiilite.php(3378): CController->runActionWithFilters(Object(CInlineAction), Array)
#16 C:\wamp\www\yii\framework\yiilite.php(1725): CController->run('adduser')
#17 C:\wamp\www\yii\framework\yiilite.php(1645): CWebApplication->runController('site/adduser')
#18 C:\wamp\www\yii\framework\yiilite.php(1170): CWebApplication->processRequest()
#19 C:\wamp\www\bitbucket_publicidad\index.php(24): CApplication->run()
#20 {main}
REQUEST_URI=/bitbucket_publicidad/index.php/site/adduser
HTTP_REFERER=http://localhost/bitbucket_publicidad/index.php/site/adduser
---
2015/01/17 06:18:34 [error] [exception.CException] exception 'CException' with message 'RegistrationForm y sus behaviors no tienen un método o closure llamado "tableName".' in C:\wamp\www\yii\framework\yiilite.php:694
Stack trace:
#0 C:\wamp\www\yii\framework\yiilite.php(7934): CComponent->__call('tableName', Array)
#1 C:\wamp\www\yii\framework\yiilite.php(7934): RegistrationForm->tableName()
#2 C:\wamp\www\yii\framework\yiilite.php(7045): CActiveRecordMetaData->__construct(Object(RegistrationForm))
#3 C:\wamp\www\yii\framework\validators\CUniqueValidator.php(87): CActiveRecord::model('RegistrationFor...')
#4 C:\wamp\www\yii\framework\yiilite.php(9623): CUniqueValidator->validateAttribute(Object(RegistrationForm), 'username')
#5 C:\wamp\www\yii\framework\yiilite.php(6633): CValidator->validate(Object(RegistrationForm), NULL)
#6 C:\wamp\www\bitbucket_publicidad\protected\controllers\SiteController.php(223): CModel->validate()
#7 C:\wamp\www\yii\framework\yiilite.php(3891): SiteController->actionAddUser()
#8 C:\wamp\www\yii\framework\yiilite.php(3403): CInlineAction->runWithParams(Array)
#9 C:\wamp\www\yii\framework\yiilite.php(6405): CController->runAction(Object(CInlineAction))
#10 C:\wamp\www\yii\framework\yiilite.php(6414): CFilterChain->run()
#11 C:\wamp\www\yii\framework\yiilite.php(3781): CFilter->filter(Object(CFilterChain))
#12 C:\wamp\www\yii\framework\yiilite.php(6447): CController->filterAccessControl(Object(CFilterChain))
#13 C:\wamp\www\yii\framework\yiilite.php(6402): CInlineFilter->filter(Object(CFilterChain))
#14 C:\wamp\www\yii\framework\yiilite.php(3393): CFilterChain->run()
#15 C:\wamp\www\yii\framework\yiilite.php(3378): CController->runActionWithFilters(Object(CInlineAction), Array)
#16 C:\wamp\www\yii\framework\yiilite.php(1725): CController->run('adduser')
#17 C:\wamp\www\yii\framework\yiilite.php(1645): CWebApplication->runController('site/adduser')
#18 C:\wamp\www\yii\framework\yiilite.php(1170): CWebApplication->processRequest()
#19 C:\wamp\www\bitbucket_publicidad\index.php(24): CApplication->run()
#20 {main}
REQUEST_URI=/bitbucket_publicidad/index.php/site/adduser
HTTP_REFERER=http://localhost/bitbucket_publicidad/index.php/site/adduser
---
2015/01/17 06:18:34 [error] [exception.CException] exception 'CException' with message 'RegistrationForm y sus behaviors no tienen un método o closure llamado "tableName".' in C:\wamp\www\yii\framework\yiilite.php:694
Stack trace:
#0 C:\wamp\www\yii\framework\yiilite.php(7934): CComponent->__call('tableName', Array)
#1 C:\wamp\www\yii\framework\yiilite.php(7934): RegistrationForm->tableName()
#2 C:\wamp\www\yii\framework\yiilite.php(7045): CActiveRecordMetaData->__construct(Object(RegistrationForm))
#3 C:\wamp\www\yii\framework\validators\CUniqueValidator.php(87): CActiveRecord::model('RegistrationFor...')
#4 C:\wamp\www\yii\framework\yiilite.php(9623): CUniqueValidator->validateAttribute(Object(RegistrationForm), 'username')
#5 C:\wamp\www\yii\framework\yiilite.php(6633): CValidator->validate(Object(RegistrationForm), NULL)
#6 C:\wamp\www\bitbucket_publicidad\protected\controllers\SiteController.php(223): CModel->validate()
#7 C:\wamp\www\yii\framework\yiilite.php(3891): SiteController->actionAddUser()
#8 C:\wamp\www\yii\framework\yiilite.php(3403): CInlineAction->runWithParams(Array)
#9 C:\wamp\www\yii\framework\yiilite.php(6405): CController->runAction(Object(CInlineAction))
#10 C:\wamp\www\yii\framework\yiilite.php(6414): CFilterChain->run()
#11 C:\wamp\www\yii\framework\yiilite.php(3781): CFilter->filter(Object(CFilterChain))
#12 C:\wamp\www\yii\framework\yiilite.php(6447): CController->filterAccessControl(Object(CFilterChain))
#13 C:\wamp\www\yii\framework\yiilite.php(6402): CInlineFilter->filter(Object(CFilterChain))
#14 C:\wamp\www\yii\framework\yiilite.php(3393): CFilterChain->run()
#15 C:\wamp\www\yii\framework\yiilite.php(3378): CController->runActionWithFilters(Object(CInlineAction), Array)
#16 C:\wamp\www\yii\framework\yiilite.php(1725): CController->run('adduser')
#17 C:\wamp\www\yii\framework\yiilite.php(1645): CWebApplication->runController('site/adduser')
#18 C:\wamp\www\yii\framework\yiilite.php(1170): CWebApplication->processRequest()
#19 C:\wamp\www\bitbucket_publicidad\index.php(24): CApplication->run()
#20 {main}
REQUEST_URI=/bitbucket_publicidad/index.php/site/adduser
HTTP_REFERER=http://localhost/bitbucket_publicidad/index.php/site/adduser
---
2015/01/17 06:18:35 [error] [exception.CException] exception 'CException' with message 'RegistrationForm y sus behaviors no tienen un método o closure llamado "tableName".' in C:\wamp\www\yii\framework\yiilite.php:694
Stack trace:
#0 C:\wamp\www\yii\framework\yiilite.php(7934): CComponent->__call('tableName', Array)
#1 C:\wamp\www\yii\framework\yiilite.php(7934): RegistrationForm->tableName()
#2 C:\wamp\www\yii\framework\yiilite.php(7045): CActiveRecordMetaData->__construct(Object(RegistrationForm))
#3 C:\wamp\www\yii\framework\validators\CUniqueValidator.php(87): CActiveRecord::model('RegistrationFor...')
#4 C:\wamp\www\yii\framework\yiilite.php(9623): CUniqueValidator->validateAttribute(Object(RegistrationForm), 'username')
#5 C:\wamp\www\yii\framework\yiilite.php(6633): CValidator->validate(Object(RegistrationForm), NULL)
#6 C:\wamp\www\bitbucket_publicidad\protected\controllers\SiteController.php(223): CModel->validate()
#7 C:\wamp\www\yii\framework\yiilite.php(3891): SiteController->actionAddUser()
#8 C:\wamp\www\yii\framework\yiilite.php(3403): CInlineAction->runWithParams(Array)
#9 C:\wamp\www\yii\framework\yiilite.php(6405): CController->runAction(Object(CInlineAction))
#10 C:\wamp\www\yii\framework\yiilite.php(6414): CFilterChain->run()
#11 C:\wamp\www\yii\framework\yiilite.php(3781): CFilter->filter(Object(CFilterChain))
#12 C:\wamp\www\yii\framework\yiilite.php(6447): CController->filterAccessControl(Object(CFilterChain))
#13 C:\wamp\www\yii\framework\yiilite.php(6402): CInlineFilter->filter(Object(CFilterChain))
#14 C:\wamp\www\yii\framework\yiilite.php(3393): CFilterChain->run()
#15 C:\wamp\www\yii\framework\yiilite.php(3378): CController->runActionWithFilters(Object(CInlineAction), Array)
#16 C:\wamp\www\yii\framework\yiilite.php(1725): CController->run('adduser')
#17 C:\wamp\www\yii\framework\yiilite.php(1645): CWebApplication->runController('site/adduser')
#18 C:\wamp\www\yii\framework\yiilite.php(1170): CWebApplication->processRequest()
#19 C:\wamp\www\bitbucket_publicidad\index.php(24): CApplication->run()
#20 {main}
REQUEST_URI=/bitbucket_publicidad/index.php/site/adduser
HTTP_REFERER=http://localhost/bitbucket_publicidad/index.php/site/adduser
---
2015/01/17 06:18:36 [error] [exception.CException] exception 'CException' with message 'RegistrationForm y sus behaviors no tienen un método o closure llamado "tableName".' in C:\wamp\www\yii\framework\yiilite.php:694
Stack trace:
#0 C:\wamp\www\yii\framework\yiilite.php(7934): CComponent->__call('tableName', Array)
#1 C:\wamp\www\yii\framework\yiilite.php(7934): RegistrationForm->tableName()
#2 C:\wamp\www\yii\framework\yiilite.php(7045): CActiveRecordMetaData->__construct(Object(RegistrationForm))
#3 C:\wamp\www\yii\framework\validators\CUniqueValidator.php(87): CActiveRecord::model('RegistrationFor...')
#4 C:\wamp\www\yii\framework\yiilite.php(9623): CUniqueValidator->validateAttribute(Object(RegistrationForm), 'username')
#5 C:\wamp\www\yii\framework\yiilite.php(6633): CValidator->validate(Object(RegistrationForm), NULL)
#6 C:\wamp\www\bitbucket_publicidad\protected\controllers\SiteController.php(223): CModel->validate()
#7 C:\wamp\www\yii\framework\yiilite.php(3891): SiteController->actionAddUser()
#8 C:\wamp\www\yii\framework\yiilite.php(3403): CInlineAction->runWithParams(Array)
#9 C:\wamp\www\yii\framework\yiilite.php(6405): CController->runAction(Object(CInlineAction))
#10 C:\wamp\www\yii\framework\yiilite.php(6414): CFilterChain->run()
#11 C:\wamp\www\yii\framework\yiilite.php(3781): CFilter->filter(Object(CFilterChain))
#12 C:\wamp\www\yii\framework\yiilite.php(6447): CController->filterAccessControl(Object(CFilterChain))
#13 C:\wamp\www\yii\framework\yiilite.php(6402): CInlineFilter->filter(Object(CFilterChain))
#14 C:\wamp\www\yii\framework\yiilite.php(3393): CFilterChain->run()
#15 C:\wamp\www\yii\framework\yiilite.php(3378): CController->runActionWithFilters(Object(CInlineAction), Array)
#16 C:\wamp\www\yii\framework\yiilite.php(1725): CController->run('adduser')
#17 C:\wamp\www\yii\framework\yiilite.php(1645): CWebApplication->runController('site/adduser')
#18 C:\wamp\www\yii\framework\yiilite.php(1170): CWebApplication->processRequest()
#19 C:\wamp\www\bitbucket_publicidad\index.php(24): CApplication->run()
#20 {main}
REQUEST_URI=/bitbucket_publicidad/index.php/site/adduser
HTTP_REFERER=http://localhost/bitbucket_publicidad/index.php/site/adduser
---
2015/01/17 07:25:17 [error] [exception.CException] exception 'CException' with message 'Propiedad "SiteController"."name" no se encuentra definida.' in C:\wamp\www\yii\framework\yiilite.php:628
Stack trace:
#0 C:\wamp\www\bitbucket_publicidad\protected\controllers\SiteController.php(77): CComponent->__set('name', 'Publicidad Culi...')
#1 C:\wamp\www\yii\framework\yiilite.php(3891): SiteController->actionIndex()
#2 C:\wamp\www\yii\framework\yiilite.php(3403): CInlineAction->runWithParams(Array)
#3 C:\wamp\www\yii\framework\yiilite.php(6405): CController->runAction(Object(CInlineAction))
#4 C:\wamp\www\yii\framework\yiilite.php(6414): CFilterChain->run()
#5 C:\wamp\www\yii\framework\yiilite.php(3781): CFilter->filter(Object(CFilterChain))
#6 C:\wamp\www\yii\framework\yiilite.php(6447): CController->filterAccessControl(Object(CFilterChain))
#7 C:\wamp\www\yii\framework\yiilite.php(6402): CInlineFilter->filter(Object(CFilterChain))
#8 C:\wamp\www\yii\framework\yiilite.php(3393): CFilterChain->run()
#9 C:\wamp\www\yii\framework\yiilite.php(3378): CController->runActionWithFilters(Object(CInlineAction), Array)
#10 C:\wamp\www\yii\framework\yiilite.php(1725): CController->run('')
#11 C:\wamp\www\yii\framework\yiilite.php(1645): CWebApplication->runController('')
#12 C:\wamp\www\yii\framework\yiilite.php(1170): CWebApplication->processRequest()
#13 C:\wamp\www\bitbucket_publicidad\index.php(24): CApplication->run()
#14 {main}
REQUEST_URI=/bitbucket_publicidad/index.php
HTTP_REFERER=http://localhost/bitbucket_publicidad/index.php/site/adduser
---
2015/01/17 07:25:29 [error] [exception.CException] exception 'CException' with message 'Propiedad "SiteController"."name" no se encuentra definida.' in C:\wamp\www\yii\framework\yiilite.php:628
Stack trace:
#0 C:\wamp\www\bitbucket_publicidad\protected\controllers\SiteController.php(77): CComponent->__set('name', 'Publicidad Culi...')
#1 C:\wamp\www\yii\framework\yiilite.php(3891): SiteController->actionIndex()
#2 C:\wamp\www\yii\framework\yiilite.php(3403): CInlineAction->runWithParams(Array)
#3 C:\wamp\www\yii\framework\yiilite.php(6405): CController->runAction(Object(CInlineAction))
#4 C:\wamp\www\yii\framework\yiilite.php(6414): CFilterChain->run()
#5 C:\wamp\www\yii\framework\yiilite.php(3781): CFilter->filter(Object(CFilterChain))
#6 C:\wamp\www\yii\framework\yiilite.php(6447): CController->filterAccessControl(Object(CFilterChain))
#7 C:\wamp\www\yii\framework\yiilite.php(6402): CInlineFilter->filter(Object(CFilterChain))
#8 C:\wamp\www\yii\framework\yiilite.php(3393): CFilterChain->run()
#9 C:\wamp\www\yii\framework\yiilite.php(3378): CController->runActionWithFilters(Object(CInlineAction), Array)
#10 C:\wamp\www\yii\framework\yiilite.php(1725): CController->run('')
#11 C:\wamp\www\yii\framework\yiilite.php(1645): CWebApplication->runController('')
#12 C:\wamp\www\yii\framework\yiilite.php(1170): CWebApplication->processRequest()
#13 C:\wamp\www\bitbucket_publicidad\index.php(24): CApplication->run()
#14 {main}
REQUEST_URI=/bitbucket_publicidad/index.php
HTTP_REFERER=http://localhost/bitbucket_publicidad/index.php/site/adduser
---
2015/01/17 07:26:32 [error] [exception.CException] exception 'CException' with message 'Propiedad "CWebApplication"."title" no se encuentra definida.' in C:\wamp\www\yii\framework\yiilite.php:628
Stack trace:
#0 C:\wamp\www\bitbucket_publicidad\protected\controllers\ProductController.php(70): CComponent->__set('title', 'asdf')
#1 [internal function]: ProductController->actionDetail('volante_en_line...')
#2 C:\wamp\www\yii\framework\yiilite.php(3872): ReflectionMethod->invokeArgs(Object(ProductController), Array)
#3 C:\wamp\www\yii\framework\yiilite.php(3889): CAction->runWithParamsInternal(Object(ProductController), Object(ReflectionMethod), Array)
#4 C:\wamp\www\yii\framework\yiilite.php(3403): CInlineAction->runWithParams(Array)
#5 C:\wamp\www\yii\framework\yiilite.php(6405): CController->runAction(Object(CInlineAction))
#6 C:\wamp\www\yii\framework\yiilite.php(6414): CFilterChain->run()
#7 C:\wamp\www\yii\framework\yiilite.php(3781): CFilter->filter(Object(CFilterChain))
#8 C:\wamp\www\yii\framework\yiilite.php(6447): CController->filterAccessControl(Object(CFilterChain))
#9 C:\wamp\www\yii\framework\yiilite.php(6402): CInlineFilter->filter(Object(CFilterChain))
#10 C:\wamp\www\yii\framework\yiilite.php(3393): CFilterChain->run()
#11 C:\wamp\www\yii\framework\yiilite.php(3378): CController->runActionWithFilters(Object(CInlineAction), Array)
#12 C:\wamp\www\yii\framework\yiilite.php(1725): CController->run('detail')
#13 C:\wamp\www\yii\framework\yiilite.php(1645): CWebApplication->runController('product/detail/...')
#14 C:\wamp\www\yii\framework\yiilite.php(1170): CWebApplication->processRequest()
#15 C:\wamp\www\bitbucket_publicidad\index.php(24): CApplication->run()
#16 {main}
REQUEST_URI=/bitbucket_publicidad/index.php/product/detail/id/volante_en_linea
HTTP_REFERER=http://localhost/bitbucket_publicidad/index.php
---
2015/01/17 07:28:17 [error] [php] Undefined variable: model (C:\wamp\www\bitbucket_publicidad\protected\controllers\ProductController.php:70)
Stack trace:
#0 C:\wamp\www\yii\framework\yiilite.php(3889): CInlineAction->runWithParamsInternal()
#1 C:\wamp\www\yii\framework\yiilite.php(3403): CInlineAction->runWithParams()
#2 C:\wamp\www\yii\framework\yiilite.php(6405): ProductController->runAction()
#3 C:\wamp\www\yii\framework\yiilite.php(6414): CFilterChain->run()
#4 C:\wamp\www\yii\framework\yiilite.php(3781): CAccessControlFilter->filter()
#5 C:\wamp\www\yii\framework\yiilite.php(6447): ProductController->filterAccessControl()
#6 C:\wamp\www\yii\framework\yiilite.php(6402): CInlineFilter->filter()
#7 C:\wamp\www\yii\framework\yiilite.php(3393): CFilterChain->run()
#8 C:\wamp\www\yii\framework\yiilite.php(3378): ProductController->runActionWithFilters()
#9 C:\wamp\www\yii\framework\yiilite.php(1725): ProductController->run()
#10 C:\wamp\www\yii\framework\yiilite.php(1645): CWebApplication->runController()
#11 C:\wamp\www\yii\framework\yiilite.php(1170): CWebApplication->processRequest()
#12 C:\wamp\www\bitbucket_publicidad\index.php(24): CWebApplication->run()
REQUEST_URI=/bitbucket_publicidad/index.php/product/detail/id/volante_en_linea
2015/01/20 05:29:54 [error] [php] Division by zero (C:\wamp\www\bitbucket_publicidad\themes\bootstrap\views\site\index.php:58)
Stack trace:
#0 C:\wamp\www\yii\framework\yiilite.php(3655): SiteController->renderFile()
#1 C:\wamp\www\yii\framework\yiilite.php(3623): SiteController->renderPartial()
#2 C:\wamp\www\bitbucket_publicidad\protected\controllers\SiteController.php(87): SiteController->render()
#3 C:\wamp\www\yii\framework\yiilite.php(3891): SiteController->actionIndex()
#4 C:\wamp\www\yii\framework\yiilite.php(3403): CInlineAction->runWithParams()
#5 C:\wamp\www\yii\framework\yiilite.php(6405): SiteController->runAction()
#6 C:\wamp\www\yii\framework\yiilite.php(6414): CFilterChain->run()
#7 C:\wamp\www\yii\framework\yiilite.php(3781): CAccessControlFilter->filter()
#8 C:\wamp\www\yii\framework\yiilite.php(6447): SiteController->filterAccessControl()
#9 C:\wamp\www\yii\framework\yiilite.php(6402): CInlineFilter->filter()
#10 C:\wamp\www\yii\framework\yiilite.php(3393): CFilterChain->run()
#11 C:\wamp\www\yii\framework\yiilite.php(3378): SiteController->runActionWithFilters()
#12 C:\wamp\www\yii\framework\yiilite.php(1725): SiteController->run()
#13 C:\wamp\www\yii\framework\yiilite.php(1645): CWebApplication->runController()
#14 C:\wamp\www\yii\framework\yiilite.php(1170): CWebApplication->processRequest()
#15 C:\wamp\www\bitbucket_publicidad\index.php(24): CWebApplication->run()
REQUEST_URI=/bitbucket_publicidad/index.php
2015/01/20 15:30:58 [error] [exception.CHttpException.403] exception 'CHttpException' with message 'Usted no se encuentra autorizado a realizar esta acción.' in C:\wamp\www\yii\framework\yiilite.php:6513
Stack trace:
#0 C:\wamp\www\yii\framework\yiilite.php(6493): CAccessControlFilter->accessDenied(Object(CWebUser), 'Usted no se enc...')
#1 C:\wamp\www\yii\framework\yiilite.php(6412): CAccessControlFilter->preFilter(Object(CFilterChain))
#2 C:\wamp\www\yii\framework\yiilite.php(3781): CFilter->filter(Object(CFilterChain))
#3 C:\wamp\www\yii\framework\yiilite.php(6447): CController->filterAccessControl(Object(CFilterChain))
#4 C:\wamp\www\yii\framework\yiilite.php(6402): CInlineFilter->filter(Object(CFilterChain))
#5 C:\wamp\www\yii\framework\yiilite.php(3393): CFilterChain->run()
#6 C:\wamp\www\yii\framework\yiilite.php(3378): CController->runActionWithFilters(Object(CInlineAction), Array)
#7 C:\wamp\www\yii\framework\yiilite.php(1725): CController->run('profile')
#8 C:\wamp\www\yii\framework\yiilite.php(1645): CWebApplication->runController('site/profile')
#9 C:\wamp\www\yii\framework\yiilite.php(1170): CWebApplication->processRequest()
#10 C:\wamp\www\bitbucket_publicidad\index.php(24): CApplication->run()
#11 {main}
REQUEST_URI=/bitbucket_publicidad/index.php/site/profile
---
2015/01/20 15:31:11 [error] [php] Undefined variable: model (C:\wamp\www\bitbucket_publicidad\protected\controllers\SiteController.php:310)
Stack trace:
#0 C:\wamp\www\yii\framework\yiilite.php(6405): SiteController->runAction()
#1 C:\wamp\www\yii\framework\yiilite.php(6414): CFilterChain->run()
#2 C:\wamp\www\yii\framework\yiilite.php(3781): CAccessControlFilter->filter()
#3 C:\wamp\www\yii\framework\yiilite.php(6447): SiteController->filterAccessControl()
#4 C:\wamp\www\yii\framework\yiilite.php(6402): CInlineFilter->filter()
#5 C:\wamp\www\yii\framework\yiilite.php(3393): CFilterChain->run()
#6 C:\wamp\www\yii\framework\yiilite.php(3378): SiteController->runActionWithFilters()
#7 C:\wamp\www\yii\framework\yiilite.php(1725): SiteController->run()
#8 C:\wamp\www\yii\framework\yiilite.php(1645): CWebApplication->runController()
#9 C:\wamp\www\yii\framework\yiilite.php(1170): CWebApplication->processRequest()
#10 C:\wamp\www\bitbucket_publicidad\index.php(24): CWebApplication->run()
REQUEST_URI=/bitbucket_publicidad/index.php/site/profile
2015/01/20 15:31:36 [error] [exception.CException] exception 'CException' with message 'SiteController no ha podido encontrar la vista "user/profile" solicitada.' in C:\wamp\www\yii\framework\yiilite.php:3664
Stack trace:
#0 C:\wamp\www\yii\framework\yiilite.php(3623): CController->renderPartial('user/profile', NULL, true)
#1 C:\wamp\www\bitbucket_publicidad\protected\controllers\SiteController.php(310): CController->render('user/profile')
#2 C:\wamp\www\yii\framework\yiilite.php(3891): SiteController->actionProfile()
#3 C:\wamp\www\yii\framework\yiilite.php(3403): CInlineAction->runWithParams(Array)
#4 C:\wamp\www\yii\framework\yiilite.php(6405): CController->runAction(Object(CInlineAction))
#5 C:\wamp\www\yii\framework\yiilite.php(6414): CFilterChain->run()
#6 C:\wamp\www\yii\framework\yiilite.php(3781): CFilter->filter(Object(CFilterChain))
#7 C:\wamp\www\yii\framework\yiilite.php(6447): CController->filterAccessControl(Object(CFilterChain))
#8 C:\wamp\www\yii\framework\yiilite.php(6402): CInlineFilter->filter(Object(CFilterChain))
#9 C:\wamp\www\yii\framework\yiilite.php(3393): CFilterChain->run()
#10 C:\wamp\www\yii\framework\yiilite.php(3378): CController->runActionWithFilters(Object(CInlineAction), Array)
#11 C:\wamp\www\yii\framework\yiilite.php(1725): CController->run('profile')
#12 C:\wamp\www\yii\framework\yiilite.php(1645): CWebApplication->runController('site/profile')
#13 C:\wamp\www\yii\framework\yiilite.php(1170): CWebApplication->processRequest()
#14 C:\wamp\www\bitbucket_publicidad\index.php(24): CApplication->run()
#15 {main}
REQUEST_URI=/bitbucket_publicidad/index.php/site/profile
---
2015/01/20 15:32:02 [error] [exception.CException] exception 'CException' with message 'SiteController no ha podido encontrar la vista "index.php/user/profile" solicitada.' in C:\wamp\www\yii\framework\yiilite.php:3664
Stack trace:
#0 C:\wamp\www\yii\framework\yiilite.php(3623): CController->renderPartial('index.php/user/...', NULL, true)
#1 C:\wamp\www\bitbucket_publicidad\protected\controllers\SiteController.php(310): CController->render('index.php/user/...')
#2 C:\wamp\www\yii\framework\yiilite.php(3891): SiteController->actionProfile()
#3 C:\wamp\www\yii\framework\yiilite.php(3403): CInlineAction->runWithParams(Array)
#4 C:\wamp\www\yii\framework\yiilite.php(6405): CController->runAction(Object(CInlineAction))
#5 C:\wamp\www\yii\framework\yiilite.php(6414): CFilterChain->run()
#6 C:\wamp\www\yii\framework\yiilite.php(3781): CFilter->filter(Object(CFilterChain))
#7 C:\wamp\www\yii\framework\yiilite.php(6447): CController->filterAccessControl(Object(CFilterChain))
#8 C:\wamp\www\yii\framework\yiilite.php(6402): CInlineFilter->filter(Object(CFilterChain))
#9 C:\wamp\www\yii\framework\yiilite.php(3393): CFilterChain->run()
#10 C:\wamp\www\yii\framework\yiilite.php(3378): CController->runActionWithFilters(Object(CInlineAction), Array)
#11 C:\wamp\www\yii\framework\yiilite.php(1725): CController->run('profile')
#12 C:\wamp\www\yii\framework\yiilite.php(1645): CWebApplication->runController('site/profile')
#13 C:\wamp\www\yii\framework\yiilite.php(1170): CWebApplication->processRequest()
#14 C:\wamp\www\bitbucket_publicidad\index.php(24): CApplication->run()
#15 {main}
REQUEST_URI=/bitbucket_publicidad/index.php/site/profile
---
2015/01/20 15:32:22 [error] [exception.CHttpException.404] exception 'CHttpException' with message 'El sistema no ha podido encontrar la acción "user" solicitada.' in C:\wamp\www\yii\framework\yiilite.php:3501
Stack trace:
#0 C:\wamp\www\yii\framework\yiilite.php(3383): CController->missingAction('user')
#1 C:\wamp\www\yii\framework\yiilite.php(1725): CController->run('user')
#2 C:\wamp\www\yii\framework\yiilite.php(1645): CWebApplication->runController('site/user/profi...')
#3 C:\wamp\www\yii\framework\yiilite.php(1170): CWebApplication->processRequest()
#4 C:\wamp\www\bitbucket_publicidad\index.php(24): CApplication->run()
#5 {main}
REQUEST_URI=/bitbucket_publicidad/index.php/site/user/profile
---
2015/01/20 15:32:45 [error] [exception.CHttpException.404] exception 'CHttpException' with message 'El sistema no ha podido encontrar la acción "user" solicitada.' in C:\wamp\www\yii\framework\yiilite.php:3501
Stack trace:
#0 C:\wamp\www\yii\framework\yiilite.php(3383): CController->missingAction('user')
#1 C:\wamp\www\yii\framework\yiilite.php(1725): CController->run('user')
#2 C:\wamp\www\yii\framework\yiilite.php(1645): CWebApplication->runController('site/user/profi...')
#3 C:\wamp\www\yii\framework\yiilite.php(1170): CWebApplication->processRequest()
#4 C:\wamp\www\bitbucket_publicidad\index.php(24): CApplication->run()
#5 {main}
REQUEST_URI=/bitbucket_publicidad/index.php/site/user/profile
---
2015/01/20 15:32:50 [error] [exception.CHttpException.404] exception 'CHttpException' with message 'El sistema no ha podido encontrar la acción "user" solicitada.' in C:\wamp\www\yii\framework\yiilite.php:3501
Stack trace:
#0 C:\wamp\www\yii\framework\yiilite.php(3383): CController->missingAction('user')
#1 C:\wamp\www\yii\framework\yiilite.php(1725): CController->run('user')
#2 C:\wamp\www\yii\framework\yiilite.php(1645): CWebApplication->runController('site/user/profi...')
#3 C:\wamp\www\yii\framework\yiilite.php(1170): CWebApplication->processRequest()
#4 C:\wamp\www\bitbucket_publicidad\index.php(24): CApplication->run()
#5 {main}
REQUEST_URI=/bitbucket_publicidad/index.php/site/user/profile
---
2015/01/20 15:32:55 [error] [exception.CHttpException.404] exception 'CHttpException' with message 'El sistema no ha podido encontrar la acción "user" solicitada.' in C:\wamp\www\yii\framework\yiilite.php:3501
Stack trace:
#0 C:\wamp\www\yii\framework\yiilite.php(3383): CController->missingAction('user')
#1 C:\wamp\www\yii\framework\yiilite.php(1725): CController->run('user')
#2 C:\wamp\www\yii\framework\yiilite.php(1645): CWebApplication->runController('site/user/profi...')
#3 C:\wamp\www\yii\framework\yiilite.php(1170): CWebApplication->processRequest()
#4 C:\wamp\www\bitbucket_publicidad\index.php(24): CApplication->run()
#5 {main}
REQUEST_URI=/bitbucket_publicidad/index.php/site/user/profile
---
2015/01/20 15:35:38 [error] [exception.CHttpException.404] exception 'CHttpException' with message 'El sistema no ha podido encontrar la acción "user" solicitada.' in C:\wamp\www\yii\framework\yiilite.php:3501
Stack trace:
#0 C:\wamp\www\yii\framework\yiilite.php(3383): CController->missingAction('user')
#1 C:\wamp\www\yii\framework\yiilite.php(1725): CController->run('user')
#2 C:\wamp\www\yii\framework\yiilite.php(1645): CWebApplication->runController('site/user/profi...')
#3 C:\wamp\www\yii\framework\yiilite.php(1170): CWebApplication->processRequest()
#4 C:\wamp\www\bitbucket_publicidad\index.php(24): CApplication->run()
#5 {main}
REQUEST_URI=/bitbucket_publicidad/index.php/site/user/profile
---
2015/01/20 15:40:16 [error] [exception.CHttpException.404] exception 'CHttpException' with message 'El sistema no ha podido encontrar la acción "index.php" solicitada.' in C:\wamp\www\yii\framework\yiilite.php:3501
Stack trace:
#0 C:\wamp\www\yii\framework\yiilite.php(3383): CController->missingAction('index.php')
#1 C:\wamp\www\yii\framework\yiilite.php(1725): CController->run('index.php')
#2 C:\wamp\www\yii\framework\yiilite.php(1645): CWebApplication->runController('user/index.php')
#3 C:\wamp\www\yii\framework\yiilite.php(1170): CWebApplication->processRequest()
#4 C:\wamp\www\bitbucket_publicidad\index.php(24): CApplication->run()
#5 {main}
REQUEST_URI=/bitbucket_publicidad/index.php/user/index.php?r=appconfiguration/admin
HTTP_REFERER=http://localhost/bitbucket_publicidad/index.php/user/profile
---
2015/01/20 15:43:26 [error] [exception.CHttpException.404] exception 'CHttpException' with message 'El sistema no ha podido encontrar la acción "index.php" solicitada.' in C:\wamp\www\yii\framework\yiilite.php:3501
Stack trace:
#0 C:\wamp\www\yii\framework\yiilite.php(3383): CController->missingAction('index.php')
#1 C:\wamp\www\yii\framework\yiilite.php(1725): CController->run('index.php')
#2 C:\wamp\www\yii\framework\yiilite.php(1645): CWebApplication->runController('user/index.php')
#3 C:\wamp\www\yii\framework\yiilite.php(1170): CWebApplication->processRequest()
#4 C:\wamp\www\bitbucket_publicidad\index.php(24): CApplication->run()
#5 {main}
REQUEST_URI=/bitbucket_publicidad/index.php/user/index.php?r=product/index
HTTP_REFERER=http://localhost/bitbucket_publicidad/index.php/user/profile
---
2015/01/20 15:43:36 [error] [exception.CHttpException.404] exception 'CHttpException' with message 'El sistema no ha podido encontrar la acción "index.php" solicitada.' in C:\wamp\www\yii\framework\yiilite.php:3501
Stack trace:
#0 C:\wamp\www\yii\framework\yiilite.php(3383): CController->missingAction('index.php')
#1 C:\wamp\www\yii\framework\yiilite.php(1725): CController->run('index.php')
#2 C:\wamp\www\yii\framework\yiilite.php(1645): CWebApplication->runController('user/index.php')
#3 C:\wamp\www\yii\framework\yiilite.php(1170): CWebApplication->processRequest()
#4 C:\wamp\www\bitbucket_publicidad\index.php(24): CApplication->run()
#5 {main}
REQUEST_URI=/bitbucket_publicidad/index.php/user/index.php?r=product/admin
---
2015/01/20 15:43:41 [error] [exception.CHttpException.404] exception 'CHttpException' with message 'El sistema no ha podido encontrar la acción "index.php" solicitada.' in C:\wamp\www\yii\framework\yiilite.php:3501
Stack trace:
#0 C:\wamp\www\yii\framework\yiilite.php(3383): CController->missingAction('index.php')
#1 C:\wamp\www\yii\framework\yiilite.php(1725): CController->run('index.php')
#2 C:\wamp\www\yii\framework\yiilite.php(1645): CWebApplication->runController('user/index.php')
#3 C:\wamp\www\yii\framework\yiilite.php(1170): CWebApplication->processRequest()
#4 C:\wamp\www\bitbucket_publicidad\index.php(24): CApplication->run()
#5 {main}
REQUEST_URI=/bitbucket_publicidad/index.php/user/index.php?r=product/create
---
2015/01/20 15:44:14 [error] [exception.CHttpException.404] exception 'CHttpException' with message 'El sistema no ha podido encontrar la acción "index.php" solicitada.' in C:\wamp\www\yii\framework\yiilite.php:3501
Stack trace:
#0 C:\wamp\www\yii\framework\yiilite.php(3383): CController->missingAction('index.php')
#1 C:\wamp\www\yii\framework\yiilite.php(1725): CController->run('index.php')
#2 C:\wamp\www\yii\framework\yiilite.php(1645): CWebApplication->runController('user/index.php')
#3 C:\wamp\www\yii\framework\yiilite.php(1170): CWebApplication->processRequest()
#4 C:\wamp\www\bitbucket_publicidad\index.php(24): CApplication->run()
#5 {main}
REQUEST_URI=/bitbucket_publicidad/index.php/user/index.php?r=product/create
---
2015/01/20 15:44:16 [error] [exception.CHttpException.404] exception 'CHttpException' with message 'El sistema no ha podido encontrar la acción "index.php" solicitada.' in C:\wamp\www\yii\framework\yiilite.php:3501
Stack trace:
#0 C:\wamp\www\yii\framework\yiilite.php(3383): CController->missingAction('index.php')
#1 C:\wamp\www\yii\framework\yiilite.php(1725): CController->run('index.php')
#2 C:\wamp\www\yii\framework\yiilite.php(1645): CWebApplication->runController('user/index.php')
#3 C:\wamp\www\yii\framework\yiilite.php(1170): CWebApplication->processRequest()
#4 C:\wamp\www\bitbucket_publicidad\index.php(24): CApplication->run()
#5 {main}
REQUEST_URI=/bitbucket_publicidad/index.php/user/index.php?r=product/admin
---
2015/01/20 15:44:18 [error] [exception.CHttpException.404] exception 'CHttpException' with message 'El sistema no ha podido encontrar la acción "index.php" solicitada.' in C:\wamp\www\yii\framework\yiilite.php:3501
Stack trace:
#0 C:\wamp\www\yii\framework\yiilite.php(3383): CController->missingAction('index.php')
#1 C:\wamp\www\yii\framework\yiilite.php(1725): CController->run('index.php')
#2 C:\wamp\www\yii\framework\yiilite.php(1645): CWebApplication->runController('user/index.php')
#3 C:\wamp\www\yii\framework\yiilite.php(1170): CWebApplication->processRequest()
#4 C:\wamp\www\bitbucket_publicidad\index.php(24): CApplication->run()
#5 {main}
REQUEST_URI=/bitbucket_publicidad/index.php/user/index.php?r=product/index
HTTP_REFERER=http://localhost/bitbucket_publicidad/index.php/user/profile
---
2015/01/20 15:44:37 [error] [exception.CHttpException.404] exception 'CHttpException' with message 'El sistema no ha podido encontrar la acción "index.php" solicitada.' in C:\wamp\www\yii\framework\yiilite.php:3501
Stack trace:
#0 C:\wamp\www\yii\framework\yiilite.php(3383): CController->missingAction('index.php')
#1 C:\wamp\www\yii\framework\yiilite.php(1725): CController->run('index.php')
#2 C:\wamp\www\yii\framework\yiilite.php(1645): CWebApplication->runController('user/index.php')
#3 C:\wamp\www\yii\framework\yiilite.php(1170): CWebApplication->processRequest()
#4 C:\wamp\www\bitbucket_publicidad\index.php(24): CApplication->run()
#5 {main}
REQUEST_URI=/bitbucket_publicidad/index.php/user/index.php?r=user/updatePass
HTTP_REFERER=http://localhost/bitbucket_publicidad/index.php/user/profile
---
2015/01/20 15:44:42 [error] [exception.CHttpException.404] exception 'CHttpException' with message 'El sistema no ha podido encontrar la acción "index.php" solicitada.' in C:\wamp\www\yii\framework\yiilite.php:3501
Stack trace:
#0 C:\wamp\www\yii\framework\yiilite.php(3383): CController->missingAction('index.php')
#1 C:\wamp\www\yii\framework\yiilite.php(1725): CController->run('index.php')
#2 C:\wamp\www\yii\framework\yiilite.php(1645): CWebApplication->runController('user/index.php')
#3 C:\wamp\www\yii\framework\yiilite.php(1170): CWebApplication->processRequest()
#4 C:\wamp\www\bitbucket_publicidad\index.php(24): CApplication->run()
#5 {main}
REQUEST_URI=/bitbucket_publicidad/index.php/user/index.php?r=site/admin
HTTP_REFERER=http://localhost/bitbucket_publicidad/index.php/user/profile
---
2015/01/20 15:44:47 [error] [exception.CHttpException.404] exception 'CHttpException' with message 'El sistema no ha podido encontrar la acción "product" solicitada.' in C:\wamp\www\yii\framework\yiilite.php:3501
Stack trace:
#0 C:\wamp\www\yii\framework\yiilite.php(3383): CController->missingAction('product')
#1 C:\wamp\www\yii\framework\yiilite.php(1725): CController->run('product')
#2 C:\wamp\www\yii\framework\yiilite.php(1645): CWebApplication->runController('user/product/cr...')
#3 C:\wamp\www\yii\framework\yiilite.php(1170): CWebApplication->processRequest()
#4 C:\wamp\www\bitbucket_publicidad\index.php(24): CApplication->run()
#5 {main}
REQUEST_URI=/bitbucket_publicidad/index.php/user/product/create
HTTP_REFERER=http://localhost/bitbucket_publicidad/index.php/user/profile
---
2015/01/20 19:08:56 [error] [exception.CHttpException.404] exception 'CHttpException' with message 'El sistema no ha podido encontrar la acción "index.php" solicitada.' in C:\wamp\www\yii\framework\yiilite.php:3501
Stack trace:
#0 C:\wamp\www\yii\framework\yiilite.php(3383): CController->missingAction('index.php')
#1 C:\wamp\www\yii\framework\yiilite.php(1725): CController->run('index.php')
#2 C:\wamp\www\yii\framework\yiilite.php(1645): CWebApplication->runController('product/index.p...')
#3 C:\wamp\www\yii\framework\yiilite.php(1170): CWebApplication->processRequest()
#4 C:\wamp\www\bitbucket_publicidad\index.php(24): CApplication->run()
#5 {main}
REQUEST_URI=/bitbucket_publicidad/index.php/product/index.php?r=site/admin
HTTP_REFERER=http://localhost/bitbucket_publicidad/index.php/product/11
---
2015/01/20 19:09:16 [error] [exception.CHttpException.404] exception 'CHttpException' with message 'El sistema no ha podido encontrar la acción "index.php" solicitada.' in C:\wamp\www\yii\framework\yiilite.php:3501
Stack trace:
#0 C:\wamp\www\yii\framework\yiilite.php(3383): CController->missingAction('index.php')
#1 C:\wamp\www\yii\framework\yiilite.php(1725): CController->run('index.php')
#2 C:\wamp\www\yii\framework\yiilite.php(1645): CWebApplication->runController('product/index.p...')
#3 C:\wamp\www\yii\framework\yiilite.php(1170): CWebApplication->processRequest()
#4 C:\wamp\www\bitbucket_publicidad\index.php(24): CApplication->run()
#5 {main}
REQUEST_URI=/bitbucket_publicidad/index.php/product/index.php?r=product/admin
HTTP_REFERER=http://localhost/bitbucket_publicidad/index.php/product/create
---
2015/01/20 19:09:33 [error] [exception.CHttpException.403] exception 'CHttpException' with message 'Usted no se encuentra autorizado a realizar esta acción.' in C:\wamp\www\yii\framework\yiilite.php:6513
Stack trace:
#0 C:\wamp\www\yii\framework\yiilite.php(6493): CAccessControlFilter->accessDenied(Object(CWebUser), 'Usted no se enc...')
#1 C:\wamp\www\yii\framework\yiilite.php(6412): CAccessControlFilter->preFilter(Object(CFilterChain))
#2 C:\wamp\www\yii\framework\yiilite.php(3781): CFilter->filter(Object(CFilterChain))
#3 C:\wamp\www\yii\framework\yiilite.php(6447): CController->filterAccessControl(Object(CFilterChain))
#4 C:\wamp\www\yii\framework\yiilite.php(6402): CInlineFilter->filter(Object(CFilterChain))
#5 C:\wamp\www\yii\framework\yiilite.php(3393): CFilterChain->run()
#6 C:\wamp\www\yii\framework\yiilite.php(3378): CController->runActionWithFilters(Object(CInlineAction), Array)
#7 C:\wamp\www\yii\framework\yiilite.php(1725): CController->run('admin')
#8 C:\wamp\www\yii\framework\yiilite.php(1645): CWebApplication->runController('product/admin')
#9 C:\wamp\www\yii\framework\yiilite.php(1170): CWebApplication->processRequest()
#10 C:\wamp\www\bitbucket_publicidad\index.php(24): CApplication->run()
#11 {main}
REQUEST_URI=/bitbucket_publicidad/index.php/product/admin
HTTP_REFERER=http://localhost/bitbucket_publicidad/index.php/user/profile
---
2015/01/20 19:31:22 [error] [exception.CException] exception 'CException' with message 'Propiedad "CWebUser"."profile" no se encuentra definida.' in C:\wamp\www\yii\framework\yiilite.php:600
Stack trace:
#0 C:\wamp\www\yii\framework\yiilite.php(3915): CComponent->__get('profile')
#1 C:\wamp\www\bitbucket_publicidad\protected\controllers\ProductController.php(100): CWebUser->__get('profile')
#2 C:\wamp\www\yii\framework\yiilite.php(3891): ProductController->actionCreate()
#3 C:\wamp\www\yii\framework\yiilite.php(3403): CInlineAction->runWithParams(Array)
#4 C:\wamp\www\yii\framework\yiilite.php(6405): CController->runAction(Object(CInlineAction))
#5 C:\wamp\www\yii\framework\yiilite.php(6414): CFilterChain->run()
#6 C:\wamp\www\yii\framework\yiilite.php(3781): CFilter->filter(Object(CFilterChain))
#7 C:\wamp\www\yii\framework\yiilite.php(6447): CController->filterAccessControl(Object(CFilterChain))
#8 C:\wamp\www\yii\framework\yiilite.php(6402): CInlineFilter->filter(Object(CFilterChain))
#9 C:\wamp\www\yii\framework\yiilite.php(3393): CFilterChain->run()
#10 C:\wamp\www\yii\framework\yiilite.php(3378): CController->runActionWithFilters(Object(CInlineAction), Array)
#11 C:\wamp\www\yii\framework\yiilite.php(1725): CController->run('create')
#12 C:\wamp\www\yii\framework\yiilite.php(1645): CWebApplication->runController('product/create')
#13 C:\wamp\www\yii\framework\yiilite.php(1170): CWebApplication->processRequest()
#14 C:\wamp\www\bitbucket_publicidad\index.php(24): CApplication->run()
#15 {main}
REQUEST_URI=/bitbucket_publicidad/index.php/product/create
---
2015/01/20 19:31:34 [error] [exception.CException] exception 'CException' with message 'Propiedad "CWebUser"."role" no se encuentra definida.' in C:\wamp\www\yii\framework\yiilite.php:600
Stack trace:
#0 C:\wamp\www\yii\framework\yiilite.php(3915): CComponent->__get('role')
#1 C:\wamp\www\bitbucket_publicidad\protected\controllers\ProductController.php(100): CWebUser->__get('role')
#2 C:\wamp\www\yii\framework\yiilite.php(3891): ProductController->actionCreate()
#3 C:\wamp\www\yii\framework\yiilite.php(3403): CInlineAction->runWithParams(Array)
#4 C:\wamp\www\yii\framework\yiilite.php(6405): CController->runAction(Object(CInlineAction))
#5 C:\wamp\www\yii\framework\yiilite.php(6414): CFilterChain->run()
#6 C:\wamp\www\yii\framework\yiilite.php(3781): CFilter->filter(Object(CFilterChain))
#7 C:\wamp\www\yii\framework\yiilite.php(6447): CController->filterAccessControl(Object(CFilterChain))
#8 C:\wamp\www\yii\framework\yiilite.php(6402): CInlineFilter->filter(Object(CFilterChain))
#9 C:\wamp\www\yii\framework\yiilite.php(3393): CFilterChain->run()
#10 C:\wamp\www\yii\framework\yiilite.php(3378): CController->runActionWithFilters(Object(CInlineAction), Array)
#11 C:\wamp\www\yii\framework\yiilite.php(1725): CController->run('create')
#12 C:\wamp\www\yii\framework\yiilite.php(1645): CWebApplication->runController('product/create')
#13 C:\wamp\www\yii\framework\yiilite.php(1170): CWebApplication->processRequest()
#14 C:\wamp\www\bitbucket_publicidad\index.php(24): CApplication->run()
#15 {main}
REQUEST_URI=/bitbucket_publicidad/index.php/product/create
---
2015/01/20 19:31:48 [error] [exception.CException] exception 'CException' with message 'Propiedad "CWebUser"."rol" no se encuentra definida.' in C:\wamp\www\yii\framework\yiilite.php:600
Stack trace:
#0 C:\wamp\www\yii\framework\yiilite.php(3915): CComponent->__get('rol')
#1 C:\wamp\www\bitbucket_publicidad\protected\controllers\ProductController.php(100): CWebUser->__get('rol')
#2 C:\wamp\www\yii\framework\yiilite.php(3891): ProductController->actionCreate()
#3 C:\wamp\www\yii\framework\yiilite.php(3403): CInlineAction->runWithParams(Array)
#4 C:\wamp\www\yii\framework\yiilite.php(6405): CController->runAction(Object(CInlineAction))
#5 C:\wamp\www\yii\framework\yiilite.php(6414): CFilterChain->run()
#6 C:\wamp\www\yii\framework\yiilite.php(3781): CFilter->filter(Object(CFilterChain))
#7 C:\wamp\www\yii\framework\yiilite.php(6447): CController->filterAccessControl(Object(CFilterChain))
#8 C:\wamp\www\yii\framework\yiilite.php(6402): CInlineFilter->filter(Object(CFilterChain))
#9 C:\wamp\www\yii\framework\yiilite.php(3393): CFilterChain->run()
#10 C:\wamp\www\yii\framework\yiilite.php(3378): CController->runActionWithFilters(Object(CInlineAction), Array)
#11 C:\wamp\www\yii\framework\yiilite.php(1725): CController->run('create')
#12 C:\wamp\www\yii\framework\yiilite.php(1645): CWebApplication->runController('product/create')
#13 C:\wamp\www\yii\framework\yiilite.php(1170): CWebApplication->processRequest()
#14 C:\wamp\www\bitbucket_publicidad\index.php(24): CApplication->run()
#15 {main}
REQUEST_URI=/bitbucket_publicidad/index.php/product/create
---
2015/01/20 19:35:12 [error] [exception.CException] exception 'CException' with message 'CWebUser y sus behaviors no tienen un método o closure llamado "setSession".' in C:\wamp\www\yii\framework\yiilite.php:694
Stack trace:
#0 C:\wamp\www\bitbucket_publicidad\protected\components\UserIdentity.php(31): CComponent->__call('setSession', Array)
#1 C:\wamp\www\bitbucket_publicidad\protected\components\UserIdentity.php(31): CWebUser->setSession('profile', 'normal')
#2 C:\wamp\www\bitbucket_publicidad\protected\models\LoginForm.php(52): UserIdentity->authenticate()
#3 C:\wamp\www\yii\framework\validators\CInlineValidator.php(42): LoginForm->authenticate('password', Array)
#4 C:\wamp\www\yii\framework\yiilite.php(9623): CInlineValidator->validateAttribute(Object(LoginForm), 'password')
#5 C:\wamp\www\yii\framework\yiilite.php(6633): CValidator->validate(Object(LoginForm), NULL)
#6 C:\wamp\www\bitbucket_publicidad\protected\controllers\SiteController.php(295): CModel->validate()
#7 C:\wamp\www\yii\framework\yiilite.php(3891): SiteController->actionLogin()
#8 C:\wamp\www\yii\framework\yiilite.php(3403): CInlineAction->runWithParams(Array)
#9 C:\wamp\www\yii\framework\yiilite.php(6405): CController->runAction(Object(CInlineAction))
#10 C:\wamp\www\yii\framework\yiilite.php(6414): CFilterChain->run()
#11 C:\wamp\www\yii\framework\yiilite.php(3781): CFilter->filter(Object(CFilterChain))
#12 C:\wamp\www\yii\framework\yiilite.php(6447): CController->filterAccessControl(Object(CFilterChain))
#13 C:\wamp\www\yii\framework\yiilite.php(6402): CInlineFilter->filter(Object(CFilterChain))
#14 C:\wamp\www\yii\framework\yiilite.php(3393): CFilterChain->run()
#15 C:\wamp\www\yii\framework\yiilite.php(3378): CController->runActionWithFilters(Object(CInlineAction), Array)
#16 C:\wamp\www\yii\framework\yiilite.php(1725): CController->run('login')
#17 C:\wamp\www\yii\framework\yiilite.php(1645): CWebApplication->runController('site/login')
#18 C:\wamp\www\yii\framework\yiilite.php(1170): CWebApplication->processRequest()
#19 C:\wamp\www\bitbucket_publicidad\index.php(24): CApplication->run()
#20 {main}
REQUEST_URI=/bitbucket_publicidad/index.php/site/login
HTTP_REFERER=http://localhost/bitbucket_publicidad/index.php/site/login
---
2015/01/20 19:37:27 [error] [exception.CHttpException.404] exception 'CHttpException' with message 'El sistema no ha podido encontrar la acción "index.php" solicitada.' in C:\wamp\www\yii\framework\yiilite.php:3501
Stack trace:
#0 C:\wamp\www\yii\framework\yiilite.php(3383): CController->missingAction('index.php')
#1 C:\wamp\www\yii\framework\yiilite.php(1725): CController->run('index.php')
#2 C:\wamp\www\yii\framework\yiilite.php(1645): CWebApplication->runController('product/index.p...')
#3 C:\wamp\www\yii\framework\yiilite.php(1170): CWebApplication->processRequest()
#4 C:\wamp\www\bitbucket_publicidad\index.php(24): CApplication->run()
#5 {main}
REQUEST_URI=/bitbucket_publicidad/index.php/product/index.php?r=site/logout
HTTP_REFERER=http://localhost/bitbucket_publicidad/index.php/product/create
---
2015/01/20 19:38:17 [error] [exception.CException] exception 'CException' with message 'CWebUser y sus behaviors no tienen un método o closure llamado "getSession".' in C:\wamp\www\yii\framework\yiilite.php:694
Stack trace:
#0 C:\wamp\www\bitbucket_publicidad\protected\controllers\ProductController.php(102): CComponent->__call('getSession', Array)
#1 C:\wamp\www\bitbucket_publicidad\protected\controllers\ProductController.php(102): CWebUser->getSession('profile')
#2 C:\wamp\www\yii\framework\yiilite.php(3891): ProductController->actionCreate()
#3 C:\wamp\www\yii\framework\yiilite.php(3403): CInlineAction->runWithParams(Array)
#4 C:\wamp\www\yii\framework\yiilite.php(6405): CController->runAction(Object(CInlineAction))
#5 C:\wamp\www\yii\framework\yiilite.php(6414): CFilterChain->run()
#6 C:\wamp\www\yii\framework\yiilite.php(3781): CFilter->filter(Object(CFilterChain))
#7 C:\wamp\www\yii\framework\yiilite.php(6447): CController->filterAccessControl(Object(CFilterChain))
#8 C:\wamp\www\yii\framework\yiilite.php(6402): CInlineFilter->filter(Object(CFilterChain))
#9 C:\wamp\www\yii\framework\yiilite.php(3393): CFilterChain->run()
#10 C:\wamp\www\yii\framework\yiilite.php(3378): CController->runActionWithFilters(Object(CInlineAction), Array)
#11 C:\wamp\www\yii\framework\yiilite.php(1725): CController->run('create')
#12 C:\wamp\www\yii\framework\yiilite.php(1645): CWebApplication->runController('product/create')
#13 C:\wamp\www\yii\framework\yiilite.php(1170): CWebApplication->processRequest()
#14 C:\wamp\www\bitbucket_publicidad\index.php(24): CApplication->run()
#15 {main}
REQUEST_URI=/bitbucket_publicidad/index.php/product/create
---
2015/01/20 19:39:44 [error] [exception.CHttpException.403] exception 'CHttpException' with message 'Usted no se encuentra autorizado a realizar esta acción.' in C:\wamp\www\yii\framework\yiilite.php:6513
Stack trace:
#0 C:\wamp\www\yii\framework\yiilite.php(6493): CAccessControlFilter->accessDenied(Object(CWebUser), 'Usted no se enc...')
#1 C:\wamp\www\yii\framework\yiilite.php(6412): CAccessControlFilter->preFilter(Object(CFilterChain))
#2 C:\wamp\www\yii\framework\yiilite.php(3781): CFilter->filter(Object(CFilterChain))
#3 C:\wamp\www\yii\framework\yiilite.php(6447): CController->filterAccessControl(Object(CFilterChain))
#4 C:\wamp\www\yii\framework\yiilite.php(6402): CInlineFilter->filter(Object(CFilterChain))
#5 C:\wamp\www\yii\framework\yiilite.php(3393): CFilterChain->run()
#6 C:\wamp\www\yii\framework\yiilite.php(3378): CController->runActionWithFilters(Object(CInlineAction), Array)
#7 C:\wamp\www\yii\framework\yiilite.php(1725): CController->run('admin')
#8 C:\wamp\www\yii\framework\yiilite.php(1645): CWebApplication->runController('product/admin')
#9 C:\wamp\www\yii\framework\yiilite.php(1170): CWebApplication->processRequest()
#10 C:\wamp\www\bitbucket_publicidad\index.php(24): CApplication->run()
#11 {main}
REQUEST_URI=/bitbucket_publicidad/index.php/product/admin
HTTP_REFERER=http://localhost/bitbucket_publicidad/index.php/product/create
---
2015/01/20 19:40:09 [error] [exception.CHttpException.403] exception 'CHttpException' with message 'Usted no se encuentra autorizado a realizar esta acción.' in C:\wamp\www\yii\framework\yiilite.php:6513
Stack trace:
#0 C:\wamp\www\yii\framework\yiilite.php(6493): CAccessControlFilter->accessDenied(Object(CWebUser), 'Usted no se enc...')
#1 C:\wamp\www\yii\framework\yiilite.php(6412): CAccessControlFilter->preFilter(Object(CFilterChain))
#2 C:\wamp\www\yii\framework\yiilite.php(3781): CFilter->filter(Object(CFilterChain))
#3 C:\wamp\www\yii\framework\yiilite.php(6447): CController->filterAccessControl(Object(CFilterChain))
#4 C:\wamp\www\yii\framework\yiilite.php(6402): CInlineFilter->filter(Object(CFilterChain))
#5 C:\wamp\www\yii\framework\yiilite.php(3393): CFilterChain->run()
#6 C:\wamp\www\yii\framework\yiilite.php(3378): CController->runActionWithFilters(Object(CInlineAction), Array)
#7 C:\wamp\www\yii\framework\yiilite.php(1725): CController->run('admin')
#8 C:\wamp\www\yii\framework\yiilite.php(1645): CWebApplication->runController('product/admin')
#9 C:\wamp\www\yii\framework\yiilite.php(1170): CWebApplication->processRequest()
#10 C:\wamp\www\bitbucket_publicidad\index.php(24): CApplication->run()
#11 {main}
REQUEST_URI=/bitbucket_publicidad/index.php/product/admin
---
2015/01/20 19:42:36 [error] [php] Array to string conversion (C:\wamp\www\bitbucket_publicidad\protected\controllers\ProductController.php:101)
Stack trace:
#0 C:\wamp\www\yii\framework\yiilite.php(6405): ProductController->runAction()
#1 C:\wamp\www\yii\framework\yiilite.php(6414): CFilterChain->run()
#2 C:\wamp\www\yii\framework\yiilite.php(3781): CAccessControlFilter->filter()
#3 C:\wamp\www\yii\framework\yiilite.php(6447): ProductController->filterAccessControl()
#4 C:\wamp\www\yii\framework\yiilite.php(6402): CInlineFilter->filter()
#5 C:\wamp\www\yii\framework\yiilite.php(3393): CFilterChain->run()
#6 C:\wamp\www\yii\framework\yiilite.php(3378): ProductController->runActionWithFilters()
#7 C:\wamp\www\yii\framework\yiilite.php(1725): ProductController->run()
#8 C:\wamp\www\yii\framework\yiilite.php(1645): CWebApplication->runController()
#9 C:\wamp\www\yii\framework\yiilite.php(1170): CWebApplication->processRequest()
#10 C:\wamp\www\bitbucket_publicidad\index.php(24): CWebApplication->run()
REQUEST_URI=/bitbucket_publicidad/index.php/product/create
2015/01/20 19:42:48 [error] [php] Trying to get property of non-object (C:\wamp\www\bitbucket_publicidad\protected\controllers\ProductController.php:101)
Stack trace:
#0 C:\wamp\www\yii\framework\yiilite.php(6405): ProductController->runAction()
#1 C:\wamp\www\yii\framework\yiilite.php(6414): CFilterChain->run()
#2 C:\wamp\www\yii\framework\yiilite.php(3781): CAccessControlFilter->filter()
#3 C:\wamp\www\yii\framework\yiilite.php(6447): ProductController->filterAccessControl()
#4 C:\wamp\www\yii\framework\yiilite.php(6402): CInlineFilter->filter()
#5 C:\wamp\www\yii\framework\yiilite.php(3393): CFilterChain->run()
#6 C:\wamp\www\yii\framework\yiilite.php(3378): ProductController->runActionWithFilters()
#7 C:\wamp\www\yii\framework\yiilite.php(1725): ProductController->run()
#8 C:\wamp\www\yii\framework\yiilite.php(1645): CWebApplication->runController()
#9 C:\wamp\www\yii\framework\yiilite.php(1170): CWebApplication->processRequest()
#10 C:\wamp\www\bitbucket_publicidad\index.php(24): CWebApplication->run()
REQUEST_URI=/bitbucket_publicidad/index.php/product/create
2015/01/20 19:43:14 [error] [php] Trying to get property of non-object (C:\wamp\www\bitbucket_publicidad\protected\controllers\ProductController.php:101)
Stack trace:
#0 C:\wamp\www\yii\framework\yiilite.php(6405): ProductController->runAction()
#1 C:\wamp\www\yii\framework\yiilite.php(6414): CFilterChain->run()
#2 C:\wamp\www\yii\framework\yiilite.php(3781): CAccessControlFilter->filter()
#3 C:\wamp\www\yii\framework\yiilite.php(6447): ProductController->filterAccessControl()
#4 C:\wamp\www\yii\framework\yiilite.php(6402): CInlineFilter->filter()
#5 C:\wamp\www\yii\framework\yiilite.php(3393): CFilterChain->run()
#6 C:\wamp\www\yii\framework\yiilite.php(3378): ProductController->runActionWithFilters()
#7 C:\wamp\www\yii\framework\yiilite.php(1725): ProductController->run()
#8 C:\wamp\www\yii\framework\yiilite.php(1645): CWebApplication->runController()
#9 C:\wamp\www\yii\framework\yiilite.php(1170): CWebApplication->processRequest()
#10 C:\wamp\www\bitbucket_publicidad\index.php(24): CWebApplication->run()
REQUEST_URI=/bitbucket_publicidad/index.php/product/create
2015/01/20 19:43:26 [error] [php] Undefined offset: 0 (C:\wamp\www\bitbucket_publicidad\protected\controllers\ProductController.php:101)
Stack trace:
#0 C:\wamp\www\yii\framework\yiilite.php(6405): ProductController->runAction()
#1 C:\wamp\www\yii\framework\yiilite.php(6414): CFilterChain->run()
#2 C:\wamp\www\yii\framework\yiilite.php(3781): CAccessControlFilter->filter()
#3 C:\wamp\www\yii\framework\yiilite.php(6447): ProductController->filterAccessControl()
#4 C:\wamp\www\yii\framework\yiilite.php(6402): CInlineFilter->filter()
#5 C:\wamp\www\yii\framework\yiilite.php(3393): CFilterChain->run()
#6 C:\wamp\www\yii\framework\yiilite.php(3378): ProductController->runActionWithFilters()
#7 C:\wamp\www\yii\framework\yiilite.php(1725): ProductController->run()
#8 C:\wamp\www\yii\framework\yiilite.php(1645): CWebApplication->runController()
#9 C:\wamp\www\yii\framework\yiilite.php(1170): CWebApplication->processRequest()
#10 C:\wamp\www\bitbucket_publicidad\index.php(24): CWebApplication->run()
REQUEST_URI=/bitbucket_publicidad/index.php/product/create
2015/01/20 19:51:04 [error] [php] Trying to get property of non-object (C:\wamp\www\bitbucket_publicidad\protected\controllers\ProductController.php:103)
Stack trace:
#0 C:\wamp\www\yii\framework\yiilite.php(6405): ProductController->runAction()
#1 C:\wamp\www\yii\framework\yiilite.php(6414): CFilterChain->run()
#2 C:\wamp\www\yii\framework\yiilite.php(3781): CAccessControlFilter->filter()
#3 C:\wamp\www\yii\framework\yiilite.php(6447): ProductController->filterAccessControl()
#4 C:\wamp\www\yii\framework\yiilite.php(6402): CInlineFilter->filter()
#5 C:\wamp\www\yii\framework\yiilite.php(3393): CFilterChain->run()
#6 C:\wamp\www\yii\framework\yiilite.php(3378): ProductController->runActionWithFilters()
#7 C:\wamp\www\yii\framework\yiilite.php(1725): ProductController->run()
#8 C:\wamp\www\yii\framework\yiilite.php(1645): CWebApplication->runController()
#9 C:\wamp\www\yii\framework\yiilite.php(1170): CWebApplication->processRequest()
#10 C:\wamp\www\bitbucket_publicidad\index.php(24): CWebApplication->run()
REQUEST_URI=/bitbucket_publicidad/index.php/product/create
2015/01/20 19:51:12 [error] [php] Undefined offset: 0 (C:\wamp\www\bitbucket_publicidad\protected\controllers\ProductController.php:103)
Stack trace:
#0 C:\wamp\www\yii\framework\yiilite.php(6405): ProductController->runAction()
#1 C:\wamp\www\yii\framework\yiilite.php(6414): CFilterChain->run()
#2 C:\wamp\www\yii\framework\yiilite.php(3781): CAccessControlFilter->filter()
#3 C:\wamp\www\yii\framework\yiilite.php(6447): ProductController->filterAccessControl()
#4 C:\wamp\www\yii\framework\yiilite.php(6402): CInlineFilter->filter()
#5 C:\wamp\www\yii\framework\yiilite.php(3393): CFilterChain->run()
#6 C:\wamp\www\yii\framework\yiilite.php(3378): ProductController->runActionWithFilters()
#7 C:\wamp\www\yii\framework\yiilite.php(1725): ProductController->run()
#8 C:\wamp\www\yii\framework\yiilite.php(1645): CWebApplication->runController()
#9 C:\wamp\www\yii\framework\yiilite.php(1170): CWebApplication->processRequest()
#10 C:\wamp\www\bitbucket_publicidad\index.php(24): CWebApplication->run()
REQUEST_URI=/bitbucket_publicidad/index.php/product/create
2015/01/20 19:51:47 [error] [php] Trying to get property of non-object (C:\wamp\www\bitbucket_publicidad\protected\controllers\ProductController.php:104)
Stack trace:
#0 C:\wamp\www\yii\framework\yiilite.php(6405): ProductController->runAction()
#1 C:\wamp\www\yii\framework\yiilite.php(6414): CFilterChain->run()
#2 C:\wamp\www\yii\framework\yiilite.php(3781): CAccessControlFilter->filter()
#3 C:\wamp\www\yii\framework\yiilite.php(6447): ProductController->filterAccessControl()
#4 C:\wamp\www\yii\framework\yiilite.php(6402): CInlineFilter->filter()
#5 C:\wamp\www\yii\framework\yiilite.php(3393): CFilterChain->run()
#6 C:\wamp\www\yii\framework\yiilite.php(3378): ProductController->runActionWithFilters()
#7 C:\wamp\www\yii\framework\yiilite.php(1725): ProductController->run()
#8 C:\wamp\www\yii\framework\yiilite.php(1645): CWebApplication->runController()
#9 C:\wamp\www\yii\framework\yiilite.php(1170): CWebApplication->processRequest()
#10 C:\wamp\www\bitbucket_publicidad\index.php(24): CWebApplication->run()
REQUEST_URI=/bitbucket_publicidad/index.php/product/create
2015/01/20 19:52:18 [error] [php] Trying to get property of non-object (C:\wamp\www\bitbucket_publicidad\protected\controllers\ProductController.php:106)
Stack trace:
#0 C:\wamp\www\yii\framework\yiilite.php(6405): ProductController->runAction()
#1 C:\wamp\www\yii\framework\yiilite.php(6414): CFilterChain->run()
#2 C:\wamp\www\yii\framework\yiilite.php(3781): CAccessControlFilter->filter()
#3 C:\wamp\www\yii\framework\yiilite.php(6447): ProductController->filterAccessControl()
#4 C:\wamp\www\yii\framework\yiilite.php(6402): CInlineFilter->filter()
#5 C:\wamp\www\yii\framework\yiilite.php(3393): CFilterChain->run()
#6 C:\wamp\www\yii\framework\yiilite.php(3378): ProductController->runActionWithFilters()
#7 C:\wamp\www\yii\framework\yiilite.php(1725): ProductController->run()
#8 C:\wamp\www\yii\framework\yiilite.php(1645): CWebApplication->runController()
#9 C:\wamp\www\yii\framework\yiilite.php(1170): CWebApplication->processRequest()
#10 C:\wamp\www\bitbucket_publicidad\index.php(24): CWebApplication->run()
REQUEST_URI=/bitbucket_publicidad/index.php/product/create
2015/01/20 19:52:22 [error] [php] Trying to get property of non-object (C:\wamp\www\bitbucket_publicidad\protected\controllers\ProductController.php:106)
Stack trace:
#0 C:\wamp\www\yii\framework\yiilite.php(6405): ProductController->runAction()
#1 C:\wamp\www\yii\framework\yiilite.php(6414): CFilterChain->run()
#2 C:\wamp\www\yii\framework\yiilite.php(3781): CAccessControlFilter->filter()
#3 C:\wamp\www\yii\framework\yiilite.php(6447): ProductController->filterAccessControl()
#4 C:\wamp\www\yii\framework\yiilite.php(6402): CInlineFilter->filter()
#5 C:\wamp\www\yii\framework\yiilite.php(3393): CFilterChain->run()
#6 C:\wamp\www\yii\framework\yiilite.php(3378): ProductController->runActionWithFilters()
#7 C:\wamp\www\yii\framework\yiilite.php(1725): ProductController->run()
#8 C:\wamp\www\yii\framework\yiilite.php(1645): CWebApplication->runController()
#9 C:\wamp\www\yii\framework\yiilite.php(1170): CWebApplication->processRequest()
#10 C:\wamp\www\bitbucket_publicidad\index.php(24): CWebApplication->run()
REQUEST_URI=/bitbucket_publicidad/index.php/product/create
2015/01/20 19:53:35 [error] [php] Undefined offset: 0 (C:\wamp\www\bitbucket_publicidad\protected\controllers\ProductController.php:104)
Stack trace:
#0 C:\wamp\www\yii\framework\yiilite.php(6405): ProductController->runAction()
#1 C:\wamp\www\yii\framework\yiilite.php(6414): CFilterChain->run()
#2 C:\wamp\www\yii\framework\yiilite.php(3781): CAccessControlFilter->filter()
#3 C:\wamp\www\yii\framework\yiilite.php(6447): ProductController->filterAccessControl()
#4 C:\wamp\www\yii\framework\yiilite.php(6402): CInlineFilter->filter()
#5 C:\wamp\www\yii\framework\yiilite.php(3393): CFilterChain->run()
#6 C:\wamp\www\yii\framework\yiilite.php(3378): ProductController->runActionWithFilters()
#7 C:\wamp\www\yii\framework\yiilite.php(1725): ProductController->run()
#8 C:\wamp\www\yii\framework\yiilite.php(1645): CWebApplication->runController()
#9 C:\wamp\www\yii\framework\yiilite.php(1170): CWebApplication->processRequest()
#10 C:\wamp\www\bitbucket_publicidad\index.php(24): CWebApplication->run()
REQUEST_URI=/bitbucket_publicidad/index.php/product/create
2015/01/20 19:55:34 [error] [php] Undefined offset: 0 (C:\wamp\www\bitbucket_publicidad\protected\controllers\ProductController.php:104)
Stack trace:
#0 C:\wamp\www\yii\framework\yiilite.php(6405): ProductController->runAction()
#1 C:\wamp\www\yii\framework\yiilite.php(6414): CFilterChain->run()
#2 C:\wamp\www\yii\framework\yiilite.php(3781): CAccessControlFilter->filter()
#3 C:\wamp\www\yii\framework\yiilite.php(6447): ProductController->filterAccessControl()
#4 C:\wamp\www\yii\framework\yiilite.php(6402): CInlineFilter->filter()
#5 C:\wamp\www\yii\framework\yiilite.php(3393): CFilterChain->run()
#6 C:\wamp\www\yii\framework\yiilite.php(3378): ProductController->runActionWithFilters()
#7 C:\wamp\www\yii\framework\yiilite.php(1725): ProductController->run()
#8 C:\wamp\www\yii\framework\yiilite.php(1645): CWebApplication->runController()
#9 C:\wamp\www\yii\framework\yiilite.php(1170): CWebApplication->processRequest()
#10 C:\wamp\www\bitbucket_publicidad\index.php(24): CWebApplication->run()
REQUEST_URI=/bitbucket_publicidad/index.php/product/create
2015/01/20 19:55:54 [error] [php] Undefined offset: 0 (C:\wamp\www\bitbucket_publicidad\protected\controllers\ProductController.php:104)
Stack trace:
#0 C:\wamp\www\yii\framework\yiilite.php(6405): ProductController->runAction()
#1 C:\wamp\www\yii\framework\yiilite.php(6414): CFilterChain->run()
#2 C:\wamp\www\yii\framework\yiilite.php(3781): CAccessControlFilter->filter()
#3 C:\wamp\www\yii\framework\yiilite.php(6447): ProductController->filterAccessControl()
#4 C:\wamp\www\yii\framework\yiilite.php(6402): CInlineFilter->filter()
#5 C:\wamp\www\yii\framework\yiilite.php(3393): CFilterChain->run()
#6 C:\wamp\www\yii\framework\yiilite.php(3378): ProductController->runActionWithFilters()
#7 C:\wamp\www\yii\framework\yiilite.php(1725): ProductController->run()
#8 C:\wamp\www\yii\framework\yiilite.php(1645): CWebApplication->runController()
#9 C:\wamp\www\yii\framework\yiilite.php(1170): CWebApplication->processRequest()
#10 C:\wamp\www\bitbucket_publicidad\index.php(24): CWebApplication->run()
REQUEST_URI=/bitbucket_publicidad/index.php/product/create
2015/01/20 19:56:25 [error] [php] Undefined offset: 1 (C:\wamp\www\bitbucket_publicidad\protected\controllers\ProductController.php:104)
Stack trace:
#0 C:\wamp\www\yii\framework\yiilite.php(6405): ProductController->runAction()
#1 C:\wamp\www\yii\framework\yiilite.php(6414): CFilterChain->run()
#2 C:\wamp\www\yii\framework\yiilite.php(3781): CAccessControlFilter->filter()
#3 C:\wamp\www\yii\framework\yiilite.php(6447): ProductController->filterAccessControl()
#4 C:\wamp\www\yii\framework\yiilite.php(6402): CInlineFilter->filter()
#5 C:\wamp\www\yii\framework\yiilite.php(3393): CFilterChain->run()
#6 C:\wamp\www\yii\framework\yiilite.php(3378): ProductController->runActionWithFilters()
#7 C:\wamp\www\yii\framework\yiilite.php(1725): ProductController->run()
#8 C:\wamp\www\yii\framework\yiilite.php(1645): CWebApplication->runController()
#9 C:\wamp\www\yii\framework\yiilite.php(1170): CWebApplication->processRequest()
#10 C:\wamp\www\bitbucket_publicidad\index.php(24): CWebApplication->run()
REQUEST_URI=/bitbucket_publicidad/index.php/product/create
2015/01/20 19:56:51 [error] [php] Undefined index: name (C:\wamp\www\bitbucket_publicidad\protected\controllers\ProductController.php:104)
Stack trace:
#0 C:\wamp\www\yii\framework\yiilite.php(6405): ProductController->runAction()
#1 C:\wamp\www\yii\framework\yiilite.php(6414): CFilterChain->run()
#2 C:\wamp\www\yii\framework\yiilite.php(3781): CAccessControlFilter->filter()
#3 C:\wamp\www\yii\framework\yiilite.php(6447): ProductController->filterAccessControl()
#4 C:\wamp\www\yii\framework\yiilite.php(6402): CInlineFilter->filter()
#5 C:\wamp\www\yii\framework\yiilite.php(3393): CFilterChain->run()
#6 C:\wamp\www\yii\framework\yiilite.php(3378): ProductController->runActionWithFilters()
#7 C:\wamp\www\yii\framework\yiilite.php(1725): ProductController->run()
#8 C:\wamp\www\yii\framework\yiilite.php(1645): CWebApplication->runController()
#9 C:\wamp\www\yii\framework\yiilite.php(1170): CWebApplication->processRequest()
#10 C:\wamp\www\bitbucket_publicidad\index.php(24): CWebApplication->run()
REQUEST_URI=/bitbucket_publicidad/index.php/product/create
2015/01/20 20:14:15 [error] [php] Non-static method User::getRole() should not be called statically, assuming $this from incompatible context (C:\wamp\www\bitbucket_publicidad\protected\controllers\ProductController.php:102)
Stack trace:
#0 C:\wamp\www\yii\framework\yiilite.php(6405): ProductController->runAction()
#1 C:\wamp\www\yii\framework\yiilite.php(6414): CFilterChain->run()
#2 C:\wamp\www\yii\framework\yiilite.php(3781): CAccessControlFilter->filter()
#3 C:\wamp\www\yii\framework\yiilite.php(6447): ProductController->filterAccessControl()
#4 C:\wamp\www\yii\framework\yiilite.php(6402): CInlineFilter->filter()
#5 C:\wamp\www\yii\framework\yiilite.php(3393): CFilterChain->run()
#6 C:\wamp\www\yii\framework\yiilite.php(3378): ProductController->runActionWithFilters()
#7 C:\wamp\www\yii\framework\yiilite.php(1725): ProductController->run()
#8 C:\wamp\www\yii\framework\yiilite.php(1645): CWebApplication->runController()
#9 C:\wamp\www\yii\framework\yiilite.php(1170): CWebApplication->processRequest()
#10 C:\wamp\www\bitbucket_publicidad\index.php(24): CWebApplication->run()
REQUEST_URI=/bitbucket_publicidad/index.php/product/create
2015/01/20 20:15:23 [error] [exception.CHttpException.403] exception 'CHttpException' with message 'Usted no se encuentra autorizado a realizar esta acción.' in C:\wamp\www\yii\framework\yiilite.php:6513
Stack trace:
#0 C:\wamp\www\yii\framework\yiilite.php(6493): CAccessControlFilter->accessDenied(Object(CWebUser), 'Usted no se enc...')
#1 C:\wamp\www\yii\framework\yiilite.php(6412): CAccessControlFilter->preFilter(Object(CFilterChain))
#2 C:\wamp\www\yii\framework\yiilite.php(3781): CFilter->filter(Object(CFilterChain))
#3 C:\wamp\www\yii\framework\yiilite.php(6447): CController->filterAccessControl(Object(CFilterChain))
#4 C:\wamp\www\yii\framework\yiilite.php(6402): CInlineFilter->filter(Object(CFilterChain))
#5 C:\wamp\www\yii\framework\yiilite.php(3393): CFilterChain->run()
#6 C:\wamp\www\yii\framework\yiilite.php(3378): CController->runActionWithFilters(Object(CInlineAction), Array)
#7 C:\wamp\www\yii\framework\yiilite.php(1725): CController->run('admin')
#8 C:\wamp\www\yii\framework\yiilite.php(1645): CWebApplication->runController('product/admin')
#9 C:\wamp\www\yii\framework\yiilite.php(1170): CWebApplication->processRequest()
#10 C:\wamp\www\bitbucket_publicidad\index.php(24): CApplication->run()
#11 {main}
REQUEST_URI=/bitbucket_publicidad/index.php/product/admin
---
2015/01/20 20:15:39 [error] [exception.CHttpException.403] exception 'CHttpException' with message 'Usted no se encuentra autorizado a realizar esta acción.' in C:\wamp\www\yii\framework\yiilite.php:6513
Stack trace:
#0 C:\wamp\www\yii\framework\yiilite.php(6493): CAccessControlFilter->accessDenied(Object(CWebUser), 'Usted no se enc...')
#1 C:\wamp\www\yii\framework\yiilite.php(6412): CAccessControlFilter->preFilter(Object(CFilterChain))
#2 C:\wamp\www\yii\framework\yiilite.php(3781): CFilter->filter(Object(CFilterChain))
#3 C:\wamp\www\yii\framework\yiilite.php(6447): CController->filterAccessControl(Object(CFilterChain))
#4 C:\wamp\www\yii\framework\yiilite.php(6402): CInlineFilter->filter(Object(CFilterChain))
#5 C:\wamp\www\yii\framework\yiilite.php(3393): CFilterChain->run()
#6 C:\wamp\www\yii\framework\yiilite.php(3378): CController->runActionWithFilters(Object(CInlineAction), Array)
#7 C:\wamp\www\yii\framework\yiilite.php(1725): CController->run('admin')
#8 C:\wamp\www\yii\framework\yiilite.php(1645): CWebApplication->runController('product/admin')
#9 C:\wamp\www\yii\framework\yiilite.php(1170): CWebApplication->processRequest()
#10 C:\wamp\www\bitbucket_publicidad\index.php(24): CApplication->run()
#11 {main}
REQUEST_URI=/bitbucket_publicidad/index.php/product/admin
---
2015/01/20 20:20:01 [error] [exception.CHttpException.404] exception 'CHttpException' with message 'El sistema no ha podido encontrar la acción "index.php" solicitada.' in C:\wamp\www\yii\framework\yiilite.php:3501
Stack trace:
#0 C:\wamp\www\yii\framework\yiilite.php(3383): CController->missingAction('index.php')
#1 C:\wamp\www\yii\framework\yiilite.php(1725): CController->run('index.php')
#2 C:\wamp\www\yii\framework\yiilite.php(1645): CWebApplication->runController('product/index.p...')
#3 C:\wamp\www\yii\framework\yiilite.php(1170): CWebApplication->processRequest()
#4 C:\wamp\www\bitbucket_publicidad\index.php(24): CApplication->run()
#5 {main}
REQUEST_URI=/bitbucket_publicidad/index.php/product/index.php?r=site/logout
HTTP_REFERER=http://localhost/bitbucket_publicidad/index.php/product/admin
---
2015/01/20 20:26:58 [error] [exception.CHttpException.404] exception 'CHttpException' with message 'El sistema no ha podido encontrar la acción "index.php" solicitada.' in C:\wamp\www\yii\framework\yiilite.php:3501
Stack trace:
#0 C:\wamp\www\yii\framework\yiilite.php(3383): CController->missingAction('index.php')
#1 C:\wamp\www\yii\framework\yiilite.php(1725): CController->run('index.php')
#2 C:\wamp\www\yii\framework\yiilite.php(1645): CWebApplication->runController('product/index.p...')
#3 C:\wamp\www\yii\framework\yiilite.php(1170): CWebApplication->processRequest()
#4 C:\wamp\www\bitbucket_publicidad\index.php(24): CApplication->run()
#5 {main}
REQUEST_URI=/bitbucket_publicidad/index.php/product/index.php?r=site/logout
HTTP_REFERER=http://localhost/bitbucket_publicidad/index.php/product/admin
---
2015/01/21 04:09:43 [error] [exception.CHttpException.404] exception 'CHttpException' with message 'El sistema no ha podido encontrar la acción "update&id=13" solicitada.' in C:\wamp\www\yii\framework\yiilite.php:3501
Stack trace:
#0 C:\wamp\www\yii\framework\yiilite.php(3383): CController->missingAction('update&id=13')
#1 C:\wamp\www\yii\framework\yiilite.php(1725): CController->run('update&id=13')
#2 C:\wamp\www\yii\framework\yiilite.php(1645): CWebApplication->runController('product/update&...')
#3 C:\wamp\www\yii\framework\yiilite.php(1170): CWebApplication->processRequest()
#4 C:\wamp\www\bitbucket_publicidad\index.php(24): CApplication->run()
#5 {main}
REQUEST_URI=/bitbucket_publicidad/index.php/product/update&id=13
---
2015/01/21 04:09:57 [error] [exception.CHttpException.400] exception 'CHttpException' with message 'Su solicitud es inválida.' in C:\wamp\www\yii\framework\yiilite.php:3416
Stack trace:
#0 C:\wamp\www\yii\framework\yiilite.php(3404): CController->invalidActionParams(Object(CInlineAction))
#1 C:\wamp\www\yii\framework\yiilite.php(6405): CController->runAction(Object(CInlineAction))
#2 C:\wamp\www\yii\framework\yiilite.php(6414): CFilterChain->run()
#3 C:\wamp\www\yii\framework\yiilite.php(3781): CFilter->filter(Object(CFilterChain))
#4 C:\wamp\www\yii\framework\yiilite.php(6447): CController->filterAccessControl(Object(CFilterChain))
#5 C:\wamp\www\yii\framework\yiilite.php(6402): CInlineFilter->filter(Object(CFilterChain))
#6 C:\wamp\www\yii\framework\yiilite.php(3393): CFilterChain->run()
#7 C:\wamp\www\yii\framework\yiilite.php(3378): CController->runActionWithFilters(Object(CInlineAction), Array)
#8 C:\wamp\www\yii\framework\yiilite.php(1725): CController->run('update')
#9 C:\wamp\www\yii\framework\yiilite.php(1645): CWebApplication->runController('product/update')
#10 C:\wamp\www\yii\framework\yiilite.php(1170): CWebApplication->processRequest()
#11 C:\wamp\www\bitbucket_publicidad\index.php(24): CApplication->run()
#12 {main}
REQUEST_URI=/bitbucket_publicidad/index.php/product/update
---
2015/01/21 04:16:37 [error] [exception.CHttpException.404] exception 'CHttpException' with message 'El sistema no ha podido encontrar la acción "index.php" solicitada.' in C:\wamp\www\yii\framework\yiilite.php:3501
Stack trace:
#0 C:\wamp\www\yii\framework\yiilite.php(3383): CController->missingAction('index.php')
#1 C:\wamp\www\yii\framework\yiilite.php(1725): CController->run('index.php')
#2 C:\wamp\www\yii\framework\yiilite.php(1645): CWebApplication->runController('product/index.p...')
#3 C:\wamp\www\yii\framework\yiilite.php(1170): CWebApplication->processRequest()
#4 C:\wamp\www\bitbucket_publicidad\index.php(24): CApplication->run()
#5 {main}
REQUEST_URI=/bitbucket_publicidad/index.php/product/index.php?r=site/logout
HTTP_REFERER=http://localhost/bitbucket_publicidad/index.php/product/admin
---
2015/01/21 04:26:57 [error] [exception.CHttpException.404] exception 'CHttpException' with message 'El sistema no ha podido encontrar la acción "index.php" solicitada.' in C:\wamp\www\yii\framework\yiilite.php:3501
Stack trace:
#0 C:\wamp\www\yii\framework\yiilite.php(3383): CController->missingAction('index.php')
#1 C:\wamp\www\yii\framework\yiilite.php(1725): CController->run('index.php')
#2 C:\wamp\www\yii\framework\yiilite.php(1645): CWebApplication->runController('site/index.php')
#3 C:\wamp\www\yii\framework\yiilite.php(1170): CWebApplication->processRequest()
#4 C:\wamp\www\bitbucket_publicidad\index.php(24): CApplication->run()
#5 {main}
REQUEST_URI=/bitbucket_publicidad/index.php/site/index.php?r=product/create
HTTP_REFERER=http://localhost/bitbucket_publicidad/index.php/site/admin
---
2015/01/21 04:27:50 [error] [exception.CHttpException.404] exception 'CHttpException' with message 'El sistema no ha podido encontrar la acción "update&id=1" solicitada.' in C:\wamp\www\yii\framework\yiilite.php:3501
Stack trace:
#0 C:\wamp\www\yii\framework\yiilite.php(3383): CController->missingAction('update&id=1')
#1 C:\wamp\www\yii\framework\yiilite.php(1725): CController->run('update&id=1')
#2 C:\wamp\www\yii\framework\yiilite.php(1645): CWebApplication->runController('cms/update&id=1')
#3 C:\wamp\www\yii\framework\yiilite.php(1170): CWebApplication->processRequest()
#4 C:\wamp\www\bitbucket_publicidad\index.php(24): CApplication->run()
#5 {main}
REQUEST_URI=/bitbucket_publicidad/index.php/cms/update&id=1
HTTP_REFERER=http://localhost/bitbucket_publicidad/index.php/product/admin
---
2015/01/21 04:28:06 [error] [exception.CHttpException.404] exception 'CHttpException' with message 'El sistema no ha podido encontrar la acción "update&id=1" solicitada.' in C:\wamp\www\yii\framework\yiilite.php:3501
Stack trace:
#0 C:\wamp\www\yii\framework\yiilite.php(3383): CController->missingAction('update&id=1')
#1 C:\wamp\www\yii\framework\yiilite.php(1725): CController->run('update&id=1')
#2 C:\wamp\www\yii\framework\yiilite.php(1645): CWebApplication->runController('cms/update&id=1')
#3 C:\wamp\www\yii\framework\yiilite.php(1170): CWebApplication->processRequest()
#4 C:\wamp\www\bitbucket_publicidad\index.php(24): CApplication->run()
#5 {main}
REQUEST_URI=/bitbucket_publicidad/index.php/cms/update&id=1
HTTP_REFERER=http://localhost/bitbucket_publicidad/index.php/product/admin
---
2015/01/21 04:42:55 [error] [exception.CHttpException.404] exception 'CHttpException' with message 'El sistema no ha podido encontrar la acción "index.php" solicitada.' in C:\wamp\www\yii\framework\yiilite.php:3501
Stack trace:
#0 C:\wamp\www\yii\framework\yiilite.php(3383): CController->missingAction('index.php')
#1 C:\wamp\www\yii\framework\yiilite.php(1725): CController->run('index.php')
#2 C:\wamp\www\yii\framework\yiilite.php(1645): CWebApplication->runController('user/index.php')
#3 C:\wamp\www\yii\framework\yiilite.php(1170): CWebApplication->processRequest()
#4 C:\wamp\www\bitbucket_publicidad\index.php(24): CApplication->run()
#5 {main}
REQUEST_URI=/bitbucket_publicidad/index.php/user/index.php?r=site/admin
HTTP_REFERER=http://localhost/bitbucket_publicidad/index.php/user/profile
---
2015/01/21 04:46:04 [error] [exception.CHttpException.404] exception 'CHttpException' with message 'El sistema no ha podido encontrar la acción "index.php" solicitada.' in C:\wamp\www\yii\framework\yiilite.php:3501
Stack trace:
#0 C:\wamp\www\yii\framework\yiilite.php(3383): CController->missingAction('index.php')
#1 C:\wamp\www\yii\framework\yiilite.php(1725): CController->run('index.php')
#2 C:\wamp\www\yii\framework\yiilite.php(1645): CWebApplication->runController('user/index.php')
#3 C:\wamp\www\yii\framework\yiilite.php(1170): CWebApplication->processRequest()
#4 C:\wamp\www\bitbucket_publicidad\index.php(24): CApplication->run()
#5 {main}
REQUEST_URI=/bitbucket_publicidad/index.php/user/index.php?r=site/admin
HTTP_REFERER=http://localhost/bitbucket_publicidad/index.php/user/profile
---
2015/01/21 04:47:43 [error] [exception.CHttpException.404] exception 'CHttpException' with message 'El sistema no ha podido encontrar la acción "index.php" solicitada.' in C:\wamp\www\yii\framework\yiilite.php:3501
Stack trace:
#0 C:\wamp\www\yii\framework\yiilite.php(3383): CController->missingAction('index.php')
#1 C:\wamp\www\yii\framework\yiilite.php(1725): CController->run('index.php')
#2 C:\wamp\www\yii\framework\yiilite.php(1645): CWebApplication->runController('user/index.php')
#3 C:\wamp\www\yii\framework\yiilite.php(1170): CWebApplication->processRequest()
#4 C:\wamp\www\bitbucket_publicidad\index.php(24): CApplication->run()
#5 {main}
REQUEST_URI=/bitbucket_publicidad/index.php/user/index.php?r=site/admin
HTTP_REFERER=http://localhost/bitbucket_publicidad/index.php/user/profile
---
2015/01/21 04:47:55 [error] [exception.CHttpException.404] exception 'CHttpException' with message 'El sistema no ha podido encontrar la acción "index.php" solicitada.' in C:\wamp\www\yii\framework\yiilite.php:3501
Stack trace:
#0 C:\wamp\www\yii\framework\yiilite.php(3383): CController->missingAction('index.php')
#1 C:\wamp\www\yii\framework\yiilite.php(1725): CController->run('index.php')
#2 C:\wamp\www\yii\framework\yiilite.php(1645): CWebApplication->runController('user/index.php')
#3 C:\wamp\www\yii\framework\yiilite.php(1170): CWebApplication->processRequest()
#4 C:\wamp\www\bitbucket_publicidad\index.php(24): CApplication->run()
#5 {main}
REQUEST_URI=/bitbucket_publicidad/index.php/user/index.php?r=site/admin
HTTP_REFERER=http://localhost/bitbucket_publicidad/index.php/user/profile
---
2015/01/21 04:48:21 [error] [exception.CHttpException.404] exception 'CHttpException' with message 'El sistema no ha podido encontrar la acción "index.php" solicitada.' in C:\wamp\www\yii\framework\yiilite.php:3501
Stack trace:
#0 C:\wamp\www\yii\framework\yiilite.php(3383): CController->missingAction('index.php')
#1 C:\wamp\www\yii\framework\yiilite.php(1725): CController->run('index.php')
#2 C:\wamp\www\yii\framework\yiilite.php(1645): CWebApplication->runController('user/index.php')
#3 C:\wamp\www\yii\framework\yiilite.php(1170): CWebApplication->processRequest()
#4 C:\wamp\www\bitbucket_publicidad\index.php(24): CApplication->run()
#5 {main}
REQUEST_URI=/bitbucket_publicidad/index.php/user/index.php?r=site/admin
HTTP_REFERER=http://localhost/bitbucket_publicidad/index.php/user/profile
---
2015/01/21 04:50:10 [error] [exception.CHttpException.404] exception 'CHttpException' with message 'El sistema no ha podido encontrar la acción "dashboard" solicitada.' in C:\wamp\www\yii\framework\yiilite.php:3501
Stack trace:
#0 C:\wamp\www\yii\framework\yiilite.php(3383): CController->missingAction('dashboard')
#1 C:\wamp\www\yii\framework\yiilite.php(1725): CController->run('dashboard')
#2 C:\wamp\www\yii\framework\yiilite.php(1645): CWebApplication->runController('user/dashboard')
#3 C:\wamp\www\yii\framework\yiilite.php(1170): CWebApplication->processRequest()
#4 C:\wamp\www\bitbucket_publicidad\index.php(24): CApplication->run()
#5 {main}
REQUEST_URI=/bitbucket_publicidad/index.php/user/dashboard
HTTP_REFERER=http://localhost/bitbucket_publicidad/index.php
---
2015/01/21 05:07:32 [error] [exception.CHttpException.404] exception 'CHttpException' with message 'El sistema no ha podido encontrar la acción "product" solicitada.' in C:\wamp\www\yii\framework\yiilite.php:3501
Stack trace:
#0 C:\wamp\www\yii\framework\yiilite.php(3383): CController->missingAction('product')
#1 C:\wamp\www\yii\framework\yiilite.php(1725): CController->run('product')
#2 C:\wamp\www\yii\framework\yiilite.php(1645): CWebApplication->runController('product/product...')
#3 C:\wamp\www\yii\framework\yiilite.php(1170): CWebApplication->processRequest()
#4 C:\wamp\www\bitbucket_publicidad\index.php(24): CApplication->run()
#5 {main}
REQUEST_URI=/bitbucket_publicidad/index.php/product/product/admin
HTTP_REFERER=http://localhost/bitbucket_publicidad/index.php/product/update/13
---
2015/01/21 05:07:47 [error] [exception.CHttpException.404] exception 'CHttpException' with message 'El sistema no ha podido encontrar la acción "product" solicitada.' in C:\wamp\www\yii\framework\yiilite.php:3501
Stack trace:
#0 C:\wamp\www\yii\framework\yiilite.php(3383): CController->missingAction('product')
#1 C:\wamp\www\yii\framework\yiilite.php(1725): CController->run('product')
#2 C:\wamp\www\yii\framework\yiilite.php(1645): CWebApplication->runController('product/product...')
#3 C:\wamp\www\yii\framework\yiilite.php(1170): CWebApplication->processRequest()
#4 C:\wamp\www\bitbucket_publicidad\index.php(24): CApplication->run()
#5 {main}
REQUEST_URI=/bitbucket_publicidad/index.php/product/product/create
HTTP_REFERER=http://localhost/bitbucket_publicidad/index.php/product/update/13
---
2015/01/21 05:10:08 [error] [exception.CHttpException.404] exception 'CHttpException' with message 'El sistema no ha podido encontrar la acción "product" solicitada.' in C:\wamp\www\yii\framework\yiilite.php:3501
Stack trace:
#0 C:\wamp\www\yii\framework\yiilite.php(3383): CController->missingAction('product')
#1 C:\wamp\www\yii\framework\yiilite.php(1725): CController->run('product')
#2 C:\wamp\www\yii\framework\yiilite.php(1645): CWebApplication->runController('product/product...')
#3 C:\wamp\www\yii\framework\yiilite.php(1170): CWebApplication->processRequest()
#4 C:\wamp\www\bitbucket_publicidad\index.php(24): CApplication->run()
#5 {main}
REQUEST_URI=/bitbucket_publicidad/index.php/product/product/admin
HTTP_REFERER=http://localhost/bitbucket_publicidad/index.php/product/update/13
---
2015/01/21 05:10:39 [error] [exception.CHttpException.404] exception 'CHttpException' with message 'No es posible resolver la solicitud "index.php/product/admin"' in C:\wamp\www\yii\framework\yiilite.php:1729
Stack trace:
#0 C:\wamp\www\yii\framework\yiilite.php(1645): CWebApplication->runController('index.php/produ...')
#1 C:\wamp\www\yii\framework\yiilite.php(1170): CWebApplication->processRequest()
#2 C:\wamp\www\bitbucket_publicidad\index.php(24): CApplication->run()
#3 {main}
REQUEST_URI=/bitbucket_publicidad/index.php/index.php/product/admin
HTTP_REFERER=http://localhost/bitbucket_publicidad/index.php/product/update/13
---
2015/01/21 05:10:54 [error] [exception.CHttpException.404] exception 'CHttpException' with message 'No es posible resolver la solicitud "index.php/product/admin"' in C:\wamp\www\yii\framework\yiilite.php:1729
Stack trace:
#0 C:\wamp\www\yii\framework\yiilite.php(1645): CWebApplication->runController('index.php/produ...')
#1 C:\wamp\www\yii\framework\yiilite.php(1170): CWebApplication->processRequest()
#2 C:\wamp\www\bitbucket_publicidad\index.php(24): CApplication->run()
#3 {main}
REQUEST_URI=/bitbucket_publicidad/index.php/index.php/product/admin
HTTP_REFERER=http://localhost/bitbucket_publicidad/index.php/product/update/13
---
2015/01/21 05:16:29 [error] [system.db.CDbCommand] CDbCommand::execute() falló: SQLSTATE[23000]: Integrity constraint violation: 1451 Cannot delete or update a parent row: a foreign key constraint fails (`publicidad`.`product_image`, CONSTRAINT `FK_product_image_product` FOREIGN KEY (`product_id`) REFERENCES `product` (`id`)). La sentencia SQL ejecutada fue: DELETE FROM `product` WHERE `product`.`id`=13.
2015/01/21 05:16:29 [error] [exception.CDbException] exception 'CDbException' with message 'CDbCommand falló al ejecutar la sentencia SQL: SQLSTATE[23000]: Integrity constraint violation: 1451 Cannot delete or update a parent row: a foreign key constraint fails (`publicidad`.`product_image`, CONSTRAINT `FK_product_image_product` FOREIGN KEY (`product_id`) REFERENCES `product` (`id`))' in C:\wamp\www\yii\framework\yiilite.php:8893
Stack trace:
#0 C:\wamp\www\yii\framework\yiilite.php(7678): CDbCommand->execute()
#1 C:\wamp\www\yii\framework\yiilite.php(7385): CActiveRecord->deleteByPk('13')
#2 C:\wamp\www\bitbucket_publicidad\protected\controllers\ProductController.php(407): CActiveRecord->delete()
#3 [internal function]: ProductController->actionDelete('13')
#4 C:\wamp\www\yii\framework\yiilite.php(3872): ReflectionMethod->invokeArgs(Object(ProductController), Array)
#5 C:\wamp\www\yii\framework\yiilite.php(3889): CAction->runWithParamsInternal(Object(ProductController), Object(ReflectionMethod), Array)
#6 C:\wamp\www\yii\framework\yiilite.php(3403): CInlineAction->runWithParams(Array)
#7 C:\wamp\www\yii\framework\yiilite.php(6405): CController->runAction(Object(CInlineAction))
#8 C:\wamp\www\yii\framework\yiilite.php(3766): CFilterChain->run()
#9 C:\wamp\www\yii\framework\yiilite.php(6447): CController->filterPostOnly(Object(CFilterChain))
#10 C:\wamp\www\yii\framework\yiilite.php(6402): CInlineFilter->filter(Object(CFilterChain))
#11 C:\wamp\www\yii\framework\yiilite.php(6414): CFilterChain->run()
#12 C:\wamp\www\yii\framework\yiilite.php(3781): CFilter->filter(Object(CFilterChain))
#13 C:\wamp\www\yii\framework\yiilite.php(6447): CController->filterAccessControl(Object(CFilterChain))
#14 C:\wamp\www\yii\framework\yiilite.php(6402): CInlineFilter->filter(Object(CFilterChain))
#15 C:\wamp\www\yii\framework\yiilite.php(3393): CFilterChain->run()
#16 C:\wamp\www\yii\framework\yiilite.php(3378): CController->runActionWithFilters(Object(CInlineAction), Array)
#17 C:\wamp\www\yii\framework\yiilite.php(1725): CController->run('delete')
#18 C:\wamp\www\yii\framework\yiilite.php(1645): CWebApplication->runController('product/delete')
#19 C:\wamp\www\yii\framework\yiilite.php(1170): CWebApplication->processRequest()
#20 C:\wamp\www\bitbucket_publicidad\index.php(24): CApplication->run()
#21 {main}
REQUEST_URI=/bitbucket_publicidad/index.php/product/delete/13?ajax=product-grid
HTTP_REFERER=http://localhost/bitbucket_publicidad/index.php/product/admin
---
2015/01/21 05:19:13 [error] [php] Trying to get property of non-object (C:\wamp\www\bitbucket_publicidad\protected\views\product\admin.php:48)
Stack trace:
#0 C:\wamp\www\yii\framework\yiilite.php(3655): ProductController->renderFile()
#1 C:\wamp\www\yii\framework\yiilite.php(3623): ProductController->renderPartial()
#2 C:\wamp\www\bitbucket_publicidad\protected\controllers\ProductController.php(456): ProductController->render()
#3 C:\wamp\www\yii\framework\yiilite.php(3891): ProductController->actionAdmin()
#4 C:\wamp\www\yii\framework\yiilite.php(3403): CInlineAction->runWithParams()
#5 C:\wamp\www\yii\framework\yiilite.php(6405): ProductController->runAction()
#6 C:\wamp\www\yii\framework\yiilite.php(6414): CFilterChain->run()
#7 C:\wamp\www\yii\framework\yiilite.php(3781): CAccessControlFilter->filter()
#8 C:\wamp\www\yii\framework\yiilite.php(6447): ProductController->filterAccessControl()
#9 C:\wamp\www\yii\framework\yiilite.php(6402): CInlineFilter->filter()
#10 C:\wamp\www\yii\framework\yiilite.php(3393): CFilterChain->run()
#11 C:\wamp\www\yii\framework\yiilite.php(3378): ProductController->runActionWithFilters()
#12 C:\wamp\www\yii\framework\yiilite.php(1725): ProductController->run()
#13 C:\wamp\www\yii\framework\yiilite.php(1645): CWebApplication->runController()
#14 C:\wamp\www\yii\framework\yiilite.php(1170): CWebApplication->processRequest()
#15 C:\wamp\www\bitbucket_publicidad\index.php(24): CWebApplication->run()
REQUEST_URI=/bitbucket_publicidad/index.php/product/admin
2015/01/21 05:22:13 [error] [php] Undefined variable: records (C:\wamp\www\bitbucket_publicidad\protected\models\Product.php:132)
Stack trace:
#0 C:\wamp\www\yii\framework\yiilite.php(3231): ProductController->renderInternal()
#1 C:\wamp\www\yii\framework\yiilite.php(3655): ProductController->renderFile()
#2 C:\wamp\www\yii\framework\yiilite.php(3623): ProductController->renderPartial()
#3 C:\wamp\www\bitbucket_publicidad\protected\controllers\ProductController.php(456): ProductController->render()
#4 C:\wamp\www\yii\framework\yiilite.php(3891): ProductController->actionAdmin()
#5 C:\wamp\www\yii\framework\yiilite.php(3403): CInlineAction->runWithParams()
#6 C:\wamp\www\yii\framework\yiilite.php(6405): ProductController->runAction()
#7 C:\wamp\www\yii\framework\yiilite.php(6414): CFilterChain->run()
#8 C:\wamp\www\yii\framework\yiilite.php(3781): CAccessControlFilter->filter()
#9 C:\wamp\www\yii\framework\yiilite.php(6447): ProductController->filterAccessControl()
#10 C:\wamp\www\yii\framework\yiilite.php(6402): CInlineFilter->filter()
#11 C:\wamp\www\yii\framework\yiilite.php(3393): CFilterChain->run()
#12 C:\wamp\www\yii\framework\yiilite.php(3378): ProductController->runActionWithFilters()
#13 C:\wamp\www\yii\framework\yiilite.php(1725): ProductController->run()
#14 C:\wamp\www\yii\framework\yiilite.php(1645): CWebApplication->runController()
#15 C:\wamp\www\yii\framework\yiilite.php(1170): CWebApplication->processRequest()
#16 C:\wamp\www\bitbucket_publicidad\index.php(24): CWebApplication->run()
REQUEST_URI=/bitbucket_publicidad/index.php/product/admin
2015/01/21 05:22:37 [error] [exception.CException] exception 'CException' with message 'Propiedad "CActiveDataProvider"."recordCount" no se encuentra definida.' in C:\wamp\www\yii\framework\yiilite.php:628
Stack trace:
#0 C:\wamp\www\yii\framework\web\CActiveDataProvider.php(83): CComponent->__set('recordCount', 0)
#1 C:\wamp\www\bitbucket_publicidad\protected\models\Product.php(135): CActiveDataProvider->__construct(Object(Product), Array)
#2 C:\wamp\www\bitbucket_publicidad\protected\views\product\admin.php(44): Product->search()
#3 C:\wamp\www\yii\framework\yiilite.php(3252): require('C:\wamp\www\bit...')
#4 C:\wamp\www\yii\framework\yiilite.php(3231): CBaseController->renderInternal('C:\wamp\www\bit...', Array, true)
#5 C:\wamp\www\yii\framework\yiilite.php(3655): CBaseController->renderFile('C:\wamp\www\bit...', Array, true)
#6 C:\wamp\www\yii\framework\yiilite.php(3623): CController->renderPartial('admin', Array, true)
#7 C:\wamp\www\bitbucket_publicidad\protected\controllers\ProductController.php(456): CController->render('admin', Array)
#8 C:\wamp\www\yii\framework\yiilite.php(3891): ProductController->actionAdmin()
#9 C:\wamp\www\yii\framework\yiilite.php(3403): CInlineAction->runWithParams(Array)
#10 C:\wamp\www\yii\framework\yiilite.php(6405): CController->runAction(Object(CInlineAction))
#11 C:\wamp\www\yii\framework\yiilite.php(6414): CFilterChain->run()
#12 C:\wamp\www\yii\framework\yiilite.php(3781): CFilter->filter(Object(CFilterChain))
#13 C:\wamp\www\yii\framework\yiilite.php(6447): CController->filterAccessControl(Object(CFilterChain))
#14 C:\wamp\www\yii\framework\yiilite.php(6402): CInlineFilter->filter(Object(CFilterChain))
#15 C:\wamp\www\yii\framework\yiilite.php(3393): CFilterChain->run()
#16 C:\wamp\www\yii\framework\yiilite.php(3378): CController->runActionWithFilters(Object(CInlineAction), Array)
#17 C:\wamp\www\yii\framework\yiilite.php(1725): CController->run('admin')
#18 C:\wamp\www\yii\framework\yiilite.php(1645): CWebApplication->runController('product/admin')
#19 C:\wamp\www\yii\framework\yiilite.php(1170): CWebApplication->processRequest()
#20 C:\wamp\www\bitbucket_publicidad\index.php(24): CApplication->run()
#21 {main}
REQUEST_URI=/bitbucket_publicidad/index.php/product/admin
---
2015/01/21 05:23:09 [error] [php] Undefined variable: criteria (C:\wamp\www\bitbucket_publicidad\protected\views\product\admin.php:45)
Stack trace:
#0 C:\wamp\www\yii\framework\yiilite.php(3655): ProductController->renderFile()
#1 C:\wamp\www\yii\framework\yiilite.php(3623): ProductController->renderPartial()
#2 C:\wamp\www\bitbucket_publicidad\protected\controllers\ProductController.php(456): ProductController->render()
#3 C:\wamp\www\yii\framework\yiilite.php(3891): ProductController->actionAdmin()
#4 C:\wamp\www\yii\framework\yiilite.php(3403): CInlineAction->runWithParams()
#5 C:\wamp\www\yii\framework\yiilite.php(6405): ProductController->runAction()
#6 C:\wamp\www\yii\framework\yiilite.php(6414): CFilterChain->run()
#7 C:\wamp\www\yii\framework\yiilite.php(3781): CAccessControlFilter->filter()
#8 C:\wamp\www\yii\framework\yiilite.php(6447): ProductController->filterAccessControl()
#9 C:\wamp\www\yii\framework\yiilite.php(6402): CInlineFilter->filter()
#10 C:\wamp\www\yii\framework\yiilite.php(3393): CFilterChain->run()
#11 C:\wamp\www\yii\framework\yiilite.php(3378): ProductController->runActionWithFilters()
#12 C:\wamp\www\yii\framework\yiilite.php(1725): ProductController->run()
#13 C:\wamp\www\yii\framework\yiilite.php(1645): CWebApplication->runController()
#14 C:\wamp\www\yii\framework\yiilite.php(1170): CWebApplication->processRequest()
#15 C:\wamp\www\bitbucket_publicidad\index.php(24): CWebApplication->run()
REQUEST_URI=/bitbucket_publicidad/index.php/product/admin
2015/01/21 05:23:44 [error] [exception.CException] exception 'CException' with message 'Propiedad "Product"."criteria" no se encuentra definida.' in C:\wamp\www\yii\framework\yiilite.php:600
Stack trace:
#0 C:\wamp\www\yii\framework\yiilite.php(6912): CComponent->__get('criteria')
#1 C:\wamp\www\bitbucket_publicidad\protected\views\product\admin.php(45): CActiveRecord->__get('criteria')
#2 C:\wamp\www\yii\framework\yiilite.php(3252): require('C:\wamp\www\bit...')
#3 C:\wamp\www\yii\framework\yiilite.php(3231): CBaseController->renderInternal('C:\wamp\www\bit...', Array, true)
#4 C:\wamp\www\yii\framework\yiilite.php(3655): CBaseController->renderFile('C:\wamp\www\bit...', Array, true)
#5 C:\wamp\www\yii\framework\yiilite.php(3623): CController->renderPartial('admin', Array, true)
#6 C:\wamp\www\bitbucket_publicidad\protected\controllers\ProductController.php(456): CController->render('admin', Array)
#7 C:\wamp\www\yii\framework\yiilite.php(3891): ProductController->actionAdmin()
#8 C:\wamp\www\yii\framework\yiilite.php(3403): CInlineAction->runWithParams(Array)
#9 C:\wamp\www\yii\framework\yiilite.php(6405): CController->runAction(Object(CInlineAction))
#10 C:\wamp\www\yii\framework\yiilite.php(6414): CFilterChain->run()
#11 C:\wamp\www\yii\framework\yiilite.php(3781): CFilter->filter(Object(CFilterChain))
#12 C:\wamp\www\yii\framework\yiilite.php(6447): CController->filterAccessControl(Object(CFilterChain))
#13 C:\wamp\www\yii\framework\yiilite.php(6402): CInlineFilter->filter(Object(CFilterChain))
#14 C:\wamp\www\yii\framework\yiilite.php(3393): CFilterChain->run()
#15 C:\wamp\www\yii\framework\yiilite.php(3378): CController->runActionWithFilters(Object(CInlineAction), Array)
#16 C:\wamp\www\yii\framework\yiilite.php(1725): CController->run('admin')
#17 C:\wamp\www\yii\framework\yiilite.php(1645): CWebApplication->runController('product/admin')
#18 C:\wamp\www\yii\framework\yiilite.php(1170): CWebApplication->processRequest()
#19 C:\wamp\www\bitbucket_publicidad\index.php(24): CApplication->run()
#20 {main}
REQUEST_URI=/bitbucket_publicidad/index.php/product/admin
---
2015/02/01 23:11:48 [error] [exception.CHttpException.404] exception 'CHttpException' with message 'El sistema no ha podido encontrar la acción "index.php" solicitada.' in C:\wamp\www\yii\framework\yiilite.php:3501
Stack trace:
#0 C:\wamp\www\yii\framework\yiilite.php(3383): CController->missingAction('index.php')
#1 C:\wamp\www\yii\framework\yiilite.php(1725): CController->run('index.php')
#2 C:\wamp\www\yii\framework\yiilite.php(1645): CWebApplication->runController('site/index.php')
#3 C:\wamp\www\yii\framework\yiilite.php(1170): CWebApplication->processRequest()
#4 C:\wamp\www\bitbucket_publicidad\index.php(24): CApplication->run()
#5 {main}
REQUEST_URI=/bitbucket_publicidad/index.php/site/index.php?r=user/updatePass
HTTP_REFERER=http://localhost/bitbucket_publicidad/index.php/site/admin
---
2015/02/01 23:14:08 [error] [exception.CHttpException.404] exception 'CHttpException' with message 'El sistema no ha podido encontrar la acción "updatePass" solicitada.' in C:\wamp\www\yii\framework\yiilite.php:3501
Stack trace:
#0 C:\wamp\www\yii\framework\yiilite.php(3383): CController->missingAction('updatePass')
#1 C:\wamp\www\yii\framework\yiilite.php(1725): CController->run('updatePass')
#2 C:\wamp\www\yii\framework\yiilite.php(1645): CWebApplication->runController('user/updatePass')
#3 C:\wamp\www\yii\framework\yiilite.php(1170): CWebApplication->processRequest()
#4 C:\wamp\www\bitbucket_publicidad\index.php(24): CApplication->run()
#5 {main}
REQUEST_URI=/bitbucket_publicidad/index.php/user/updatePass
---
2015/02/01 23:14:32 [error] [exception.CHttpException.404] exception 'CHttpException' with message 'El sistema no ha podido encontrar la acción "index.php" solicitada.' in C:\wamp\www\yii\framework\yiilite.php:3501
Stack trace:
#0 C:\wamp\www\yii\framework\yiilite.php(3383): CController->missingAction('index.php')
#1 C:\wamp\www\yii\framework\yiilite.php(1725): CController->run('index.php')
#2 C:\wamp\www\yii\framework\yiilite.php(1645): CWebApplication->runController('user/index.php')
#3 C:\wamp\www\yii\framework\yiilite.php(1170): CWebApplication->processRequest()
#4 C:\wamp\www\bitbucket_publicidad\index.php(24): CApplication->run()
#5 {main}
REQUEST_URI=/bitbucket_publicidad/index.php/user/index.php?r=user/updatePass
HTTP_REFERER=http://localhost/bitbucket_publicidad/index.php/user/profile
---
2015/02/01 23:14:41 [error] [exception.CHttpException.404] exception 'CHttpException' with message 'El sistema no ha podido encontrar la acción "updatePass" solicitada.' in C:\wamp\www\yii\framework\yiilite.php:3501
Stack trace:
#0 C:\wamp\www\yii\framework\yiilite.php(3383): CController->missingAction('updatePass')
#1 C:\wamp\www\yii\framework\yiilite.php(1725): CController->run('updatePass')
#2 C:\wamp\www\yii\framework\yiilite.php(1645): CWebApplication->runController('user/updatePass')
#3 C:\wamp\www\yii\framework\yiilite.php(1170): CWebApplication->processRequest()
#4 C:\wamp\www\bitbucket_publicidad\index.php(24): CApplication->run()
#5 {main}
REQUEST_URI=/bitbucket_publicidad/index.php/user/updatePass
---
2015/02/01 23:16:39 [error] [exception.CHttpException.404] exception 'CHttpException' with message 'El sistema no ha podido encontrar la acción "index.php" solicitada.' in C:\wamp\www\yii\framework\yiilite.php:3501
Stack trace:
#0 C:\wamp\www\yii\framework\yiilite.php(3383): CController->missingAction('index.php')
#1 C:\wamp\www\yii\framework\yiilite.php(1725): CController->run('index.php')
#2 C:\wamp\www\yii\framework\yiilite.php(1645): CWebApplication->runController('user/index.php')
#3 C:\wamp\www\yii\framework\yiilite.php(1170): CWebApplication->processRequest()
#4 C:\wamp\www\bitbucket_publicidad\index.php(24): CApplication->run()
#5 {main}
REQUEST_URI=/bitbucket_publicidad/index.php/user/index.php?r=user/updatePass
HTTP_REFERER=http://localhost/bitbucket_publicidad/index.php/user/profile
---
2015/02/01 23:22:16 [error] [exception.CHttpException.404] exception 'CHttpException' with message 'El sistema no ha podido encontrar la acción "updatePass" solicitada.' in C:\wamp\www\yii\framework\yiilite.php:3501
Stack trace:
#0 C:\wamp\www\yii\framework\yiilite.php(3383): CController->missingAction('updatePass')
#1 C:\wamp\www\yii\framework\yiilite.php(1725): CController->run('updatePass')
#2 C:\wamp\www\yii\framework\yiilite.php(1645): CWebApplication->runController('user/updatePass')
#3 C:\wamp\www\yii\framework\yiilite.php(1170): CWebApplication->processRequest()
#4 C:\wamp\www\bitbucket_publicidad\index.php(24): CApplication->run()
#5 {main}
REQUEST_URI=/bitbucket_publicidad/index.php/user/updatePass
HTTP_REFERER=http://localhost/bitbucket_publicidad/index.php/user/profile
---
2015/02/01 23:31:34 [error] [exception.CHttpException.404] exception 'CHttpException' with message 'El sistema no ha podido encontrar la acción "updatePass" solicitada.' in C:\wamp\www\yii\framework\yiilite.php:3501
Stack trace:
#0 C:\wamp\www\yii\framework\yiilite.php(3383): CController->missingAction('updatePass')
#1 C:\wamp\www\yii\framework\yiilite.php(1725): CController->run('updatePass')
#2 C:\wamp\www\yii\framework\yiilite.php(1645): CWebApplication->runController('user/updatePass')
#3 C:\wamp\www\yii\framework\yiilite.php(1170): CWebApplication->processRequest()
#4 C:\wamp\www\bitbucket_publicidad\index.php(24): CApplication->run()
#5 {main}
REQUEST_URI=/bitbucket_publicidad/index.php/user/updatePass
HTTP_REFERER=http://localhost/bitbucket_publicidad/index.php/user/profile
---
2015/02/02 15:38:27 [error] [exception.CHttpException.404] exception 'CHttpException' with message 'El sistema no ha podido encontrar la acción "index.php" solicitada.' in C:\wamp\www\yii\framework\yiilite.php:3501
Stack trace:
#0 C:\wamp\www\yii\framework\yiilite.php(3383): CController->missingAction('index.php')
#1 C:\wamp\www\yii\framework\yiilite.php(1725): CController->run('index.php')
#2 C:\wamp\www\yii\framework\yiilite.php(1645): CWebApplication->runController('site/index.php')
#3 C:\wamp\www\yii\framework\yiilite.php(1170): CWebApplication->processRequest()
#4 C:\wamp\www\bitbucket_publicidad\index.php(24): CApplication->run()
#5 {main}
REQUEST_URI=/bitbucket_publicidad/index.php/site/index.php?r=user/updatePass
HTTP_REFERER=http://localhost/bitbucket_publicidad/index.php/site/admin
---
2015/02/02 15:38:40 [error] [php] include(PasswordForm.php): failed to open stream: No such file or directory (C:\wamp\www\yii\framework\yiilite.php:238)
Stack trace:
#0 C:\wamp\www\bitbucket_publicidad\protected\controllers\UserController.php(37): spl_autoload_call()
#1 C:\wamp\www\yii\framework\yiilite.php(3891): UserController->actionUpdatePass()
#2 C:\wamp\www\yii\framework\yiilite.php(3403): CInlineAction->runWithParams()
#3 C:\wamp\www\yii\framework\yiilite.php(6405): UserController->runAction()
#4 C:\wamp\www\yii\framework\yiilite.php(6414): CFilterChain->run()
#5 C:\wamp\www\yii\framework\yiilite.php(3781): CAccessControlFilter->filter()
#6 C:\wamp\www\yii\framework\yiilite.php(6447): UserController->filterAccessControl()
#7 C:\wamp\www\yii\framework\yiilite.php(6402): CInlineFilter->filter()
#8 C:\wamp\www\yii\framework\yiilite.php(3393): CFilterChain->run()
#9 C:\wamp\www\yii\framework\yiilite.php(3378): UserController->runActionWithFilters()
#10 C:\wamp\www\yii\framework\yiilite.php(1725): UserController->run()
#11 C:\wamp\www\yii\framework\yiilite.php(1645): CWebApplication->runController()
#12 C:\wamp\www\yii\framework\yiilite.php(1170): CWebApplication->processRequest()
#13 C:\wamp\www\bitbucket_publicidad\index.php(24): CWebApplication->run()
REQUEST_URI=/bitbucket_publicidad/index.php/user/updatePass
2015/02/02 15:41:53 [error] [exception.CHttpException.404] exception 'CHttpException' with message 'El sistema no ha podido encontrar la acción "index.php" solicitada.' in C:\wamp\www\yii\framework\yiilite.php:3501
Stack trace:
#0 C:\wamp\www\yii\framework\yiilite.php(3383): CController->missingAction('index.php')
#1 C:\wamp\www\yii\framework\yiilite.php(1725): CController->run('index.php')
#2 C:\wamp\www\yii\framework\yiilite.php(1645): CWebApplication->runController('user/index.php')
#3 C:\wamp\www\yii\framework\yiilite.php(1170): CWebApplication->processRequest()
#4 C:\wamp\www\bitbucket_publicidad\index.php(24): CApplication->run()
#5 {main}
REQUEST_URI=/bitbucket_publicidad/index.php/user/index.php?r=site/admin
HTTP_REFERER=http://localhost/bitbucket_publicidad/index.php/user/updatePass
---
2015/02/02 15:42:05 [error] [exception.CHttpException.404] exception 'CHttpException' with message 'El sistema no ha podido encontrar la acción "index.php" solicitada.' in C:\wamp\www\yii\framework\yiilite.php:3501
Stack trace:
#0 C:\wamp\www\yii\framework\yiilite.php(3383): CController->missingAction('index.php')
#1 C:\wamp\www\yii\framework\yiilite.php(1725): CController->run('index.php')
#2 C:\wamp\www\yii\framework\yiilite.php(1645): CWebApplication->runController('user/index.php')
#3 C:\wamp\www\yii\framework\yiilite.php(1170): CWebApplication->processRequest()
#4 C:\wamp\www\bitbucket_publicidad\index.php(24): CApplication->run()
#5 {main}
REQUEST_URI=/bitbucket_publicidad/index.php/user/index.php?r=site/admin
---
2015/02/02 15:43:12 [error] [exception.CHttpException.404] exception 'CHttpException' with message 'El sistema no ha podido encontrar la acción "index.php" solicitada.' in C:\wamp\www\yii\framework\yiilite.php:3501
Stack trace:
#0 C:\wamp\www\yii\framework\yiilite.php(3383): CController->missingAction('index.php')
#1 C:\wamp\www\yii\framework\yiilite.php(1725): CController->run('index.php')
#2 C:\wamp\www\yii\framework\yiilite.php(1645): CWebApplication->runController('user/index.php/...')
#3 C:\wamp\www\yii\framework\yiilite.php(1170): CWebApplication->processRequest()
#4 C:\wamp\www\bitbucket_publicidad\index.php(24): CApplication->run()
#5 {main}
REQUEST_URI=/bitbucket_publicidad/index.php/user/index.php/site/admin
HTTP_REFERER=http://localhost/bitbucket_publicidad/index.php/user/updatePass
---
2015/02/02 15:51:48 [error] [exception.CHttpException.404] exception 'CHttpException' with message 'El sistema no ha podido encontrar la acción "profile" solicitada.' in C:\wamp\www\yii\framework\yiilite.php:3501
Stack trace:
#0 C:\wamp\www\yii\framework\yiilite.php(3383): CController->missingAction('profile')
#1 C:\wamp\www\yii\framework\yiilite.php(1725): CController->run('profile')
#2 C:\wamp\www\yii\framework\yiilite.php(1645): CWebApplication->runController('user/profile')
#3 C:\wamp\www\yii\framework\yiilite.php(1170): CWebApplication->processRequest()
#4 C:\wamp\www\bitbucket_publicidad\index.php(24): CApplication->run()
#5 {main}
REQUEST_URI=/bitbucket_publicidad/index.php/user/profile
HTTP_REFERER=http://localhost/bitbucket_publicidad/index.php
---
2015/02/02 15:54:54 [error] [exception.CException] exception 'CException' with message 'UserController no ha podido encontrar la vista "profile" solicitada.' in C:\wamp\www\yii\framework\yiilite.php:3664
Stack trace:
#0 C:\wamp\www\yii\framework\yiilite.php(3623): CController->renderPartial('profile', NULL, true)
#1 C:\wamp\www\bitbucket_publicidad\protected\controllers\UserController.php(38): CController->render('profile')
#2 C:\wamp\www\yii\framework\yiilite.php(3891): UserController->actionProfile()
#3 C:\wamp\www\yii\framework\yiilite.php(3403): CInlineAction->runWithParams(Array)
#4 C:\wamp\www\yii\framework\yiilite.php(6405): CController->runAction(Object(CInlineAction))
#5 C:\wamp\www\yii\framework\yiilite.php(6414): CFilterChain->run()
#6 C:\wamp\www\yii\framework\yiilite.php(3781): CFilter->filter(Object(CFilterChain))
#7 C:\wamp\www\yii\framework\yiilite.php(6447): CController->filterAccessControl(Object(CFilterChain))
#8 C:\wamp\www\yii\framework\yiilite.php(6402): CInlineFilter->filter(Object(CFilterChain))
#9 C:\wamp\www\yii\framework\yiilite.php(3393): CFilterChain->run()
#10 C:\wamp\www\yii\framework\yiilite.php(3378): CController->runActionWithFilters(Object(CInlineAction), Array)
#11 C:\wamp\www\yii\framework\yiilite.php(1725): CController->run('profile')
#12 C:\wamp\www\yii\framework\yiilite.php(1645): CWebApplication->runController('user/profile')
#13 C:\wamp\www\yii\framework\yiilite.php(1170): CWebApplication->processRequest()
#14 C:\wamp\www\bitbucket_publicidad\index.php(24): CApplication->run()
#15 {main}
REQUEST_URI=/bitbucket_publicidad/index.php/user/profile
---
2015/02/02 15:59:20 [error] [php] Undefined variable: model (C:\wamp\www\bitbucket_publicidad\protected\views\user\dashBoard.php:14)
Stack trace:
#0 C:\wamp\www\yii\framework\yiilite.php(3655): UserController->renderFile()
#1 C:\wamp\www\yii\framework\yiilite.php(3623): UserController->renderPartial()
#2 C:\wamp\www\bitbucket_publicidad\protected\controllers\UserController.php(38): UserController->render()
#3 C:\wamp\www\yii\framework\yiilite.php(3891): UserController->actionProfile()
#4 C:\wamp\www\yii\framework\yiilite.php(3403): CInlineAction->runWithParams()
#5 C:\wamp\www\yii\framework\yiilite.php(6405): UserController->runAction()
#6 C:\wamp\www\yii\framework\yiilite.php(6414): CFilterChain->run()
#7 C:\wamp\www\yii\framework\yiilite.php(3781): CAccessControlFilter->filter()
#8 C:\wamp\www\yii\framework\yiilite.php(6447): UserController->filterAccessControl()
#9 C:\wamp\www\yii\framework\yiilite.php(6402): CInlineFilter->filter()
#10 C:\wamp\www\yii\framework\yiilite.php(3393): CFilterChain->run()
#11 C:\wamp\www\yii\framework\yiilite.php(3378): UserController->runActionWithFilters()
#12 C:\wamp\www\yii\framework\yiilite.php(1725): UserController->run()
#13 C:\wamp\www\yii\framework\yiilite.php(1645): CWebApplication->runController()
#14 C:\wamp\www\yii\framework\yiilite.php(1170): CWebApplication->processRequest()
#15 C:\wamp\www\bitbucket_publicidad\index.php(24): CWebApplication->run()
REQUEST_URI=/bitbucket_publicidad/index.php/user/profile
2015/02/02 16:02:45 [error] [exception.CHttpException.404] exception 'CHttpException' with message 'El sistema no ha podido encontrar la acción "index.php" solicitada.' in C:\wamp\www\yii\framework\yiilite.php:3501
Stack trace:
#0 C:\wamp\www\yii\framework\yiilite.php(3383): CController->missingAction('index.php')
#1 C:\wamp\www\yii\framework\yiilite.php(1725): CController->run('index.php')
#2 C:\wamp\www\yii\framework\yiilite.php(1645): CWebApplication->runController('user/index.php/...')
#3 C:\wamp\www\yii\framework\yiilite.php(1170): CWebApplication->processRequest()
#4 C:\wamp\www\bitbucket_publicidad\index.php(24): CApplication->run()
#5 {main}
REQUEST_URI=/bitbucket_publicidad/index.php/user/index.php/site/logout
HTTP_REFERER=http://localhost/bitbucket_publicidad/index.php/user/profile
---
2015/02/02 17:18:22 [error] [php] include_once(analyticstracking.php): failed to open stream: No such file or directory (C:\wamp\www\bitbucket_publicidad\themes\bootstrap\views\layouts\main.php:150)
Stack trace:
#0 C:\wamp\www\yii\framework\yiilite.php(3231): SiteController->renderInternal()
#1 C:\wamp\www\yii\framework\yiilite.php(3625): SiteController->renderFile()
#2 C:\wamp\www\bitbucket_publicidad\protected\controllers\SiteController.php(87): SiteController->render()
#3 C:\wamp\www\yii\framework\yiilite.php(3891): SiteController->actionIndex()
#4 C:\wamp\www\yii\framework\yiilite.php(3403): CInlineAction->runWithParams()
#5 C:\wamp\www\yii\framework\yiilite.php(6405): SiteController->runAction()
#6 C:\wamp\www\yii\framework\yiilite.php(6414): CFilterChain->run()
#7 C:\wamp\www\yii\framework\yiilite.php(3781): CAccessControlFilter->filter()
#8 C:\wamp\www\yii\framework\yiilite.php(6447): SiteController->filterAccessControl()
#9 C:\wamp\www\yii\framework\yiilite.php(6402): CInlineFilter->filter()
#10 C:\wamp\www\yii\framework\yiilite.php(3393): CFilterChain->run()
#11 C:\wamp\www\yii\framework\yiilite.php(3378): SiteController->runActionWithFilters()
#12 C:\wamp\www\yii\framework\yiilite.php(1725): SiteController->run()
#13 C:\wamp\www\yii\framework\yiilite.php(1645): CWebApplication->runController()
#14 C:\wamp\www\yii\framework\yiilite.php(1170): CWebApplication->processRequest()
#15 C:\wamp\www\bitbucket_publicidad\index.php(24): CWebApplication->run()
REQUEST_URI=/bitbucket_publicidad/index.php
2015/02/02 20:28:12 [error] [exception.CHttpException.404] exception 'CHttpException' with message 'El sistema no ha podido encontrar la acción "index.php" solicitada.' in C:\wamp\www\yii\framework\yiilite.php:3501
Stack trace:
#0 C:\wamp\www\yii\framework\yiilite.php(3383): CController->missingAction('index.php')
#1 C:\wamp\www\yii\framework\yiilite.php(1725): CController->run('index.php')
#2 C:\wamp\www\yii\framework\yiilite.php(1645): CWebApplication->runController('site/index.php/...')
#3 C:\wamp\www\yii\framework\yiilite.php(1170): CWebApplication->processRequest()
#4 C:\wamp\www\bitbucket_publicidad\index.php(24): CApplication->run()
#5 {main}
REQUEST_URI=/bitbucket_publicidad/index.php/site/index.php/product/detail/id/nino
HTTP_REFERER=http://localhost/bitbucket_publicidad/index.php/site/index
---
2015/02/02 20:28:20 [error] [exception.CHttpException.404] exception 'CHttpException' with message 'El sistema no ha podido encontrar la acción "index.php" solicitada.' in C:\wamp\www\yii\framework\yiilite.php:3501
Stack trace:
#0 C:\wamp\www\yii\framework\yiilite.php(3383): CController->missingAction('index.php')
#1 C:\wamp\www\yii\framework\yiilite.php(1725): CController->run('index.php')
#2 C:\wamp\www\yii\framework\yiilite.php(1645): CWebApplication->runController('site/index.php/...')
#3 C:\wamp\www\yii\framework\yiilite.php(1170): CWebApplication->processRequest()
#4 C:\wamp\www\bitbucket_publicidad\index.php(24): CApplication->run()
#5 {main}
REQUEST_URI=/bitbucket_publicidad/index.php/site/index.php/product/detail/id/nino
---
2015/02/02 20:28:26 [error] [exception.CHttpException.404] exception 'CHttpException' with message 'El sistema no ha podido encontrar la acción "index.php" solicitada.' in C:\wamp\www\yii\framework\yiilite.php:3501
Stack trace:
#0 C:\wamp\www\yii\framework\yiilite.php(3383): CController->missingAction('index.php')
#1 C:\wamp\www\yii\framework\yiilite.php(1725): CController->run('index.php')
#2 C:\wamp\www\yii\framework\yiilite.php(1645): CWebApplication->runController('site/index.php/...')
#3 C:\wamp\www\yii\framework\yiilite.php(1170): CWebApplication->processRequest()
#4 C:\wamp\www\bitbucket_publicidad\index.php(24): CApplication->run()
#5 {main}
REQUEST_URI=/bitbucket_publicidad/index.php/site/index.php/product/detail/id/nino
HTTP_REFERER=http://localhost/bitbucket_publicidad/index.php/site/index
---
2015/02/02 20:28:34 [error] [exception.CHttpException.404] exception 'CHttpException' with message 'El sistema no ha podido encontrar la acción "index.php" solicitada.' in C:\wamp\www\yii\framework\yiilite.php:3501
Stack trace:
#0 C:\wamp\www\yii\framework\yiilite.php(3383): CController->missingAction('index.php')
#1 C:\wamp\www\yii\framework\yiilite.php(1725): CController->run('index.php')
#2 C:\wamp\www\yii\framework\yiilite.php(1645): CWebApplication->runController('site/index.php/...')
#3 C:\wamp\www\yii\framework\yiilite.php(1170): CWebApplication->processRequest()
#4 C:\wamp\www\bitbucket_publicidad\index.php(24): CApplication->run()
#5 {main}
REQUEST_URI=/bitbucket_publicidad/index.php/site/index.php/product/detail/id/enigma
HTTP_REFERER=http://localhost/bitbucket_publicidad/index.php/site/index
---
2015/02/02 20:28:57 [error] [exception.CHttpException.404] exception 'CHttpException' with message 'El sistema no ha podido encontrar la acción "index.php" solicitada.' in C:\wamp\www\yii\framework\yiilite.php:3501
Stack trace:
#0 C:\wamp\www\yii\framework\yiilite.php(3383): CController->missingAction('index.php')
#1 C:\wamp\www\yii\framework\yiilite.php(1725): CController->run('index.php')
#2 C:\wamp\www\yii\framework\yiilite.php(1645): CWebApplication->runController('site/index.php/...')
#3 C:\wamp\www\yii\framework\yiilite.php(1170): CWebApplication->processRequest()
#4 C:\wamp\www\bitbucket_publicidad\index.php(24): CApplication->run()
#5 {main}
REQUEST_URI=/bitbucket_publicidad/index.php/site/index.php/product/detail/id/enigma
---
2015/02/02 20:29:10 [error] [exception.CHttpException.404] exception 'CHttpException' with message 'El sistema no ha podido encontrar la acción "index.php" solicitada.' in C:\wamp\www\yii\framework\yiilite.php:3501
Stack trace:
#0 C:\wamp\www\yii\framework\yiilite.php(3383): CController->missingAction('index.php')
#1 C:\wamp\www\yii\framework\yiilite.php(1725): CController->run('index.php')
#2 C:\wamp\www\yii\framework\yiilite.php(1645): CWebApplication->runController('site/index.php/...')
#3 C:\wamp\www\yii\framework\yiilite.php(1170): CWebApplication->processRequest()
#4 C:\wamp\www\bitbucket_publicidad\index.php(24): CApplication->run()
#5 {main}
REQUEST_URI=/bitbucket_publicidad/index.php/site/index.php/product/detail/id/enigma
---
2015/02/02 20:29:39 [error] [exception.CHttpException.404] exception 'CHttpException' with message 'El sistema no ha podido encontrar la acción "index.php" solicitada.' in C:\wamp\www\yii\framework\yiilite.php:3501
Stack trace:
#0 C:\wamp\www\yii\framework\yiilite.php(3383): CController->missingAction('index.php')
#1 C:\wamp\www\yii\framework\yiilite.php(1725): CController->run('index.php')
#2 C:\wamp\www\yii\framework\yiilite.php(1645): CWebApplication->runController('site/index.php/...')
#3 C:\wamp\www\yii\framework\yiilite.php(1170): CWebApplication->processRequest()
#4 C:\wamp\www\bitbucket_publicidad\index.php(24): CApplication->run()
#5 {main}
REQUEST_URI=/bitbucket_publicidad/index.php/site/index.php/product/detail/id/bizu
---
2015/02/02 20:29:45 [error] [exception.CHttpException.404] exception 'CHttpException' with message 'El sistema no ha podido encontrar la acción "index.php" solicitada.' in C:\wamp\www\yii\framework\yiilite.php:3501
Stack trace:
#0 C:\wamp\www\yii\framework\yiilite.php(3383): CController->missingAction('index.php')
#1 C:\wamp\www\yii\framework\yiilite.php(1725): CController->run('index.php')
#2 C:\wamp\www\yii\framework\yiilite.php(1645): CWebApplication->runController('site/index.php/...')
#3 C:\wamp\www\yii\framework\yiilite.php(1170): CWebApplication->processRequest()
#4 C:\wamp\www\bitbucket_publicidad\index.php(24): CApplication->run()
#5 {main}
REQUEST_URI=/bitbucket_publicidad/index.php/site/index.php/product/detail/id/enigma
---
2015/02/02 20:29:57 [error] [exception.CHttpException.404] exception 'CHttpException' with message 'El sistema no ha podido encontrar la acción "index.php" solicitada.' in C:\wamp\www\yii\framework\yiilite.php:3501
Stack trace:
#0 C:\wamp\www\yii\framework\yiilite.php(3383): CController->missingAction('index.php')
#1 C:\wamp\www\yii\framework\yiilite.php(1725): CController->run('index.php')
#2 C:\wamp\www\yii\framework\yiilite.php(1645): CWebApplication->runController('site/index.php/...')
#3 C:\wamp\www\yii\framework\yiilite.php(1170): CWebApplication->processRequest()
#4 C:\wamp\www\bitbucket_publicidad\index.php(24): CApplication->run()
#5 {main}
REQUEST_URI=/bitbucket_publicidad/index.php/site/index.php/product/detail/id/enigma
HTTP_REFERER=http://localhost/bitbucket_publicidad/index.php/site/index
---
2015/02/02 20:30:40 [error] [exception.CHttpException.404] exception 'CHttpException' with message 'El sistema no ha podido encontrar la acción "index.php" solicitada.' in C:\wamp\www\yii\framework\yiilite.php:3501
Stack trace:
#0 C:\wamp\www\yii\framework\yiilite.php(3383): CController->missingAction('index.php')
#1 C:\wamp\www\yii\framework\yiilite.php(1725): CController->run('index.php')
#2 C:\wamp\www\yii\framework\yiilite.php(1645): CWebApplication->runController('site/index.php/...')
#3 C:\wamp\www\yii\framework\yiilite.php(1170): CWebApplication->processRequest()
#4 C:\wamp\www\bitbucket_publicidad\index.php(24): CApplication->run()
#5 {main}
REQUEST_URI=/bitbucket_publicidad/index.php/site/index.php/product/detail/id/5
---
2015/02/02 20:31:01 [error] [exception.CHttpException.404] exception 'CHttpException' with message 'El sistema no ha podido encontrar la acción "index.php" solicitada.' in C:\wamp\www\yii\framework\yiilite.php:3501
Stack trace:
#0 C:\wamp\www\yii\framework\yiilite.php(3383): CController->missingAction('index.php')
#1 C:\wamp\www\yii\framework\yiilite.php(1725): CController->run('index.php')
#2 C:\wamp\www\yii\framework\yiilite.php(1645): CWebApplication->runController('site/index.php/...')
#3 C:\wamp\www\yii\framework\yiilite.php(1170): CWebApplication->processRequest()
#4 C:\wamp\www\bitbucket_publicidad\index.php(24): CApplication->run()
#5 {main}
REQUEST_URI=/bitbucket_publicidad/index.php/site/index.php/product/detail/id/5
---
2015/02/02 20:31:55 [error] [exception.CHttpException.404] exception 'CHttpException' with message 'El sistema no ha podido encontrar la acción "index.php" solicitada.' in C:\wamp\www\yii\framework\yiilite.php:3501
Stack trace:
#0 C:\wamp\www\yii\framework\yiilite.php(3383): CController->missingAction('index.php')
#1 C:\wamp\www\yii\framework\yiilite.php(1725): CController->run('index.php')
#2 C:\wamp\www\yii\framework\yiilite.php(1645): CWebApplication->runController('site/index.php/...')
#3 C:\wamp\www\yii\framework\yiilite.php(1170): CWebApplication->processRequest()
#4 C:\wamp\www\bitbucket_publicidad\index.php(24): CApplication->run()
#5 {main}
REQUEST_URI=/bitbucket_publicidad/index.php/site/index.php/product/detail/id/5
---
2015/02/02 20:33:48 [error] [exception.CHttpException.404] exception 'CHttpException' with message 'El sistema no ha podido encontrar la acción "index.php" solicitada.' in C:\wamp\www\yii\framework\yiilite.php:3501
Stack trace:
#0 C:\wamp\www\yii\framework\yiilite.php(3383): CController->missingAction('index.php')
#1 C:\wamp\www\yii\framework\yiilite.php(1725): CController->run('index.php')
#2 C:\wamp\www\yii\framework\yiilite.php(1645): CWebApplication->runController('site/index.php/...')
#3 C:\wamp\www\yii\framework\yiilite.php(1170): CWebApplication->processRequest()
#4 C:\wamp\www\bitbucket_publicidad\index.php(24): CApplication->run()
#5 {main}
REQUEST_URI=/bitbucket_publicidad/index.php/site/index.php/product/detail/id/enigma
HTTP_REFERER=http://localhost/bitbucket_publicidad/index.php/site/index
---
2015/02/02 20:35:03 [error] [exception.CHttpException.400] exception 'CHttpException' with message 'Su solicitud es inválida.' in C:\wamp\www\yii\framework\yiilite.php:3416
Stack trace:
#0 C:\wamp\www\yii\framework\yiilite.php(3404): CController->invalidActionParams(Object(CInlineAction))
#1 C:\wamp\www\yii\framework\yiilite.php(6405): CController->runAction(Object(CInlineAction))
#2 C:\wamp\www\yii\framework\yiilite.php(6414): CFilterChain->run()
#3 C:\wamp\www\yii\framework\yiilite.php(3781): CFilter->filter(Object(CFilterChain))
#4 C:\wamp\www\yii\framework\yiilite.php(6447): CController->filterAccessControl(Object(CFilterChain))
#5 C:\wamp\www\yii\framework\yiilite.php(6402): CInlineFilter->filter(Object(CFilterChain))
#6 C:\wamp\www\yii\framework\yiilite.php(3393): CFilterChain->run()
#7 C:\wamp\www\yii\framework\yiilite.php(3378): CController->runActionWithFilters(Object(CInlineAction), Array)
#8 C:\wamp\www\yii\framework\yiilite.php(1725): CController->run('detail')
#9 C:\wamp\www\yii\framework\yiilite.php(1645): CWebApplication->runController('product/detail/...')
#10 C:\wamp\www\yii\framework\yiilite.php(1170): CWebApplication->processRequest()
#11 C:\wamp\www\bitbucket_publicidad\index.php(24): CApplication->run()
#12 {main}
REQUEST_URI=/bitbucket_publicidad/index.php/product/detail/idenigma
HTTP_REFERER=http://localhost/bitbucket_publicidad/index.php/site/index
---
2015/02/04 15:29:17 [error] [exception.CHttpException.404] exception 'CHttpException' with message 'El sistema no ha podido encontrar la acción "site" solicitada.' in C:\wamp\www\yii\framework\yiilite.php:3501
Stack trace:
#0 C:\wamp\www\yii\framework\yiilite.php(3383): CController->missingAction('site')
#1 C:\wamp\www\yii\framework\yiilite.php(1725): CController->run('site')
#2 C:\wamp\www\yii\framework\yiilite.php(1645): CWebApplication->runController('site/site/addus...')
#3 C:\wamp\www\yii\framework\yiilite.php(1170): CWebApplication->processRequest()
#4 C:\wamp\www\bitbucket_publicidad\index.php(24): CApplication->run()
#5 {main}
REQUEST_URI=/bitbucket_publicidad/index.php/site/site/adduser
HTTP_REFERER=http://localhost/bitbucket_publicidad/index.php/site/index
---
2015/02/04 15:50:10 [error] [php] copy(d95625.jpg): failed to open stream: No such file or directory (C:\wamp\www\bitbucket_publicidad\protected\controllers\ProductController.php:185)
Stack trace:
#0 C:\wamp\www\yii\framework\yiilite.php(3403): CInlineAction->runWithParams()
#1 C:\wamp\www\yii\framework\yiilite.php(6405): ProductController->runAction()
#2 C:\wamp\www\yii\framework\yiilite.php(6414): CFilterChain->run()
#3 C:\wamp\www\yii\framework\yiilite.php(3781): CAccessControlFilter->filter()
#4 C:\wamp\www\yii\framework\yiilite.php(6447): ProductController->filterAccessControl()
#5 C:\wamp\www\yii\framework\yiilite.php(6402): CInlineFilter->filter()
#6 C:\wamp\www\yii\framework\yiilite.php(3393): CFilterChain->run()
#7 C:\wamp\www\yii\framework\yiilite.php(3378): ProductController->runActionWithFilters()
#8 C:\wamp\www\yii\framework\yiilite.php(1725): ProductController->run()
#9 C:\wamp\www\yii\framework\yiilite.php(1645): CWebApplication->runController()
#10 C:\wamp\www\yii\framework\yiilite.php(1170): CWebApplication->processRequest()
#11 C:\wamp\www\bitbucket_publicidad\index.php(24): CWebApplication->run()
REQUEST_URI=/bitbucket_publicidad/index.php/product/create
2015/02/04 15:52:03 [error] [php] copy(escalera1.jpg): failed to open stream: No such file or directory (C:\wamp\www\bitbucket_publicidad\protected\controllers\ProductController.php:185)
Stack trace:
#0 C:\wamp\www\yii\framework\yiilite.php(3403): CInlineAction->runWithParams()
#1 C:\wamp\www\yii\framework\yiilite.php(6405): ProductController->runAction()
#2 C:\wamp\www\yii\framework\yiilite.php(6414): CFilterChain->run()
#3 C:\wamp\www\yii\framework\yiilite.php(3781): CAccessControlFilter->filter()
#4 C:\wamp\www\yii\framework\yiilite.php(6447): ProductController->filterAccessControl()
#5 C:\wamp\www\yii\framework\yiilite.php(6402): CInlineFilter->filter()
#6 C:\wamp\www\yii\framework\yiilite.php(3393): CFilterChain->run()
#7 C:\wamp\www\yii\framework\yiilite.php(3378): ProductController->runActionWithFilters()
#8 C:\wamp\www\yii\framework\yiilite.php(1725): ProductController->run()
#9 C:\wamp\www\yii\framework\yiilite.php(1645): CWebApplication->runController()
#10 C:\wamp\www\yii\framework\yiilite.php(1170): CWebApplication->processRequest()
#11 C:\wamp\www\bitbucket_publicidad\index.php(24): CWebApplication->run()
REQUEST_URI=/bitbucket_publicidad/index.php/product/create
2015/02/04 15:54:43 [error] [php] copy(escalera1.jpg): failed to open stream: No such file or directory (C:\wamp\www\bitbucket_publicidad\protected\controllers\ProductController.php:185)
Stack trace:
#0 C:\wamp\www\yii\framework\yiilite.php(3403): CInlineAction->runWithParams()
#1 C:\wamp\www\yii\framework\yiilite.php(6405): ProductController->runAction()
#2 C:\wamp\www\yii\framework\yiilite.php(6414): CFilterChain->run()
#3 C:\wamp\www\yii\framework\yiilite.php(3781): CAccessControlFilter->filter()
#4 C:\wamp\www\yii\framework\yiilite.php(6447): ProductController->filterAccessControl()
#5 C:\wamp\www\yii\framework\yiilite.php(6402): CInlineFilter->filter()
#6 C:\wamp\www\yii\framework\yiilite.php(3393): CFilterChain->run()
#7 C:\wamp\www\yii\framework\yiilite.php(3378): ProductController->runActionWithFilters()
#8 C:\wamp\www\yii\framework\yiilite.php(1725): ProductController->run()
#9 C:\wamp\www\yii\framework\yiilite.php(1645): CWebApplication->runController()
#10 C:\wamp\www\yii\framework\yiilite.php(1170): CWebApplication->processRequest()
#11 C:\wamp\www\bitbucket_publicidad\index.php(24): CWebApplication->run()
REQUEST_URI=/bitbucket_publicidad/index.php/product/create
2015/02/04 15:55:49 [error] [php] copy(escalera2.jpg): failed to open stream: No such file or directory (C:\wamp\www\bitbucket_publicidad\protected\controllers\ProductController.php:185)
Stack trace:
#0 C:\wamp\www\yii\framework\yiilite.php(3403): CInlineAction->runWithParams()
#1 C:\wamp\www\yii\framework\yiilite.php(6405): ProductController->runAction()
#2 C:\wamp\www\yii\framework\yiilite.php(6414): CFilterChain->run()
#3 C:\wamp\www\yii\framework\yiilite.php(3781): CAccessControlFilter->filter()
#4 C:\wamp\www\yii\framework\yiilite.php(6447): ProductController->filterAccessControl()
#5 C:\wamp\www\yii\framework\yiilite.php(6402): CInlineFilter->filter()
#6 C:\wamp\www\yii\framework\yiilite.php(3393): CFilterChain->run()
#7 C:\wamp\www\yii\framework\yiilite.php(3378): ProductController->runActionWithFilters()
#8 C:\wamp\www\yii\framework\yiilite.php(1725): ProductController->run()
#9 C:\wamp\www\yii\framework\yiilite.php(1645): CWebApplication->runController()
#10 C:\wamp\www\yii\framework\yiilite.php(1170): CWebApplication->processRequest()
#11 C:\wamp\www\bitbucket_publicidad\index.php(24): CWebApplication->run()
REQUEST_URI=/bitbucket_publicidad/index.php/product/create
2015/02/04 16:01:45 [error] [exception.Exception] exception 'Exception' with message 'Error Processing Request exception 'CException' with message 'Store y sus behaviors no tienen un método o closure llamado "compress".' in C:\wamp\www\yii\framework\yiilite.php:694
Stack trace:
#0 C:\wamp\www\yii\framework\yiilite.php(6961): CComponent->__call('compress', Array)
#1 C:\wamp\www\bitbucket_publicidad\protected\controllers\ProductController.php(186): CActiveRecord->__call('compress', Array)
#2 C:\wamp\www\bitbucket_publicidad\protected\controllers\ProductController.php(186): Store->compress('C:/wamp/www/bit...', 'C:/wamp/www/bit...', 30)
#3 C:\wamp\www\yii\framework\yiilite.php(3891): ProductController->actionCreate()
#4 C:\wamp\www\yii\framework\yiilite.php(3403): CInlineAction->runWithParams(Array)
#5 C:\wamp\www\yii\framework\yiilite.php(6405): CController->runAction(Object(CInlineAction))
#6 C:\wamp\www\yii\framework\yiilite.php(6414): CFilterChain->run()
#7 C:\wamp\www\yii\framework\yiilite.php(3781): CFilter->filter(Object(CFilterChain))
#8 C:\wamp\www\yii\framework\yiilite.php(6447): CController->filterAccessControl(Object(CFilterChain))
#9 C:\wamp\www\yii\framework\yiilite.php(6402): CInlineFilter->filter(Object(CFilterChain))
#10 C:\wamp\www\yii\framework\yiilite.php(3393): CFilterChain->run()
#11 C:\wamp\www\yii\framework\yiilite.php(3378): CController->runActionWithFilters(Object(CInlineAction), Array)
#12 C:\wamp\www\yii\framework\yiilite.php(1725): CController->run('create')
#13 C:\wamp\www\yii\framework\yiilite.php(1645): CWebApplication->runController('product/create')
#14 C:\wamp\www\yii\framework\yiilite.php(1170): CWebApplication->processRequest()
#15 C:\wamp\www\bitbucket_publicidad\index.php(27): CApplication->run()
#16 {main}' in C:\wamp\www\bitbucket_publicidad\protected\controllers\ProductController.php:217
Stack trace:
#0 C:\wamp\www\yii\framework\yiilite.php(3891): ProductController->actionCreate()
#1 C:\wamp\www\yii\framework\yiilite.php(3403): CInlineAction->runWithParams(Array)
#2 C:\wamp\www\yii\framework\yiilite.php(6405): CController->runAction(Object(CInlineAction))
#3 C:\wamp\www\yii\framework\yiilite.php(6414): CFilterChain->run()
#4 C:\wamp\www\yii\framework\yiilite.php(3781): CFilter->filter(Object(CFilterChain))
#5 C:\wamp\www\yii\framework\yiilite.php(6447): CController->filterAccessControl(Object(CFilterChain))
#6 C:\wamp\www\yii\framework\yiilite.php(6402): CInlineFilter->filter(Object(CFilterChain))
#7 C:\wamp\www\yii\framework\yiilite.php(3393): CFilterChain->run()
#8 C:\wamp\www\yii\framework\yiilite.php(3378): CController->runActionWithFilters(Object(CInlineAction), Array)
#9 C:\wamp\www\yii\framework\yiilite.php(1725): CController->run('create')
#10 C:\wamp\www\yii\framework\yiilite.php(1645): CWebApplication->runController('product/create')
#11 C:\wamp\www\yii\framework\yiilite.php(1170): CWebApplication->processRequest()
#12 C:\wamp\www\bitbucket_publicidad\index.php(27): CApplication->run()
#13 {main}
REQUEST_URI=/bitbucket_publicidad/index.php/product/create
HTTP_REFERER=http://localhost/bitbucket_publicidad/index.php/product/create
---
2015/02/05 03:34:18 [error] [exception.CHttpException.404] exception 'CHttpException' with message 'No es posible resolver la solicitud "index.php/product/detail/idasdf"' in C:\wamp\www\yii\framework\yiilite.php:1729
Stack trace:
#0 C:\wamp\www\yii\framework\yiilite.php(1645): CWebApplication->runController('index.php/produ...')
#1 C:\wamp\www\yii\framework\yiilite.php(1170): CWebApplication->processRequest()
#2 C:\wamp\www\bitbucket_publicidad\index.php(27): CApplication->run()
#3 {main}
REQUEST_URI=/bitbucket_publicidad/index.php/index.php/product/detail/idasdf
HTTP_REFERER=http://localhost/bitbucket_publicidad/
---
2015/02/05 03:34:33 [error] [exception.CHttpException.400] exception 'CHttpException' with message 'Su solicitud es inválida.' in C:\wamp\www\yii\framework\yiilite.php:3416
Stack trace:
#0 C:\wamp\www\yii\framework\yiilite.php(3404): CController->invalidActionParams(Object(CInlineAction))
#1 C:\wamp\www\yii\framework\yiilite.php(6405): CController->runAction(Object(CInlineAction))
#2 C:\wamp\www\yii\framework\yiilite.php(6414): CFilterChain->run()
#3 C:\wamp\www\yii\framework\yiilite.php(3781): CFilter->filter(Object(CFilterChain))
#4 C:\wamp\www\yii\framework\yiilite.php(6447): CController->filterAccessControl(Object(CFilterChain))
#5 C:\wamp\www\yii\framework\yiilite.php(6402): CInlineFilter->filter(Object(CFilterChain))
#6 C:\wamp\www\yii\framework\yiilite.php(3393): CFilterChain->run()
#7 C:\wamp\www\yii\framework\yiilite.php(3378): CController->runActionWithFilters(Object(CInlineAction), Array)
#8 C:\wamp\www\yii\framework\yiilite.php(1725): CController->run('detail')
#9 C:\wamp\www\yii\framework\yiilite.php(1645): CWebApplication->runController('product/detail/...')
#10 C:\wamp\www\yii\framework\yiilite.php(1170): CWebApplication->processRequest()
#11 C:\wamp\www\bitbucket_publicidad\index.php(27): CApplication->run()
#12 {main}
REQUEST_URI=/bitbucket_publicidad/index.php/product/detail/idasdf
HTTP_REFERER=http://localhost/bitbucket_publicidad/
---
2015/02/05 03:34:47 [error] [exception.CHttpException.400] exception 'CHttpException' with message 'Su solicitud es inválida.' in C:\wamp\www\yii\framework\yiilite.php:3416
Stack trace:
#0 C:\wamp\www\yii\framework\yiilite.php(3404): CController->invalidActionParams(Object(CInlineAction))
#1 C:\wamp\www\yii\framework\yiilite.php(6405): CController->runAction(Object(CInlineAction))
#2 C:\wamp\www\yii\framework\yiilite.php(6414): CFilterChain->run()
#3 C:\wamp\www\yii\framework\yiilite.php(3781): CFilter->filter(Object(CFilterChain))
#4 C:\wamp\www\yii\framework\yiilite.php(6447): CController->filterAccessControl(Object(CFilterChain))
#5 C:\wamp\www\yii\framework\yiilite.php(6402): CInlineFilter->filter(Object(CFilterChain))
#6 C:\wamp\www\yii\framework\yiilite.php(3393): CFilterChain->run()
#7 C:\wamp\www\yii\framework\yiilite.php(3378): CController->runActionWithFilters(Object(CInlineAction), Array)
#8 C:\wamp\www\yii\framework\yiilite.php(1725): CController->run('detail')
#9 C:\wamp\www\yii\framework\yiilite.php(1645): CWebApplication->runController('product/detail/...')
#10 C:\wamp\www\yii\framework\yiilite.php(1170): CWebApplication->processRequest()
#11 C:\wamp\www\bitbucket_publicidad\index.php(27): CApplication->run()
#12 {main}
REQUEST_URI=/bitbucket_publicidad/index.php/product/detail/idasdf
HTTP_REFERER=http://localhost/bitbucket_publicidad/
---
2015/02/05 03:35:15 [error] [exception.CHttpException.400] exception 'CHttpException' with message 'Su solicitud es inválida.' in C:\wamp\www\yii\framework\yiilite.php:3416
Stack trace:
#0 C:\wamp\www\yii\framework\yiilite.php(3404): CController->invalidActionParams(Object(CInlineAction))
#1 C:\wamp\www\yii\framework\yiilite.php(6405): CController->runAction(Object(CInlineAction))
#2 C:\wamp\www\yii\framework\yiilite.php(6414): CFilterChain->run()
#3 C:\wamp\www\yii\framework\yiilite.php(3781): CFilter->filter(Object(CFilterChain))
#4 C:\wamp\www\yii\framework\yiilite.php(6447): CController->filterAccessControl(Object(CFilterChain))
#5 C:\wamp\www\yii\framework\yiilite.php(6402): CInlineFilter->filter(Object(CFilterChain))
#6 C:\wamp\www\yii\framework\yiilite.php(3393): CFilterChain->run()
#7 C:\wamp\www\yii\framework\yiilite.php(3378): CController->runActionWithFilters(Object(CInlineAction), Array)
#8 C:\wamp\www\yii\framework\yiilite.php(1725): CController->run('detail')
#9 C:\wamp\www\yii\framework\yiilite.php(1645): CWebApplication->runController('product/detail/...')
#10 C:\wamp\www\yii\framework\yiilite.php(1170): CWebApplication->processRequest()
#11 C:\wamp\www\bitbucket_publicidad\index.php(27): CApplication->run()
#12 {main}
REQUEST_URI=/bitbucket_publicidad/index.php/product/detail/idasdf
HTTP_REFERER=http://localhost/bitbucket_publicidad/index.php
---
2015/02/05 07:07:27 [error] [php] Use of undefined constant description - assumed 'description' (C:\wamp\www\bitbucket_publicidad\themes\bootstrap\views\site\index.php:95)
Stack trace:
#0 C:\wamp\www\yii\framework\yiilite.php(3655): SiteController->renderFile()
#1 C:\wamp\www\yii\framework\yiilite.php(3623): SiteController->renderPartial()
#2 C:\wamp\www\bitbucket_publicidad\protected\controllers\SiteController.php(87): SiteController->render()
#3 C:\wamp\www\yii\framework\yiilite.php(3891): SiteController->actionIndex()
#4 C:\wamp\www\yii\framework\yiilite.php(3403): CInlineAction->runWithParams()
#5 C:\wamp\www\yii\framework\yiilite.php(6405): SiteController->runAction()
#6 C:\wamp\www\yii\framework\yiilite.php(6414): CFilterChain->run()
#7 C:\wamp\www\yii\framework\yiilite.php(3781): CAccessControlFilter->filter()
#8 C:\wamp\www\yii\framework\yiilite.php(6447): SiteController->filterAccessControl()
#9 C:\wamp\www\yii\framework\yiilite.php(6402): CInlineFilter->filter()
#10 C:\wamp\www\yii\framework\yiilite.php(3393): CFilterChain->run()
#11 C:\wamp\www\yii\framework\yiilite.php(3378): SiteController->runActionWithFilters()
#12 C:\wamp\www\yii\framework\yiilite.php(1725): SiteController->run()
#13 C:\wamp\www\yii\framework\yiilite.php(1645): CWebApplication->runController()
#14 C:\wamp\www\yii\framework\yiilite.php(1170): CWebApplication->processRequest()
#15 C:\wamp\www\bitbucket_publicidad\index.php(27): CWebApplication->run()
REQUEST_URI=/bitbucket_publicidad/index.php
2015/02/05 07:07:35 [error] [php] Undefined offset: 0 (C:\wamp\www\bitbucket_publicidad\themes\bootstrap\views\site\index.php:95)
Stack trace:
#0 C:\wamp\www\yii\framework\yiilite.php(3655): SiteController->renderFile()
#1 C:\wamp\www\yii\framework\yiilite.php(3623): SiteController->renderPartial()
#2 C:\wamp\www\bitbucket_publicidad\protected\controllers\SiteController.php(87): SiteController->render()
#3 C:\wamp\www\yii\framework\yiilite.php(3891): SiteController->actionIndex()
#4 C:\wamp\www\yii\framework\yiilite.php(3403): CInlineAction->runWithParams()
#5 C:\wamp\www\yii\framework\yiilite.php(6405): SiteController->runAction()
#6 C:\wamp\www\yii\framework\yiilite.php(6414): CFilterChain->run()
#7 C:\wamp\www\yii\framework\yiilite.php(3781): CAccessControlFilter->filter()
#8 C:\wamp\www\yii\framework\yiilite.php(6447): SiteController->filterAccessControl()
#9 C:\wamp\www\yii\framework\yiilite.php(6402): CInlineFilter->filter()
#10 C:\wamp\www\yii\framework\yiilite.php(3393): CFilterChain->run()
#11 C:\wamp\www\yii\framework\yiilite.php(3378): SiteController->runActionWithFilters()
#12 C:\wamp\www\yii\framework\yiilite.php(1725): SiteController->run()
#13 C:\wamp\www\yii\framework\yiilite.php(1645): CWebApplication->runController()
#14 C:\wamp\www\yii\framework\yiilite.php(1170): CWebApplication->processRequest()
#15 C:\wamp\www\bitbucket_publicidad\index.php(27): CWebApplication->run()
REQUEST_URI=/bitbucket_publicidad/index.php
2015/02/05 07:21:25 [error] [php] Array to string conversion (C:\wamp\www\bitbucket_publicidad\themes\bootstrap\views\site\index.php:82)
Stack trace:
#0 C:\wamp\www\yii\framework\yiilite.php(3655): SiteController->renderFile()
#1 C:\wamp\www\yii\framework\yiilite.php(3623): SiteController->renderPartial()
#2 C:\wamp\www\bitbucket_publicidad\protected\controllers\SiteController.php(87): SiteController->render()
#3 C:\wamp\www\yii\framework\yiilite.php(3891): SiteController->actionIndex()
#4 C:\wamp\www\yii\framework\yiilite.php(3403): CInlineAction->runWithParams()
#5 C:\wamp\www\yii\framework\yiilite.php(6405): SiteController->runAction()
#6 C:\wamp\www\yii\framework\yiilite.php(6414): CFilterChain->run()
#7 C:\wamp\www\yii\framework\yiilite.php(3781): CAccessControlFilter->filter()
#8 C:\wamp\www\yii\framework\yiilite.php(6447): SiteController->filterAccessControl()
#9 C:\wamp\www\yii\framework\yiilite.php(6402): CInlineFilter->filter()
#10 C:\wamp\www\yii\framework\yiilite.php(3393): CFilterChain->run()
#11 C:\wamp\www\yii\framework\yiilite.php(3378): SiteController->runActionWithFilters()
#12 C:\wamp\www\yii\framework\yiilite.php(1725): SiteController->run()
#13 C:\wamp\www\yii\framework\yiilite.php(1645): CWebApplication->runController()
#14 C:\wamp\www\yii\framework\yiilite.php(1170): CWebApplication->processRequest()
#15 C:\wamp\www\bitbucket_publicidad\index.php(27): CWebApplication->run()
REQUEST_URI=/bitbucket_publicidad/index.php
2015/02/05 07:24:00 [error] [php] Use of undefined constant k - assumed 'k' (C:\wamp\www\bitbucket_publicidad\themes\bootstrap\views\site\index.php:95)
Stack trace:
#0 C:\wamp\www\yii\framework\yiilite.php(3655): SiteController->renderFile()
#1 C:\wamp\www\yii\framework\yiilite.php(3623): SiteController->renderPartial()
#2 C:\wamp\www\bitbucket_publicidad\protected\controllers\SiteController.php(87): SiteController->render()
#3 C:\wamp\www\yii\framework\yiilite.php(3891): SiteController->actionIndex()
#4 C:\wamp\www\yii\framework\yiilite.php(3403): CInlineAction->runWithParams()
#5 C:\wamp\www\yii\framework\yiilite.php(6405): SiteController->runAction()
#6 C:\wamp\www\yii\framework\yiilite.php(6414): CFilterChain->run()
#7 C:\wamp\www\yii\framework\yiilite.php(3781): CAccessControlFilter->filter()
#8 C:\wamp\www\yii\framework\yiilite.php(6447): SiteController->filterAccessControl()
#9 C:\wamp\www\yii\framework\yiilite.php(6402): CInlineFilter->filter()
#10 C:\wamp\www\yii\framework\yiilite.php(3393): CFilterChain->run()
#11 C:\wamp\www\yii\framework\yiilite.php(3378): SiteController->runActionWithFilters()
#12 C:\wamp\www\yii\framework\yiilite.php(1725): SiteController->run()
#13 C:\wamp\www\yii\framework\yiilite.php(1645): CWebApplication->runController()
#14 C:\wamp\www\yii\framework\yiilite.php(1170): CWebApplication->processRequest()
#15 C:\wamp\www\bitbucket_publicidad\index.php(27): CWebApplication->run()
REQUEST_URI=/bitbucket_publicidad/index.php
2015/02/05 07:41:34 [error] [php] Undefined index: name (C:\wamp\www\bitbucket_publicidad\themes\bootstrap\views\site\index.php:93)
Stack trace:
#0 C:\wamp\www\yii\framework\yiilite.php(3655): SiteController->renderFile()
#1 C:\wamp\www\yii\framework\yiilite.php(3623): SiteController->renderPartial()
#2 C:\wamp\www\bitbucket_publicidad\protected\controllers\SiteController.php(87): SiteController->render()
#3 C:\wamp\www\yii\framework\yiilite.php(3891): SiteController->actionIndex()
#4 C:\wamp\www\yii\framework\yiilite.php(3403): CInlineAction->runWithParams()
#5 C:\wamp\www\yii\framework\yiilite.php(6405): SiteController->runAction()
#6 C:\wamp\www\yii\framework\yiilite.php(6414): CFilterChain->run()
#7 C:\wamp\www\yii\framework\yiilite.php(3781): CAccessControlFilter->filter()
#8 C:\wamp\www\yii\framework\yiilite.php(6447): SiteController->filterAccessControl()
#9 C:\wamp\www\yii\framework\yiilite.php(6402): CInlineFilter->filter()
#10 C:\wamp\www\yii\framework\yiilite.php(3393): CFilterChain->run()
#11 C:\wamp\www\yii\framework\yiilite.php(3378): SiteController->runActionWithFilters()
#12 C:\wamp\www\yii\framework\yiilite.php(1725): SiteController->run()
#13 C:\wamp\www\yii\framework\yiilite.php(1645): CWebApplication->runController()
#14 C:\wamp\www\yii\framework\yiilite.php(1170): CWebApplication->processRequest()
#15 C:\wamp\www\bitbucket_publicidad\index.php(27): CWebApplication->run()
REQUEST_URI=/bitbucket_publicidad/index.php
2015/02/06 08:27:40 [error] [php] Undefined offset: 10 (C:\wamp\www\bitbucket_publicidad\themes\bootstrap\views\site\index.php:87)
Stack trace:
#0 C:\wamp\www\yii\framework\yiilite.php(3655): SiteController->renderFile()
#1 C:\wamp\www\yii\framework\yiilite.php(3623): SiteController->renderPartial()
#2 C:\wamp\www\bitbucket_publicidad\protected\controllers\SiteController.php(87): SiteController->render()
#3 C:\wamp\www\yii\framework\yiilite.php(3891): SiteController->actionIndex()
#4 C:\wamp\www\yii\framework\yiilite.php(3403): CInlineAction->runWithParams()
#5 C:\wamp\www\yii\framework\yiilite.php(6405): SiteController->runAction()
#6 C:\wamp\www\yii\framework\yiilite.php(6414): CFilterChain->run()
#7 C:\wamp\www\yii\framework\yiilite.php(3781): CAccessControlFilter->filter()
#8 C:\wamp\www\yii\framework\yiilite.php(6447): SiteController->filterAccessControl()
#9 C:\wamp\www\yii\framework\yiilite.php(6402): CInlineFilter->filter()
#10 C:\wamp\www\yii\framework\yiilite.php(3393): CFilterChain->run()
#11 C:\wamp\www\yii\framework\yiilite.php(3378): SiteController->runActionWithFilters()
#12 C:\wamp\www\yii\framework\yiilite.php(1725): SiteController->run()
#13 C:\wamp\www\yii\framework\yiilite.php(1645): CWebApplication->runController()
#14 C:\wamp\www\yii\framework\yiilite.php(1170): CWebApplication->processRequest()
#15 C:\wamp\www\bitbucket_publicidad\index.php(27): CWebApplication->run()
REQUEST_URI=/bitbucket_publicidad/
2015/02/06 08:49:52 [error] [php] Undefined variable: ad (C:\wamp\www\bitbucket_publicidad\themes\bootstrap\views\site\index.php:88)
Stack trace:
#0 C:\wamp\www\yii\framework\yiilite.php(3655): SiteController->renderFile()
#1 C:\wamp\www\yii\framework\yiilite.php(3623): SiteController->renderPartial()
#2 C:\wamp\www\bitbucket_publicidad\protected\controllers\SiteController.php(87): SiteController->render()
#3 C:\wamp\www\yii\framework\yiilite.php(3891): SiteController->actionIndex()
#4 C:\wamp\www\yii\framework\yiilite.php(3403): CInlineAction->runWithParams()
#5 C:\wamp\www\yii\framework\yiilite.php(6405): SiteController->runAction()
#6 C:\wamp\www\yii\framework\yiilite.php(6414): CFilterChain->run()
#7 C:\wamp\www\yii\framework\yiilite.php(3781): CAccessControlFilter->filter()
#8 C:\wamp\www\yii\framework\yiilite.php(6447): SiteController->filterAccessControl()
#9 C:\wamp\www\yii\framework\yiilite.php(6402): CInlineFilter->filter()
#10 C:\wamp\www\yii\framework\yiilite.php(3393): CFilterChain->run()
#11 C:\wamp\www\yii\framework\yiilite.php(3378): SiteController->runActionWithFilters()
#12 C:\wamp\www\yii\framework\yiilite.php(1725): SiteController->run()
#13 C:\wamp\www\yii\framework\yiilite.php(1645): CWebApplication->runController()
#14 C:\wamp\www\yii\framework\yiilite.php(1170): CWebApplication->processRequest()
#15 C:\wamp\www\bitbucket_publicidad\index.php(27): CWebApplication->run()
REQUEST_URI=/bitbucket_publicidad/
2015/02/06 09:29:54 [error] [php] Object of class Product could not be converted to string (C:\wamp\www\bitbucket_publicidad\protected\controllers\ProductController.php:285)
Stack trace:
#0 C:\wamp\www\yii\framework\yiilite.php(3889): CInlineAction->runWithParamsInternal()
#1 C:\wamp\www\yii\framework\yiilite.php(3403): CInlineAction->runWithParams()
#2 C:\wamp\www\yii\framework\yiilite.php(6405): ProductController->runAction()
#3 C:\wamp\www\yii\framework\yiilite.php(6414): CFilterChain->run()
#4 C:\wamp\www\yii\framework\yiilite.php(3781): CAccessControlFilter->filter()
#5 C:\wamp\www\yii\framework\yiilite.php(6447): ProductController->filterAccessControl()
#6 C:\wamp\www\yii\framework\yiilite.php(6402): CInlineFilter->filter()
#7 C:\wamp\www\yii\framework\yiilite.php(3393): CFilterChain->run()
#8 C:\wamp\www\yii\framework\yiilite.php(3378): ProductController->runActionWithFilters()
#9 C:\wamp\www\yii\framework\yiilite.php(1725): ProductController->run()
#10 C:\wamp\www\yii\framework\yiilite.php(1645): CWebApplication->runController()
#11 C:\wamp\www\yii\framework\yiilite.php(1170): CWebApplication->processRequest()
#12 C:\wamp\www\bitbucket_publicidad\index.php(27): CWebApplication->run()
REQUEST_URI=/bitbucket_publicidad/index.php/product/update/4
2015/02/09 04:53:56 [error] [php] include(analyticstracking.php): failed to open stream: No such file or directory (C:\wamp\www\bitbucket_publicidad\themes\bootstrap\views\layouts\main.php:124)
Stack trace:
#0 C:\wamp\www\yii\framework\yiilite.php(3231): SiteController->renderInternal()
#1 C:\wamp\www\yii\framework\yiilite.php(3625): SiteController->renderFile()
#2 C:\wamp\www\bitbucket_publicidad\protected\controllers\SiteController.php(87): SiteController->render()
#3 C:\wamp\www\yii\framework\yiilite.php(3891): SiteController->actionIndex()
#4 C:\wamp\www\yii\framework\yiilite.php(3403): CInlineAction->runWithParams()
#5 C:\wamp\www\yii\framework\yiilite.php(6405): SiteController->runAction()
#6 C:\wamp\www\yii\framework\yiilite.php(6414): CFilterChain->run()
#7 C:\wamp\www\yii\framework\yiilite.php(3781): CAccessControlFilter->filter()
#8 C:\wamp\www\yii\framework\yiilite.php(6447): SiteController->filterAccessControl()
#9 C:\wamp\www\yii\framework\yiilite.php(6402): CInlineFilter->filter()
#10 C:\wamp\www\yii\framework\yiilite.php(3393): CFilterChain->run()
#11 C:\wamp\www\yii\framework\yiilite.php(3378): SiteController->runActionWithFilters()
#12 C:\wamp\www\yii\framework\yiilite.php(1725): SiteController->run()
#13 C:\wamp\www\yii\framework\yiilite.php(1645): CWebApplication->runController()
#14 C:\wamp\www\yii\framework\yiilite.php(1170): CWebApplication->processRequest()
#15 C:\wamp\www\bitbucket_publicidad\index.php(27): CWebApplication->run()
REQUEST_URI=/bitbucket_publicidad/
2015/02/09 05:19:09 [error] [php] Undefined index: name (C:\wamp\www\bitbucket_publicidad\protected\controllers\ProductController.php:264)
Stack trace:
#0 C:\wamp\www\yii\framework\yiilite.php(3889): CInlineAction->runWithParamsInternal()
#1 C:\wamp\www\yii\framework\yiilite.php(3403): CInlineAction->runWithParams()
#2 C:\wamp\www\yii\framework\yiilite.php(6405): ProductController->runAction()
#3 C:\wamp\www\yii\framework\yiilite.php(6414): CFilterChain->run()
#4 C:\wamp\www\yii\framework\yiilite.php(3781): CAccessControlFilter->filter()
#5 C:\wamp\www\yii\framework\yiilite.php(6447): ProductController->filterAccessControl()
#6 C:\wamp\www\yii\framework\yiilite.php(6402): CInlineFilter->filter()
#7 C:\wamp\www\yii\framework\yiilite.php(3393): CFilterChain->run()
#8 C:\wamp\www\yii\framework\yiilite.php(3378): ProductController->runActionWithFilters()
#9 C:\wamp\www\yii\framework\yiilite.php(1725): ProductController->run()
#10 C:\wamp\www\yii\framework\yiilite.php(1645): CWebApplication->runController()
#11 C:\wamp\www\yii\framework\yiilite.php(1170): CWebApplication->processRequest()
#12 C:\wamp\www\bitbucket_publicidad\index.php(27): CWebApplication->run()
REQUEST_URI=/bitbucket_publicidad/index.php/product/update/4
2015/02/09 05:22:05 [error] [php] Undefined index: image (C:\wamp\www\bitbucket_publicidad\protected\controllers\ProductController.php:264)
Stack trace:
#0 C:\wamp\www\yii\framework\yiilite.php(3889): CInlineAction->runWithParamsInternal()
#1 C:\wamp\www\yii\framework\yiilite.php(3403): CInlineAction->runWithParams()
#2 C:\wamp\www\yii\framework\yiilite.php(6405): ProductController->runAction()
#3 C:\wamp\www\yii\framework\yiilite.php(6414): CFilterChain->run()
#4 C:\wamp\www\yii\framework\yiilite.php(3781): CAccessControlFilter->filter()
#5 C:\wamp\www\yii\framework\yiilite.php(6447): ProductController->filterAccessControl()
#6 C:\wamp\www\yii\framework\yiilite.php(6402): CInlineFilter->filter()
#7 C:\wamp\www\yii\framework\yiilite.php(3393): CFilterChain->run()
#8 C:\wamp\www\yii\framework\yiilite.php(3378): ProductController->runActionWithFilters()
#9 C:\wamp\www\yii\framework\yiilite.php(1725): ProductController->run()
#10 C:\wamp\www\yii\framework\yiilite.php(1645): CWebApplication->runController()
#11 C:\wamp\www\yii\framework\yiilite.php(1170): CWebApplication->processRequest()
#12 C:\wamp\www\bitbucket_publicidad\index.php(27): CWebApplication->run()
REQUEST_URI=/bitbucket_publicidad/index.php/product/update/4
2015/02/09 05:44:40 [error] [exception.CHttpException.404] exception 'CHttpException' with message 'No es posible resolver la solicitud "index.php/site/adduser"' in C:\wamp\www\yii\framework\yiilite.php:1729
Stack trace:
#0 C:\wamp\www\yii\framework\yiilite.php(1645): CWebApplication->runController('index.php/site/...')
#1 C:\wamp\www\yii\framework\yiilite.php(1170): CWebApplication->processRequest()
#2 C:\wamp\www\bitbucket_publicidad\index.php(27): CApplication->run()
#3 {main}
REQUEST_URI=/bitbucket_publicidad/index.php/index.php/site/adduser
HTTP_REFERER=http://localhost/bitbucket_publicidad/index.php
---
2015/02/09 06:28:32 [error] [php] Undefined index: active (C:\wamp\www\bitbucket_publicidad\protected\controllers\ProductController.php:264)
Stack trace:
#0 C:\wamp\www\yii\framework\yiilite.php(3889): CInlineAction->runWithParamsInternal()
#1 C:\wamp\www\yii\framework\yiilite.php(3403): CInlineAction->runWithParams()
#2 C:\wamp\www\yii\framework\yiilite.php(6405): ProductController->runAction()
#3 C:\wamp\www\yii\framework\yiilite.php(6414): CFilterChain->run()
#4 C:\wamp\www\yii\framework\yiilite.php(3781): CAccessControlFilter->filter()
#5 C:\wamp\www\yii\framework\yiilite.php(6447): ProductController->filterAccessControl()
#6 C:\wamp\www\yii\framework\yiilite.php(6402): CInlineFilter->filter()
#7 C:\wamp\www\yii\framework\yiilite.php(3393): CFilterChain->run()
#8 C:\wamp\www\yii\framework\yiilite.php(3378): ProductController->runActionWithFilters()
#9 C:\wamp\www\yii\framework\yiilite.php(1725): ProductController->run()
#10 C:\wamp\www\yii\framework\yiilite.php(1645): CWebApplication->runController()
#11 C:\wamp\www\yii\framework\yiilite.php(1170): CWebApplication->processRequest()
#12 C:\wamp\www\bitbucket_publicidad\index.php(27): CWebApplication->run()
REQUEST_URI=/bitbucket_publicidad/index.php/product/update/4
2015/02/12 18:14:59 [error] [php] Object of class ProductController could not be converted to string (C:\wamp\www\bitbucket_publicidad\protected\controllers\ProductController.php:151)
Stack trace:
#0 C:\wamp\www\yii\framework\yiilite.php(6405): ProductController->runAction()
#1 C:\wamp\www\yii\framework\yiilite.php(6414): CFilterChain->run()
#2 C:\wamp\www\yii\framework\yiilite.php(3781): CAccessControlFilter->filter()
#3 C:\wamp\www\yii\framework\yiilite.php(6447): ProductController->filterAccessControl()
#4 C:\wamp\www\yii\framework\yiilite.php(6402): CInlineFilter->filter()
#5 C:\wamp\www\yii\framework\yiilite.php(3393): CFilterChain->run()
#6 C:\wamp\www\yii\framework\yiilite.php(3378): ProductController->runActionWithFilters()
#7 C:\wamp\www\yii\framework\yiilite.php(1725): ProductController->run()
#8 C:\wamp\www\yii\framework\yiilite.php(1645): CWebApplication->runController()
#9 C:\wamp\www\yii\framework\yiilite.php(1170): CWebApplication->processRequest()
#10 C:\wamp\www\bitbucket_publicidad\index.php(27): CWebApplication->run()
REQUEST_URI=/bitbucket_publicidad/index.php/product/create
2015/02/12 18:16:21 [error] [php] Object of class ProductController could not be converted to string (C:\wamp\www\bitbucket_publicidad\protected\controllers\ProductController.php:151)
Stack trace:
#0 C:\wamp\www\yii\framework\yiilite.php(6405): ProductController->runAction()
#1 C:\wamp\www\yii\framework\yiilite.php(6414): CFilterChain->run()
#2 C:\wamp\www\yii\framework\yiilite.php(3781): CAccessControlFilter->filter()
#3 C:\wamp\www\yii\framework\yiilite.php(6447): ProductController->filterAccessControl()
#4 C:\wamp\www\yii\framework\yiilite.php(6402): CInlineFilter->filter()
#5 C:\wamp\www\yii\framework\yiilite.php(3393): CFilterChain->run()
#6 C:\wamp\www\yii\framework\yiilite.php(3378): ProductController->runActionWithFilters()
#7 C:\wamp\www\yii\framework\yiilite.php(1725): ProductController->run()
#8 C:\wamp\www\yii\framework\yiilite.php(1645): CWebApplication->runController()
#9 C:\wamp\www\yii\framework\yiilite.php(1170): CWebApplication->processRequest()
#10 C:\wamp\www\bitbucket_publicidad\index.php(27): CWebApplication->run()
REQUEST_URI=/bitbucket_publicidad/index.php/product/create
2015/02/12 18:17:39 [error] [php] Object of class ProductController could not be converted to string (C:\wamp\www\bitbucket_publicidad\protected\controllers\ProductController.php:151)
Stack trace:
#0 C:\wamp\www\yii\framework\yiilite.php(6405): ProductController->runAction()
#1 C:\wamp\www\yii\framework\yiilite.php(6414): CFilterChain->run()
#2 C:\wamp\www\yii\framework\yiilite.php(3781): CAccessControlFilter->filter()
#3 C:\wamp\www\yii\framework\yiilite.php(6447): ProductController->filterAccessControl()
#4 C:\wamp\www\yii\framework\yiilite.php(6402): CInlineFilter->filter()
#5 C:\wamp\www\yii\framework\yiilite.php(3393): CFilterChain->run()
#6 C:\wamp\www\yii\framework\yiilite.php(3378): ProductController->runActionWithFilters()
#7 C:\wamp\www\yii\framework\yiilite.php(1725): ProductController->run()
#8 C:\wamp\www\yii\framework\yiilite.php(1645): CWebApplication->runController()
#9 C:\wamp\www\yii\framework\yiilite.php(1170): CWebApplication->processRequest()
#10 C:\wamp\www\bitbucket_publicidad\index.php(27): CWebApplication->run()
REQUEST_URI=/bitbucket_publicidad/index.php/product/create
2015/02/12 18:18:02 [error] [php] Object of class ProductController could not be converted to string (C:\wamp\www\bitbucket_publicidad\protected\controllers\ProductController.php:151)
Stack trace:
#0 C:\wamp\www\yii\framework\yiilite.php(6405): ProductController->runAction()
#1 C:\wamp\www\yii\framework\yiilite.php(6414): CFilterChain->run()
#2 C:\wamp\www\yii\framework\yiilite.php(3781): CAccessControlFilter->filter()
#3 C:\wamp\www\yii\framework\yiilite.php(6447): ProductController->filterAccessControl()
#4 C:\wamp\www\yii\framework\yiilite.php(6402): CInlineFilter->filter()
#5 C:\wamp\www\yii\framework\yiilite.php(3393): CFilterChain->run()
#6 C:\wamp\www\yii\framework\yiilite.php(3378): ProductController->runActionWithFilters()
#7 C:\wamp\www\yii\framework\yiilite.php(1725): ProductController->run()
#8 C:\wamp\www\yii\framework\yiilite.php(1645): CWebApplication->runController()
#9 C:\wamp\www\yii\framework\yiilite.php(1170): CWebApplication->processRequest()
#10 C:\wamp\www\bitbucket_publicidad\index.php(27): CWebApplication->run()
REQUEST_URI=/bitbucket_publicidad/index.php/product/create
2015/02/12 18:23:49 [error] [php] Object of class ProductController could not be converted to string (C:\wamp\www\bitbucket_publicidad\protected\controllers\ProductController.php:151)
Stack trace:
#0 C:\wamp\www\yii\framework\yiilite.php(6405): ProductController->runAction()
#1 C:\wamp\www\yii\framework\yiilite.php(6414): CFilterChain->run()
#2 C:\wamp\www\yii\framework\yiilite.php(3781): CAccessControlFilter->filter()
#3 C:\wamp\www\yii\framework\yiilite.php(6447): ProductController->filterAccessControl()
#4 C:\wamp\www\yii\framework\yiilite.php(6402): CInlineFilter->filter()
#5 C:\wamp\www\yii\framework\yiilite.php(3393): CFilterChain->run()
#6 C:\wamp\www\yii\framework\yiilite.php(3378): ProductController->runActionWithFilters()
#7 C:\wamp\www\yii\framework\yiilite.php(1725): ProductController->run()
#8 C:\wamp\www\yii\framework\yiilite.php(1645): CWebApplication->runController()
#9 C:\wamp\www\yii\framework\yiilite.php(1170): CWebApplication->processRequest()
#10 C:\wamp\www\bitbucket_publicidad\index.php(27): CWebApplication->run()
REQUEST_URI=/bitbucket_publicidad/index.php/product/create
2015/02/12 18:24:57 [error] [php] Object of class ProductController could not be converted to string (C:\wamp\www\bitbucket_publicidad\protected\controllers\ProductController.php:151)
Stack trace:
#0 C:\wamp\www\yii\framework\yiilite.php(6405): ProductController->runAction()
#1 C:\wamp\www\yii\framework\yiilite.php(6414): CFilterChain->run()
#2 C:\wamp\www\yii\framework\yiilite.php(3781): CAccessControlFilter->filter()
#3 C:\wamp\www\yii\framework\yiilite.php(6447): ProductController->filterAccessControl()
#4 C:\wamp\www\yii\framework\yiilite.php(6402): CInlineFilter->filter()
#5 C:\wamp\www\yii\framework\yiilite.php(3393): CFilterChain->run()
#6 C:\wamp\www\yii\framework\yiilite.php(3378): ProductController->runActionWithFilters()
#7 C:\wamp\www\yii\framework\yiilite.php(1725): ProductController->run()
#8 C:\wamp\www\yii\framework\yiilite.php(1645): CWebApplication->runController()
#9 C:\wamp\www\yii\framework\yiilite.php(1170): CWebApplication->processRequest()
#10 C:\wamp\www\bitbucket_publicidad\index.php(27): CWebApplication->run()
REQUEST_URI=/bitbucket_publicidad/index.php/product/create
2015/02/12 18:27:36 [error] [php] Object of class ProductController could not be converted to string (C:\wamp\www\bitbucket_publicidad\protected\controllers\ProductController.php:151)
Stack trace:
#0 C:\wamp\www\yii\framework\yiilite.php(6405): ProductController->runAction()
#1 C:\wamp\www\yii\framework\yiilite.php(6414): CFilterChain->run()
#2 C:\wamp\www\yii\framework\yiilite.php(3781): CAccessControlFilter->filter()
#3 C:\wamp\www\yii\framework\yiilite.php(6447): ProductController->filterAccessControl()
#4 C:\wamp\www\yii\framework\yiilite.php(6402): CInlineFilter->filter()
#5 C:\wamp\www\yii\framework\yiilite.php(3393): CFilterChain->run()
#6 C:\wamp\www\yii\framework\yiilite.php(3378): ProductController->runActionWithFilters()
#7 C:\wamp\www\yii\framework\yiilite.php(1725): ProductController->run()
#8 C:\wamp\www\yii\framework\yiilite.php(1645): CWebApplication->runController()
#9 C:\wamp\www\yii\framework\yiilite.php(1170): CWebApplication->processRequest()
#10 C:\wamp\www\bitbucket_publicidad\index.php(27): CWebApplication->run()
REQUEST_URI=/bitbucket_publicidad/index.php/product/create
2015/02/12 18:28:11 [error] [php] Object of class ProductController could not be converted to string (C:\wamp\www\bitbucket_publicidad\protected\controllers\ProductController.php:151)
Stack trace:
#0 C:\wamp\www\yii\framework\yiilite.php(6405): ProductController->runAction()
#1 C:\wamp\www\yii\framework\yiilite.php(6414): CFilterChain->run()
#2 C:\wamp\www\yii\framework\yiilite.php(3781): CAccessControlFilter->filter()
#3 C:\wamp\www\yii\framework\yiilite.php(6447): ProductController->filterAccessControl()
#4 C:\wamp\www\yii\framework\yiilite.php(6402): CInlineFilter->filter()
#5 C:\wamp\www\yii\framework\yiilite.php(3393): CFilterChain->run()
#6 C:\wamp\www\yii\framework\yiilite.php(3378): ProductController->runActionWithFilters()
#7 C:\wamp\www\yii\framework\yiilite.php(1725): ProductController->run()
#8 C:\wamp\www\yii\framework\yiilite.php(1645): CWebApplication->runController()
#9 C:\wamp\www\yii\framework\yiilite.php(1170): CWebApplication->processRequest()
#10 C:\wamp\www\bitbucket_publicidad\index.php(27): CWebApplication->run()
REQUEST_URI=/bitbucket_publicidad/index.php/product/create
2015/03/27 04:55:27 [error] [exception.CHttpException.404] exception 'CHttpException' with message 'The requested page does not exist.' in C:\wamp\www\bitbucket_publicidad\protected\controllers\ProductController.php:81
Stack trace:
#0 [internal function]: ProductController->actionDetail('italianspizza')
#1 C:\wamp\www\yii\framework\yiilite.php(3872): ReflectionMethod->invokeArgs(Object(ProductController), Array)
#2 C:\wamp\www\yii\framework\yiilite.php(3889): CAction->runWithParamsInternal(Object(ProductController), Object(ReflectionMethod), Array)
#3 C:\wamp\www\yii\framework\yiilite.php(3403): CInlineAction->runWithParams(Array)
#4 C:\wamp\www\yii\framework\yiilite.php(6405): CController->runAction(Object(CInlineAction))
#5 C:\wamp\www\yii\framework\yiilite.php(6414): CFilterChain->run()
#6 C:\wamp\www\yii\framework\yiilite.php(3781): CFilter->filter(Object(CFilterChain))
#7 C:\wamp\www\yii\framework\yiilite.php(6447): CController->filterAccessControl(Object(CFilterChain))
#8 C:\wamp\www\yii\framework\yiilite.php(6402): CInlineFilter->filter(Object(CFilterChain))
#9 C:\wamp\www\yii\framework\yiilite.php(3393): CFilterChain->run()
#10 C:\wamp\www\yii\framework\yiilite.php(3378): CController->runActionWithFilters(Object(CInlineAction), Array)
#11 C:\wamp\www\yii\framework\yiilite.php(1725): CController->run('detail')
#12 C:\wamp\www\yii\framework\yiilite.php(1645): CWebApplication->runController('product/detail/...')
#13 C:\wamp\www\yii\framework\yiilite.php(1170): CWebApplication->processRequest()
#14 C:\wamp\www\bitbucket_publicidad\index.php(27): CApplication->run()
#15 {main}
REQUEST_URI=/bitbucket_publicidad/index.php/product/detail/id/italianspizza
---
2015/03/27 04:55:32 [error] [exception.CHttpException.404] exception 'CHttpException' with message 'The requested page does not exist.' in C:\wamp\www\bitbucket_publicidad\protected\controllers\ProductController.php:81
Stack trace:
#0 [internal function]: ProductController->actionDetail('italians-pizza')
#1 C:\wamp\www\yii\framework\yiilite.php(3872): ReflectionMethod->invokeArgs(Object(ProductController), Array)
#2 C:\wamp\www\yii\framework\yiilite.php(3889): CAction->runWithParamsInternal(Object(ProductController), Object(ReflectionMethod), Array)
#3 C:\wamp\www\yii\framework\yiilite.php(3403): CInlineAction->runWithParams(Array)
#4 C:\wamp\www\yii\framework\yiilite.php(6405): CController->runAction(Object(CInlineAction))
#5 C:\wamp\www\yii\framework\yiilite.php(6414): CFilterChain->run()
#6 C:\wamp\www\yii\framework\yiilite.php(3781): CFilter->filter(Object(CFilterChain))
#7 C:\wamp\www\yii\framework\yiilite.php(6447): CController->filterAccessControl(Object(CFilterChain))
#8 C:\wamp\www\yii\framework\yiilite.php(6402): CInlineFilter->filter(Object(CFilterChain))
#9 C:\wamp\www\yii\framework\yiilite.php(3393): CFilterChain->run()
#10 C:\wamp\www\yii\framework\yiilite.php(3378): CController->runActionWithFilters(Object(CInlineAction), Array)
#11 C:\wamp\www\yii\framework\yiilite.php(1725): CController->run('detail')
#12 C:\wamp\www\yii\framework\yiilite.php(1645): CWebApplication->runController('product/detail/...')
#13 C:\wamp\www\yii\framework\yiilite.php(1170): CWebApplication->processRequest()
#14 C:\wamp\www\bitbucket_publicidad\index.php(27): CApplication->run()
#15 {main}
REQUEST_URI=/bitbucket_publicidad/index.php/product/detail/id/italians-pizza
---
2023/05/27 12:08:33 [error] [exception.CDbException] SQLSTATE[HY000] [1045] Access denied for user 'sidicweb_normal'@'localhost' (using password: YES)
2023/05/27 12:08:34 [error] [exception.CDbException] CDbException: CDbConnection failed to open the DB connection. in C:\Apache24\htdocs\publicidad\yii\framework\yiilite.php:8433
Stack trace:
#0 C:\Apache24\htdocs\publicidad\yii\framework\yiilite.php(8399): CDbConnection->open()
#1 C:\Apache24\htdocs\publicidad\yii\framework\yiilite.php(8388): CDbConnection->setActive(true)
#2 C:\Apache24\htdocs\publicidad\yii\framework\yiilite.php(1060): CDbConnection->init()
#3 C:\Apache24\htdocs\publicidad\yii\framework\yiilite.php(915): CModule->getComponent('db')
#4 C:\Apache24\htdocs\publicidad\themes\bootstrap\views\site\index.php(28): CModule->__get('db')
#5 C:\Apache24\htdocs\publicidad\yii\framework\yiilite.php(3419): require('C:\\Apache24\\htd...')
#6 C:\Apache24\htdocs\publicidad\yii\framework\yiilite.php(3398): CBaseController->renderInternal('C:\\Apache24\\htd...', Array, true)
#7 C:\Apache24\htdocs\publicidad\yii\framework\yiilite.php(3822): CBaseController->renderFile('C:\\Apache24\\htd...', Array, true)
#8 C:\Apache24\htdocs\publicidad\yii\framework\yiilite.php(3790): CController->renderPartial('index', Array, true)
#9 C:\Apache24\htdocs\publicidad\protected\controllers\SiteController.php(88): CController->render('index', Array)
#10 C:\Apache24\htdocs\publicidad\yii\framework\yiilite.php(4058): SiteController->actionIndex()
#11 C:\Apache24\htdocs\publicidad\yii\framework\yiilite.php(3570): CInlineAction->runWithParams(Array)
#12 C:\Apache24\htdocs\publicidad\yii\framework\yiilite.php(6743): CController->runAction(Object(CInlineAction))
#13 C:\Apache24\htdocs\publicidad\yii\framework\yiilite.php(6752): CFilterChain->run()
#14 C:\Apache24\htdocs\publicidad\yii\framework\yiilite.php(3948): CFilter->filter(Object(CFilterChain))
#15 C:\Apache24\htdocs\publicidad\yii\framework\yiilite.php(6785): CController->filterAccessControl(Object(CFilterChain))
#16 C:\Apache24\htdocs\publicidad\yii\framework\yiilite.php(6740): CInlineFilter->filter(Object(CFilterChain))
#17 C:\Apache24\htdocs\publicidad\yii\framework\yiilite.php(3560): CFilterChain->run()
#18 C:\Apache24\htdocs\publicidad\yii\framework\yiilite.php(3545): CController->runActionWithFilters(Object(CInlineAction), Array)
#19 C:\Apache24\htdocs\publicidad\yii\framework\yiilite.php(1746): CController->run('')
#20 C:\Apache24\htdocs\publicidad\yii\framework\yiilite.php(1666): CWebApplication->runController('')
#21 C:\Apache24\htdocs\publicidad\yii\framework\yiilite.php(1191): CWebApplication->processRequest()
#22 C:\Apache24\htdocs\publicidad\index.php(27): CApplication->run()
#23 {main}
REQUEST_URI=/publicidad/
---
2023/05/27 12:09:06 [error] [system.db.CDbCommand] CDbCommand::fetchAll() falló: SQLSTATE[42S02]: Base table or view not found: 1146 Table 'sidicweb_publicidad.product' doesn't exist. La sentencia SQL ejecutada fue: SELECT *
					FROM product
					WHERE active = 1 ORDER BY id desc.
2023/05/27 12:09:06 [error] [exception.CDbException] CDbException: CDbCommand falló al ejecutar la sentencia SQL: SQLSTATE[42S02]: Base table or view not found: 1146 Table 'sidicweb_publicidad.product' doesn't exist in C:\Apache24\htdocs\publicidad\yii\framework\yiilite.php:9341
Stack trace:
#0 C:\Apache24\htdocs\publicidad\yii\framework\yiilite.php(9264): CDbCommand->queryInternal('fetchAll', Array, Array)
#1 C:\Apache24\htdocs\publicidad\themes\bootstrap\views\site\index.php(31): CDbCommand->queryAll()
#2 C:\Apache24\htdocs\publicidad\yii\framework\yiilite.php(3419): require('C:\\Apache24\\htd...')
#3 C:\Apache24\htdocs\publicidad\yii\framework\yiilite.php(3398): CBaseController->renderInternal('C:\\Apache24\\htd...', Array, true)
#4 C:\Apache24\htdocs\publicidad\yii\framework\yiilite.php(3822): CBaseController->renderFile('C:\\Apache24\\htd...', Array, true)
#5 C:\Apache24\htdocs\publicidad\yii\framework\yiilite.php(3790): CController->renderPartial('index', Array, true)
#6 C:\Apache24\htdocs\publicidad\protected\controllers\SiteController.php(88): CController->render('index', Array)
#7 C:\Apache24\htdocs\publicidad\yii\framework\yiilite.php(4058): SiteController->actionIndex()
#8 C:\Apache24\htdocs\publicidad\yii\framework\yiilite.php(3570): CInlineAction->runWithParams(Array)
#9 C:\Apache24\htdocs\publicidad\yii\framework\yiilite.php(6743): CController->runAction(Object(CInlineAction))
#10 C:\Apache24\htdocs\publicidad\yii\framework\yiilite.php(6752): CFilterChain->run()
#11 C:\Apache24\htdocs\publicidad\yii\framework\yiilite.php(3948): CFilter->filter(Object(CFilterChain))
#12 C:\Apache24\htdocs\publicidad\yii\framework\yiilite.php(6785): CController->filterAccessControl(Object(CFilterChain))
#13 C:\Apache24\htdocs\publicidad\yii\framework\yiilite.php(6740): CInlineFilter->filter(Object(CFilterChain))
#14 C:\Apache24\htdocs\publicidad\yii\framework\yiilite.php(3560): CFilterChain->run()
#15 C:\Apache24\htdocs\publicidad\yii\framework\yiilite.php(3545): CController->runActionWithFilters(Object(CInlineAction), Array)
#16 C:\Apache24\htdocs\publicidad\yii\framework\yiilite.php(1746): CController->run('')
#17 C:\Apache24\htdocs\publicidad\yii\framework\yiilite.php(1666): CWebApplication->runController('')
#18 C:\Apache24\htdocs\publicidad\yii\framework\yiilite.php(1191): CWebApplication->processRequest()
#19 C:\Apache24\htdocs\publicidad\index.php(27): CApplication->run()
#20 {main}
REQUEST_URI=/publicidad/
---
2023/05/27 12:09:08 [error] [system.db.CDbCommand] CDbCommand::fetchAll() falló: SQLSTATE[42S02]: Base table or view not found: 1146 Table 'sidicweb_publicidad.product' doesn't exist. La sentencia SQL ejecutada fue: SELECT *
					FROM product
					WHERE active = 1 ORDER BY id desc.
2023/05/27 12:09:08 [error] [exception.CDbException] CDbException: CDbCommand falló al ejecutar la sentencia SQL: SQLSTATE[42S02]: Base table or view not found: 1146 Table 'sidicweb_publicidad.product' doesn't exist in C:\Apache24\htdocs\publicidad\yii\framework\yiilite.php:9341
Stack trace:
#0 C:\Apache24\htdocs\publicidad\yii\framework\yiilite.php(9264): CDbCommand->queryInternal('fetchAll', Array, Array)
#1 C:\Apache24\htdocs\publicidad\themes\bootstrap\views\site\index.php(31): CDbCommand->queryAll()
#2 C:\Apache24\htdocs\publicidad\yii\framework\yiilite.php(3419): require('C:\\Apache24\\htd...')
#3 C:\Apache24\htdocs\publicidad\yii\framework\yiilite.php(3398): CBaseController->renderInternal('C:\\Apache24\\htd...', Array, true)
#4 C:\Apache24\htdocs\publicidad\yii\framework\yiilite.php(3822): CBaseController->renderFile('C:\\Apache24\\htd...', Array, true)
#5 C:\Apache24\htdocs\publicidad\yii\framework\yiilite.php(3790): CController->renderPartial('index', Array, true)
#6 C:\Apache24\htdocs\publicidad\protected\controllers\SiteController.php(88): CController->render('index', Array)
#7 C:\Apache24\htdocs\publicidad\yii\framework\yiilite.php(4058): SiteController->actionIndex()
#8 C:\Apache24\htdocs\publicidad\yii\framework\yiilite.php(3570): CInlineAction->runWithParams(Array)
#9 C:\Apache24\htdocs\publicidad\yii\framework\yiilite.php(6743): CController->runAction(Object(CInlineAction))
#10 C:\Apache24\htdocs\publicidad\yii\framework\yiilite.php(6752): CFilterChain->run()
#11 C:\Apache24\htdocs\publicidad\yii\framework\yiilite.php(3948): CFilter->filter(Object(CFilterChain))
#12 C:\Apache24\htdocs\publicidad\yii\framework\yiilite.php(6785): CController->filterAccessControl(Object(CFilterChain))
#13 C:\Apache24\htdocs\publicidad\yii\framework\yiilite.php(6740): CInlineFilter->filter(Object(CFilterChain))
#14 C:\Apache24\htdocs\publicidad\yii\framework\yiilite.php(3560): CFilterChain->run()
#15 C:\Apache24\htdocs\publicidad\yii\framework\yiilite.php(3545): CController->runActionWithFilters(Object(CInlineAction), Array)
#16 C:\Apache24\htdocs\publicidad\yii\framework\yiilite.php(1746): CController->run('')
#17 C:\Apache24\htdocs\publicidad\yii\framework\yiilite.php(1666): CWebApplication->runController('')
#18 C:\Apache24\htdocs\publicidad\yii\framework\yiilite.php(1191): CWebApplication->processRequest()
#19 C:\Apache24\htdocs\publicidad\index.php(27): CApplication->run()
#20 {main}
REQUEST_URI=/publicidad/
---
2023/05/27 12:09:35 [error] [system.db.CDbCommand] CDbCommand::fetchAll() falló: SQLSTATE[42S02]: Base table or view not found: 1146 Table 'sidicweb_publicidad.product' doesn't exist. La sentencia SQL ejecutada fue: SELECT *
					FROM product
					WHERE active = 1 ORDER BY id desc.
2023/05/27 12:09:35 [error] [exception.CDbException] CDbException: CDbCommand falló al ejecutar la sentencia SQL: SQLSTATE[42S02]: Base table or view not found: 1146 Table 'sidicweb_publicidad.product' doesn't exist in C:\Apache24\htdocs\publicidad\yii\framework\yiilite.php:9341
Stack trace:
#0 C:\Apache24\htdocs\publicidad\yii\framework\yiilite.php(9264): CDbCommand->queryInternal('fetchAll', Array, Array)
#1 C:\Apache24\htdocs\publicidad\themes\bootstrap\views\site\index.php(31): CDbCommand->queryAll()
#2 C:\Apache24\htdocs\publicidad\yii\framework\yiilite.php(3419): require('C:\\Apache24\\htd...')
#3 C:\Apache24\htdocs\publicidad\yii\framework\yiilite.php(3398): CBaseController->renderInternal('C:\\Apache24\\htd...', Array, true)
#4 C:\Apache24\htdocs\publicidad\yii\framework\yiilite.php(3822): CBaseController->renderFile('C:\\Apache24\\htd...', Array, true)
#5 C:\Apache24\htdocs\publicidad\yii\framework\yiilite.php(3790): CController->renderPartial('index', Array, true)
#6 C:\Apache24\htdocs\publicidad\protected\controllers\SiteController.php(88): CController->render('index', Array)
#7 C:\Apache24\htdocs\publicidad\yii\framework\yiilite.php(4058): SiteController->actionIndex()
#8 C:\Apache24\htdocs\publicidad\yii\framework\yiilite.php(3570): CInlineAction->runWithParams(Array)
#9 C:\Apache24\htdocs\publicidad\yii\framework\yiilite.php(6743): CController->runAction(Object(CInlineAction))
#10 C:\Apache24\htdocs\publicidad\yii\framework\yiilite.php(6752): CFilterChain->run()
#11 C:\Apache24\htdocs\publicidad\yii\framework\yiilite.php(3948): CFilter->filter(Object(CFilterChain))
#12 C:\Apache24\htdocs\publicidad\yii\framework\yiilite.php(6785): CController->filterAccessControl(Object(CFilterChain))
#13 C:\Apache24\htdocs\publicidad\yii\framework\yiilite.php(6740): CInlineFilter->filter(Object(CFilterChain))
#14 C:\Apache24\htdocs\publicidad\yii\framework\yiilite.php(3560): CFilterChain->run()
#15 C:\Apache24\htdocs\publicidad\yii\framework\yiilite.php(3545): CController->runActionWithFilters(Object(CInlineAction), Array)
#16 C:\Apache24\htdocs\publicidad\yii\framework\yiilite.php(1746): CController->run('')
#17 C:\Apache24\htdocs\publicidad\yii\framework\yiilite.php(1666): CWebApplication->runController('')
#18 C:\Apache24\htdocs\publicidad\yii\framework\yiilite.php(1191): CWebApplication->processRequest()
#19 C:\Apache24\htdocs\publicidad\index.php(27): CApplication->run()
#20 {main}
REQUEST_URI=/publicidad/
---
2023/05/27 12:09:55 [error] [system.db.CDbCommand] CDbCommand::fetchAll() falló: SQLSTATE[42S02]: Base table or view not found: 1146 Table 'sidicweb_publicidad.product' doesn't exist. La sentencia SQL ejecutada fue: SELECT *
					FROM product
					WHERE active = 1 ORDER BY id desc.
2023/05/27 12:09:55 [error] [exception.CDbException] CDbException: CDbCommand falló al ejecutar la sentencia SQL: SQLSTATE[42S02]: Base table or view not found: 1146 Table 'sidicweb_publicidad.product' doesn't exist in C:\Apache24\htdocs\publicidad\yii\framework\yiilite.php:9341
Stack trace:
#0 C:\Apache24\htdocs\publicidad\yii\framework\yiilite.php(9264): CDbCommand->queryInternal('fetchAll', Array, Array)
#1 C:\Apache24\htdocs\publicidad\themes\bootstrap\views\site\index.php(31): CDbCommand->queryAll()
#2 C:\Apache24\htdocs\publicidad\yii\framework\yiilite.php(3419): require('C:\\Apache24\\htd...')
#3 C:\Apache24\htdocs\publicidad\yii\framework\yiilite.php(3398): CBaseController->renderInternal('C:\\Apache24\\htd...', Array, true)
#4 C:\Apache24\htdocs\publicidad\yii\framework\yiilite.php(3822): CBaseController->renderFile('C:\\Apache24\\htd...', Array, true)
#5 C:\Apache24\htdocs\publicidad\yii\framework\yiilite.php(3790): CController->renderPartial('index', Array, true)
#6 C:\Apache24\htdocs\publicidad\protected\controllers\SiteController.php(88): CController->render('index', Array)
#7 C:\Apache24\htdocs\publicidad\yii\framework\yiilite.php(4058): SiteController->actionIndex()
#8 C:\Apache24\htdocs\publicidad\yii\framework\yiilite.php(3570): CInlineAction->runWithParams(Array)
#9 C:\Apache24\htdocs\publicidad\yii\framework\yiilite.php(6743): CController->runAction(Object(CInlineAction))
#10 C:\Apache24\htdocs\publicidad\yii\framework\yiilite.php(6752): CFilterChain->run()
#11 C:\Apache24\htdocs\publicidad\yii\framework\yiilite.php(3948): CFilter->filter(Object(CFilterChain))
#12 C:\Apache24\htdocs\publicidad\yii\framework\yiilite.php(6785): CController->filterAccessControl(Object(CFilterChain))
#13 C:\Apache24\htdocs\publicidad\yii\framework\yiilite.php(6740): CInlineFilter->filter(Object(CFilterChain))
#14 C:\Apache24\htdocs\publicidad\yii\framework\yiilite.php(3560): CFilterChain->run()
#15 C:\Apache24\htdocs\publicidad\yii\framework\yiilite.php(3545): CController->runActionWithFilters(Object(CInlineAction), Array)
#16 C:\Apache24\htdocs\publicidad\yii\framework\yiilite.php(1746): CController->run('')
#17 C:\Apache24\htdocs\publicidad\yii\framework\yiilite.php(1666): CWebApplication->runController('')
#18 C:\Apache24\htdocs\publicidad\yii\framework\yiilite.php(1191): CWebApplication->processRequest()
#19 C:\Apache24\htdocs\publicidad\index.php(27): CApplication->run()
#20 {main}
REQUEST_URI=/publicidad/
---
2023/05/27 12:09:57 [error] [system.db.CDbCommand] CDbCommand::fetchAll() falló: SQLSTATE[42S02]: Base table or view not found: 1146 Table 'sidicweb_publicidad.product' doesn't exist. La sentencia SQL ejecutada fue: SELECT *
					FROM product
					WHERE active = 1 ORDER BY id desc.
2023/05/27 12:09:57 [error] [exception.CDbException] CDbException: CDbCommand falló al ejecutar la sentencia SQL: SQLSTATE[42S02]: Base table or view not found: 1146 Table 'sidicweb_publicidad.product' doesn't exist in C:\Apache24\htdocs\publicidad\yii\framework\yiilite.php:9341
Stack trace:
#0 C:\Apache24\htdocs\publicidad\yii\framework\yiilite.php(9264): CDbCommand->queryInternal('fetchAll', Array, Array)
#1 C:\Apache24\htdocs\publicidad\themes\bootstrap\views\site\index.php(31): CDbCommand->queryAll()
#2 C:\Apache24\htdocs\publicidad\yii\framework\yiilite.php(3419): require('C:\\Apache24\\htd...')
#3 C:\Apache24\htdocs\publicidad\yii\framework\yiilite.php(3398): CBaseController->renderInternal('C:\\Apache24\\htd...', Array, true)
#4 C:\Apache24\htdocs\publicidad\yii\framework\yiilite.php(3822): CBaseController->renderFile('C:\\Apache24\\htd...', Array, true)
#5 C:\Apache24\htdocs\publicidad\yii\framework\yiilite.php(3790): CController->renderPartial('index', Array, true)
#6 C:\Apache24\htdocs\publicidad\protected\controllers\SiteController.php(88): CController->render('index', Array)
#7 C:\Apache24\htdocs\publicidad\yii\framework\yiilite.php(4058): SiteController->actionIndex()
#8 C:\Apache24\htdocs\publicidad\yii\framework\yiilite.php(3570): CInlineAction->runWithParams(Array)
#9 C:\Apache24\htdocs\publicidad\yii\framework\yiilite.php(6743): CController->runAction(Object(CInlineAction))
#10 C:\Apache24\htdocs\publicidad\yii\framework\yiilite.php(6752): CFilterChain->run()
#11 C:\Apache24\htdocs\publicidad\yii\framework\yiilite.php(3948): CFilter->filter(Object(CFilterChain))
#12 C:\Apache24\htdocs\publicidad\yii\framework\yiilite.php(6785): CController->filterAccessControl(Object(CFilterChain))
#13 C:\Apache24\htdocs\publicidad\yii\framework\yiilite.php(6740): CInlineFilter->filter(Object(CFilterChain))
#14 C:\Apache24\htdocs\publicidad\yii\framework\yiilite.php(3560): CFilterChain->run()
#15 C:\Apache24\htdocs\publicidad\yii\framework\yiilite.php(3545): CController->runActionWithFilters(Object(CInlineAction), Array)
#16 C:\Apache24\htdocs\publicidad\yii\framework\yiilite.php(1746): CController->run('')
#17 C:\Apache24\htdocs\publicidad\yii\framework\yiilite.php(1666): CWebApplication->runController('')
#18 C:\Apache24\htdocs\publicidad\yii\framework\yiilite.php(1191): CWebApplication->processRequest()
#19 C:\Apache24\htdocs\publicidad\index.php(27): CApplication->run()
#20 {main}
REQUEST_URI=/publicidad/
---
2023/05/27 12:10:09 [error] [system.db.CDbCommand] CDbCommand::fetchAll() falló: SQLSTATE[42S02]: Base table or view not found: 1146 Table 'sidicweb_publicidad.product' doesn't exist. La sentencia SQL ejecutada fue: SELECT *
					FROM product
					WHERE active = 1 ORDER BY id desc.
2023/05/27 12:10:09 [error] [exception.CDbException] CDbException: CDbCommand falló al ejecutar la sentencia SQL: SQLSTATE[42S02]: Base table or view not found: 1146 Table 'sidicweb_publicidad.product' doesn't exist in C:\Apache24\htdocs\publicidad\yii\framework\yiilite.php:9341
Stack trace:
#0 C:\Apache24\htdocs\publicidad\yii\framework\yiilite.php(9264): CDbCommand->queryInternal('fetchAll', Array, Array)
#1 C:\Apache24\htdocs\publicidad\themes\bootstrap\views\site\index.php(31): CDbCommand->queryAll()
#2 C:\Apache24\htdocs\publicidad\yii\framework\yiilite.php(3419): require('C:\\Apache24\\htd...')
#3 C:\Apache24\htdocs\publicidad\yii\framework\yiilite.php(3398): CBaseController->renderInternal('C:\\Apache24\\htd...', Array, true)
#4 C:\Apache24\htdocs\publicidad\yii\framework\yiilite.php(3822): CBaseController->renderFile('C:\\Apache24\\htd...', Array, true)
#5 C:\Apache24\htdocs\publicidad\yii\framework\yiilite.php(3790): CController->renderPartial('index', Array, true)
#6 C:\Apache24\htdocs\publicidad\protected\controllers\SiteController.php(88): CController->render('index', Array)
#7 C:\Apache24\htdocs\publicidad\yii\framework\yiilite.php(4058): SiteController->actionIndex()
#8 C:\Apache24\htdocs\publicidad\yii\framework\yiilite.php(3570): CInlineAction->runWithParams(Array)
#9 C:\Apache24\htdocs\publicidad\yii\framework\yiilite.php(6743): CController->runAction(Object(CInlineAction))
#10 C:\Apache24\htdocs\publicidad\yii\framework\yiilite.php(6752): CFilterChain->run()
#11 C:\Apache24\htdocs\publicidad\yii\framework\yiilite.php(3948): CFilter->filter(Object(CFilterChain))
#12 C:\Apache24\htdocs\publicidad\yii\framework\yiilite.php(6785): CController->filterAccessControl(Object(CFilterChain))
#13 C:\Apache24\htdocs\publicidad\yii\framework\yiilite.php(6740): CInlineFilter->filter(Object(CFilterChain))
#14 C:\Apache24\htdocs\publicidad\yii\framework\yiilite.php(3560): CFilterChain->run()
#15 C:\Apache24\htdocs\publicidad\yii\framework\yiilite.php(3545): CController->runActionWithFilters(Object(CInlineAction), Array)
#16 C:\Apache24\htdocs\publicidad\yii\framework\yiilite.php(1746): CController->run('')
#17 C:\Apache24\htdocs\publicidad\yii\framework\yiilite.php(1666): CWebApplication->runController('')
#18 C:\Apache24\htdocs\publicidad\yii\framework\yiilite.php(1191): CWebApplication->processRequest()
#19 C:\Apache24\htdocs\publicidad\index.php(27): CApplication->run()
#20 {main}
REQUEST_URI=/publicidad/
---
2023/05/27 12:13:39 [error] [php] include(analyticstracking.php): failed to open stream: No such file or directory (C:\Apache24\htdocs\publicidad\themes\bootstrap\views\layouts\main.php:127)
Stack trace:
#0 C:\Apache24\htdocs\publicidad\yii\framework\yiilite.php(3398): SiteController->renderInternal()
#1 C:\Apache24\htdocs\publicidad\yii\framework\yiilite.php(3792): SiteController->renderFile()
#2 C:\Apache24\htdocs\publicidad\protected\controllers\SiteController.php(88): SiteController->render()
#3 C:\Apache24\htdocs\publicidad\yii\framework\yiilite.php(4058): SiteController->actionIndex()
#4 C:\Apache24\htdocs\publicidad\yii\framework\yiilite.php(3570): CInlineAction->runWithParams()
#5 C:\Apache24\htdocs\publicidad\yii\framework\yiilite.php(6743): SiteController->runAction()
#6 C:\Apache24\htdocs\publicidad\yii\framework\yiilite.php(6752): CFilterChain->run()
#7 C:\Apache24\htdocs\publicidad\yii\framework\yiilite.php(3948): CAccessControlFilter->filter()
#8 C:\Apache24\htdocs\publicidad\yii\framework\yiilite.php(6785): SiteController->filterAccessControl()
#9 C:\Apache24\htdocs\publicidad\yii\framework\yiilite.php(6740): CInlineFilter->filter()
#10 C:\Apache24\htdocs\publicidad\yii\framework\yiilite.php(3560): CFilterChain->run()
#11 C:\Apache24\htdocs\publicidad\yii\framework\yiilite.php(3545): SiteController->runActionWithFilters()
#12 C:\Apache24\htdocs\publicidad\yii\framework\yiilite.php(1746): SiteController->run()
#13 C:\Apache24\htdocs\publicidad\yii\framework\yiilite.php(1666): CWebApplication->runController()
#14 C:\Apache24\htdocs\publicidad\yii\framework\yiilite.php(1191): CWebApplication->processRequest()
#15 C:\Apache24\htdocs\publicidad\index.php(27): CWebApplication->run()
REQUEST_URI=/publicidad/
2023/05/27 12:29:26 [error] [exception.CHttpException.404] CHttpException: The requested page does not exist. in C:\Apache24\htdocs\publicidad\protected\controllers\ProductController.php:81
Stack trace:
#0 [internal function]: ProductController->actionView('detail')
#1 C:\Apache24\htdocs\publicidad\yii\framework\yiilite.php(4039): ReflectionMethod->invokeArgs(Object(ProductController), Array)
#2 C:\Apache24\htdocs\publicidad\yii\framework\yiilite.php(4056): CAction->runWithParamsInternal(Object(ProductController), Object(ReflectionMethod), Array)
#3 C:\Apache24\htdocs\publicidad\yii\framework\yiilite.php(3570): CInlineAction->runWithParams(Array)
#4 C:\Apache24\htdocs\publicidad\yii\framework\yiilite.php(6743): CController->runAction(Object(CInlineAction))
#5 C:\Apache24\htdocs\publicidad\yii\framework\yiilite.php(6752): CFilterChain->run()
#6 C:\Apache24\htdocs\publicidad\yii\framework\yiilite.php(3948): CFilter->filter(Object(CFilterChain))
#7 C:\Apache24\htdocs\publicidad\yii\framework\yiilite.php(6785): CController->filterAccessControl(Object(CFilterChain))
#8 C:\Apache24\htdocs\publicidad\yii\framework\yiilite.php(6740): CInlineFilter->filter(Object(CFilterChain))
#9 C:\Apache24\htdocs\publicidad\yii\framework\yiilite.php(3560): CFilterChain->run()
#10 C:\Apache24\htdocs\publicidad\yii\framework\yiilite.php(3545): CController->runActionWithFilters(Object(CInlineAction), Array)
#11 C:\Apache24\htdocs\publicidad\yii\framework\yiilite.php(1746): CController->run('view')
#12 C:\Apache24\htdocs\publicidad\yii\framework\yiilite.php(1666): CWebApplication->runController('product/view')
#13 C:\Apache24\htdocs\publicidad\yii\framework\yiilite.php(1191): CWebApplication->processRequest()
#14 C:\Apache24\htdocs\publicidad\index.php(27): CApplication->run()
#15 {main}
REQUEST_URI=/publicidad/product/detail?id=cortinas_acero_sotel
HTTP_REFERER=http://localhost/publicidad/product/hrbasculas
---
2023/05/27 12:29:32 [error] [exception.CHttpException.404] CHttpException: The requested page does not exist. in C:\Apache24\htdocs\publicidad\protected\controllers\ProductController.php:81
Stack trace:
#0 [internal function]: ProductController->actionView('detail')
#1 C:\Apache24\htdocs\publicidad\yii\framework\yiilite.php(4039): ReflectionMethod->invokeArgs(Object(ProductController), Array)
#2 C:\Apache24\htdocs\publicidad\yii\framework\yiilite.php(4056): CAction->runWithParamsInternal(Object(ProductController), Object(ReflectionMethod), Array)
#3 C:\Apache24\htdocs\publicidad\yii\framework\yiilite.php(3570): CInlineAction->runWithParams(Array)
#4 C:\Apache24\htdocs\publicidad\yii\framework\yiilite.php(6743): CController->runAction(Object(CInlineAction))
#5 C:\Apache24\htdocs\publicidad\yii\framework\yiilite.php(6752): CFilterChain->run()
#6 C:\Apache24\htdocs\publicidad\yii\framework\yiilite.php(3948): CFilter->filter(Object(CFilterChain))
#7 C:\Apache24\htdocs\publicidad\yii\framework\yiilite.php(6785): CController->filterAccessControl(Object(CFilterChain))
#8 C:\Apache24\htdocs\publicidad\yii\framework\yiilite.php(6740): CInlineFilter->filter(Object(CFilterChain))
#9 C:\Apache24\htdocs\publicidad\yii\framework\yiilite.php(3560): CFilterChain->run()
#10 C:\Apache24\htdocs\publicidad\yii\framework\yiilite.php(3545): CController->runActionWithFilters(Object(CInlineAction), Array)
#11 C:\Apache24\htdocs\publicidad\yii\framework\yiilite.php(1746): CController->run('view')
#12 C:\Apache24\htdocs\publicidad\yii\framework\yiilite.php(1666): CWebApplication->runController('product/view')
#13 C:\Apache24\htdocs\publicidad\yii\framework\yiilite.php(1191): CWebApplication->processRequest()
#14 C:\Apache24\htdocs\publicidad\index.php(27): CApplication->run()
#15 {main}
REQUEST_URI=/publicidad/product/detail?id=semillas_el_ranchito
HTTP_REFERER=http://localhost/publicidad/product/hrbasculas
---
2023/05/27 12:30:02 [error] [exception.CHttpException.404] CHttpException: The requested page does not exist. in C:\Apache24\htdocs\publicidad\protected\controllers\ProductController.php:81
Stack trace:
#0 [internal function]: ProductController->actionView('detail')
#1 C:\Apache24\htdocs\publicidad\yii\framework\yiilite.php(4039): ReflectionMethod->invokeArgs(Object(ProductController), Array)
#2 C:\Apache24\htdocs\publicidad\yii\framework\yiilite.php(4056): CAction->runWithParamsInternal(Object(ProductController), Object(ReflectionMethod), Array)
#3 C:\Apache24\htdocs\publicidad\yii\framework\yiilite.php(3570): CInlineAction->runWithParams(Array)
#4 C:\Apache24\htdocs\publicidad\yii\framework\yiilite.php(6743): CController->runAction(Object(CInlineAction))
#5 C:\Apache24\htdocs\publicidad\yii\framework\yiilite.php(6752): CFilterChain->run()
#6 C:\Apache24\htdocs\publicidad\yii\framework\yiilite.php(3948): CFilter->filter(Object(CFilterChain))
#7 C:\Apache24\htdocs\publicidad\yii\framework\yiilite.php(6785): CController->filterAccessControl(Object(CFilterChain))
#8 C:\Apache24\htdocs\publicidad\yii\framework\yiilite.php(6740): CInlineFilter->filter(Object(CFilterChain))
#9 C:\Apache24\htdocs\publicidad\yii\framework\yiilite.php(3560): CFilterChain->run()
#10 C:\Apache24\htdocs\publicidad\yii\framework\yiilite.php(3545): CController->runActionWithFilters(Object(CInlineAction), Array)
#11 C:\Apache24\htdocs\publicidad\yii\framework\yiilite.php(1746): CController->run('view')
#12 C:\Apache24\htdocs\publicidad\yii\framework\yiilite.php(1666): CWebApplication->runController('product/view')
#13 C:\Apache24\htdocs\publicidad\yii\framework\yiilite.php(1191): CWebApplication->processRequest()
#14 C:\Apache24\htdocs\publicidad\index.php(27): CApplication->run()
#15 {main}
REQUEST_URI=/publicidad/product/detail?id=enigma
HTTP_REFERER=http://localhost/publicidad/product/bizu
---
2023/05/27 12:31:56 [error] [exception.CHttpException.404] CHttpException: The requested page does not exist. in C:\Apache24\htdocs\publicidad\protected\controllers\ProductController.php:81
Stack trace:
#0 [internal function]: ProductController->actionView('productbizu')
#1 C:\Apache24\htdocs\publicidad\yii\framework\yiilite.php(4039): ReflectionMethod->invokeArgs(Object(ProductController), Array)
#2 C:\Apache24\htdocs\publicidad\yii\framework\yiilite.php(4056): CAction->runWithParamsInternal(Object(ProductController), Object(ReflectionMethod), Array)
#3 C:\Apache24\htdocs\publicidad\yii\framework\yiilite.php(3570): CInlineAction->runWithParams(Array)
#4 C:\Apache24\htdocs\publicidad\yii\framework\yiilite.php(6743): CController->runAction(Object(CInlineAction))
#5 C:\Apache24\htdocs\publicidad\yii\framework\yiilite.php(6752): CFilterChain->run()
#6 C:\Apache24\htdocs\publicidad\yii\framework\yiilite.php(3948): CFilter->filter(Object(CFilterChain))
#7 C:\Apache24\htdocs\publicidad\yii\framework\yiilite.php(6785): CController->filterAccessControl(Object(CFilterChain))
#8 C:\Apache24\htdocs\publicidad\yii\framework\yiilite.php(6740): CInlineFilter->filter(Object(CFilterChain))
#9 C:\Apache24\htdocs\publicidad\yii\framework\yiilite.php(3560): CFilterChain->run()
#10 C:\Apache24\htdocs\publicidad\yii\framework\yiilite.php(3545): CController->runActionWithFilters(Object(CInlineAction), Array)
#11 C:\Apache24\htdocs\publicidad\yii\framework\yiilite.php(1746): CController->run('view')
#12 C:\Apache24\htdocs\publicidad\yii\framework\yiilite.php(1666): CWebApplication->runController('product/view')
#13 C:\Apache24\htdocs\publicidad\yii\framework\yiilite.php(1191): CWebApplication->processRequest()
#14 C:\Apache24\htdocs\publicidad\index.php(27): CApplication->run()
#15 {main}
REQUEST_URI=/publicidad/product/productbizu
HTTP_REFERER=http://localhost/publicidad/product/enigma
---
